Time,ECG_Lead1
0,0.0014471785714285598
1,0.0014051785714286273
2,0.0014506071428571536
3,0.0014386071428571512
4,0.0014179285714285633
5,0.0014434285714285875
6,0.0014717142857142969
7,0.0014340000000000685
8,0.001428107142857168
9,0.0014915357142857744
10,0.001541250000000005
11,0.001536214285714215
12,0.001529571428571381
13,0.0015333214285713531
14,0.0015349285714285495
15,0.0015717857142856673
16,0.001580357142857076
17,0.0015768214285714574
18,0.0016220357142857824
19,0.0016361785714285608
20,0.0016557857142856847
21,0.001690714285714228
22,0.0016787142857142255
23,0.0016627500000000494
24,0.0016847142857143028
25,0.0016843928571429246
26,0.0016862142857143223
27,0.0016859999999999686
28,0.0016616785714285852
29,0.00167185714285719
30,0.0016742142857143196
31,0.001677857142857115
32,0.0016938214285714436
33,0.0016775357142857369
34,0.0016560000000000383
35,0.0016008214285714623
36,0.0015677142857143168
37,0.0015401785714285409
38,0.0015238928571428341
39,0.0015035357142857769
40,0.0014881071428571805
41,0.0014641071428571756
42,0.0014388214285713527
43,0.0014284285714285464
44,0.001414178571428591
45,0.0013966071428572187
46,0.0013776428571428516
47,0.0013992857142857268
48,0.0013973571428571522
49,0.001326642857142803
50,0.0012882857142856657
51,0.0012790714285715005
52,0.001285928571428536
53,0.0012883928571428426
54,0.0013006071428571988
55,0.0012878571428571104
56,0.001297178571428605
57,0.0012939642857142124
58,0.0012695357142856523
59,0.0012788571428571467
60,0.0012844285714285165
61,0.0012799285714286109
62,0.0012799285714286109
63,0.0012898928571428618
64,0.0012882857142856657
65,0.0012698571428571828
66,0.0012481071428571309
67,0.001251749999999926
68,0.0012578571428571803
69,0.0012623571428570862
70,0.001273714285714332
71,0.001251857142857103
72,0.00126578571428568
73,0.001275321428571376
74,0.0012455357142856472
75,0.0012448928571428906
76,0.0012618214285713542
77,0.001239642857142899
78,0.0012478928571429293
79,0.0012827142857142957
80,0.0012639642857142823
81,0.0012565714285713626
82,0.0012947142857142983
83,0.0013106785714286267
84,0.001294285714285743
85,0.0012784285714285914
86,0.001285928571428536
87,0.0013074642857142343
88,0.001302107142857218
89,0.001265249999999948
90,0.0012847500000000471
91,0.0013218214285713665
92,0.0013221428571428971
93,0.0012984642857142704
94,0.001275749999999931
95,0.0012848571428570718
96,0.0012936428571428342
97,0.0012916071428570827
98,0.001306499999999947
99,0.0012980357142857153
100,0.0012800357142857877
101,0.0012827142857142957
102,0.0013069285714285021
103,0.0012647142857142159
104,0.001215107142857162
105,0.0012626785714286168
106,0.00130821428571432
107,0.0012714642857142267
108,0.0012541071428572082
109,0.0012912857142857045
110,0.0012852857142857793
111,0.0012590357142856692
112,0.0012486428571428629
113,0.001265357142857125
114,0.0012726428571428678
115,0.001280249999999989
116,0.0012807857142857213
117,0.001272535714285691
118,0.001254642857142788
119,0.0012442499999999817
120,0.0012676071428570778
121,0.0012935357142856573
122,0.0012602142857143102
123,0.0012207857142857088
124,0.0012214285714286176
125,0.0012687857142857188
126,0.0012635357142857272
127,0.0012124285714285017
128,0.0012129642857142337
129,0.0012766071428571939
130,0.0012787499999999698
131,0.0012690000000000724
132,0.0012693214285714508
133,0.0012734999999999782
134,0.001241249999999943
135,0.0012263571428570788
136,0.0012572142857142715
137,0.00129257142857137
138,0.0013193571428572121
139,0.0013257857142856926
140,0.001293857142857188
141,0.0012879642857142872
142,0.0012949285714284997
143,0.0012842142857143152
144,0.0012538928571428545
145,0.0012277500000000734
146,0.0012256071428571453
147,0.00124639285714291
148,0.0012289285714285622
149,0.0012041785714286236
150,0.001215107142857162
151,0.0012200357142857752
152,0.0011996785714285657
153,0.001204071428571447
154,0.001221749999999996
155,0.0011888571428572041
156,0.0011590714285714756
157,0.0011840357142857679
158,0.001218535714285756
159,0.0012276428571428965
160,0.0012206785714285319
161,0.0011873571428571848
162,0.0011850000000000551
163,0.0012114642857142144
164,0.0012722142857143127
165,0.0014085000000000443
166,0.0015471428571429055
167,0.0017017499999999431
168,0.0018588214285714397
169,0.001935642857142891
170,0.0020061428571428864
171,0.002062821428571482
172,0.001861928571428503
173,0.001479428571428595
174,0.0011514642857143541
175,0.0009843214285714299
176,0.0009446785714286271
177,0.0008951785714285977
178,0.00088832142857141
179,0.0009275357142856576
180,0.000967499999999991
181,0.0010408928571428483
182,0.0010948928571427835
183,0.0011201785714286064
184,0.001146000000000009
185,0.0011564999999999922
186,0.00116100000000005
187,0.0012023571428570736
188,0.0012319285714286008
189,0.0012350357142856642
190,0.001241892857142852
191,0.0012516428571429014
192,0.0012406071428571863
193,0.0012394285714285454
194,0.0012410357142857416
195,0.0012261428571428772
196,0.001199999999999944
197,0.0012099642857143474
198,0.0012266785714286092
199,0.001266964285714321
200,0.00128196428571421
201,0.0012595714285714012
202,0.0012437142857142497
203,0.0012704999999999396
204,0.001285928571428536
205,0.0012793928571428787
206,0.0012817500000000086
207,0.0012986785714286242
208,0.0013051071428571046
209,0.0013358571428571204
210,0.0013848214285714176
211,0.001338321428571427
212,0.0013224642857142753
213,0.0013400357142856478
214,0.0013531071428571145
215,0.001368321428571357
216,0.0013837499999999534
217,0.0014257500000000383
218,0.0014639999999999987
219,0.0014573571428571645
220,0.0014325000000000492
221,0.0014629285714285345
222,0.0014711785714285647
223,0.0014461071428570956
224,0.0014932499999999952
225,0.00153578571428566
226,0.0015430714285714028
227,0.0015482142857142175
228,0.0015311785714285772
229,0.0015162857142857129
230,0.0015086785714285916
231,0.001516178571428536
232,0.001523571428571456
233,0.0015187500000000194
234,0.0015079285714285058
235,0.0014871428571428932
236,0.001480071428571504
237,0.001477714285714222
238,0.0014489999999999575
239,0.0014244642857142204
240,0.001422000000000066
241,0.0013825714285714647
242,0.001390821428571495
243,0.0013842857142856856
244,0.0013332857142857892
245,0.0012745714285714424
246,0.0012879642857142872
247,0.00133500000000001
248,0.0013063928571429224
249,0.0012138214285714963
250,0.0011916428571428891
251,0.0011774999999999583
252,0.0011366785714285144
253,0.0011654999999999559
254,0.0011854285714286102
255,0.001163892857142912
256,0.0011480357142857603
257,0.0011260714285713546
258,0.0011262857142857084
259,0.001141499999999951
260,0.0011207142857143383
261,0.0011079642857142501
262,0.0011033571428571674
263,0.001082999999999958
264,0.001073571428571439
265,0.0010603928571427954
266,0.0010521428571429172
267,0.001050107142857166
268,0.0010832142857143115
269,0.0010956428571428692
270,0.0010853571428570876
271,0.001080214285714273
272,0.0011033571428571674
273,0.0010956428571428692
274,0.0010794642857143394
275,0.0010604999999999723
276,0.001023857142857208
277,0.0010386428571428955
278,0.001067892857142892
279,0.0011101071428571783
280,0.0011146071428570841
281,0.0010638214285713893
282,0.001073571428571439
283,0.0011087142857143359
284,0.0011240357142857553
285,0.0011383928571428877
286,0.0010922142857142754
287,0.0010760357142857455
288,0.0011108571428571118
289,0.0010843928571428003
290,0.0010957500000000461
291,0.0011202857142857832
292,0.0011165357142856587
293,0.0011087142857143359
294,0.00109917857142864
295,0.0010623214285713698
296,0.0010821428571428475
297,0.0011065714285714075
298,0.0011093571428570925
299,0.0011145000000000595
300,0.0010869642857142838
301,0.001050535714285721
302,0.0010669285714286047
303,0.0011534999999999534
304,0.001134857142857117
305,0.0010826785714285795
306,0.0010825714285714026
307,0.0011033571428571674
308,0.001123178571428645
309,0.0011030357142857892
310,0.0010809642857143587
311,0.0010953214285714908
312,0.001118035714285678
313,0.0011103214285713798
314,0.0011064642857142306
315,0.0011527500000000199
316,0.0011652857142857543
317,0.00113474999999994
318,0.0011126785714285095
319,0.0011273571428571723
320,0.001132499999999987
321,0.001123178571428645
322,0.0011243571428571338
323,0.0011065714285714075
324,0.001132071428571432
325,0.0011720357142857654
326,0.0011449285714285448
327,0.0010816071428571153
328,0.0010774285714285879
329,0.0011048571428571867
330,0.00108353571428569
331,0.0010547142857142485
332,0.00109178571428572
333,0.001111928571428576
334,0.001123071428571468
335,0.0011178214285714764
336,0.0011196428571428742
337,0.0011452500000000755
338,0.0011739642857143398
339,0.0011170714285713907
340,0.0011073214285714935
341,0.0011261785714285315
342,0.001111392857142844
343,0.0011136428571427968
344,0.0011484642857143156
345,0.001166678571428597
346,0.0011551071428571496
347,0.0011438571428570806
348,0.0011248928571428657
349,0.0011366785714285144
350,0.0011536071428571303
351,0.0011890714285714057
352,0.0011893928571427839
353,0.0011752500000000055
354,0.0011799642857142649
355,0.0011868214285714526
356,0.0012244285714285042
357,0.0011783571428570687
358,0.0011224285714285592
359,0.0010910357142857865
360,0.0011031428571428136
361,0.0011178214285714764
362,0.0010878214285713942
363,0.0010602857142857707
364,0.0010698214285714666
365,0.0010878214285713942
366,0.0010938214285714715
367,0.0011038928571428994
368,0.0010922142857142754
369,0.0010713214285714859
370,0.0010811785714285602
371,0.001097999999999999
372,0.0010675714285713614
373,0.0010648928571428534
374,0.0011000357142857504
375,0.001077321428571411
376,0.001065107142857207
377,0.0010923214285714522
378,0.0011644285714286439
379,0.0012414642857142967
380,0.0013669285714285146
381,0.0015384642857143203
382,0.0017154642857143188
383,0.0018413571428570919
384,0.0019145357142857477
385,0.0019410000000000594
386,0.001798500000000049
387,0.0015197142857143067
388,0.0012381428571428797
389,0.0010101428571428325
390,0.0009294642857142321
391,0.0008746071428571867
392,0.0007868571428571971
393,0.0007763571428572139
394,0.000847607142857143
395,0.0009330000000000028
396,0.0009744642857143557
397,0.0010179642857143076
398,0.00105675
399,0.0010560000000000664
400,0.00106735714285716
401,0.0011182500000000318
402,0.001140321428571462
403,0.00111857142857141
404,0.0011322857142857857
405,0.0011457857142856552
406,0.0011140714285715044
407,0.001115142857142816
408,0.0011796428571428867
409,0.0011595000000000307
410,0.0011392499999999981
411,0.0011455714285714537
412,0.0011282142857142827
413,0.0011047500000000098
414,0.0011438571428570806
415,0.0011824285714285717
416,0.0011886428571428504
417,0.0011768571428572017
418,0.0011586428571429203
419,0.0011768571428572017
420,0.001174928571428627
421,0.001158749999999945
422,0.0011923928571428227
423,0.0012091071428570847
424,0.0012066428571429304
425,0.0012368571428572142
426,0.0012335357142856448
427,0.0012310714285714904
428,0.0012668571428571442
429,0.0012701785714285612
430,0.001239535714285722
431,0.0012923571428571684
432,0.0013751785714285448
433,0.001355035714285689
434,0.0013325357142857034
435,0.0013554642857142442
436,0.0013751785714285448
437,0.0013713214285713958
438,0.0013670357142856915
439,0.0013815000000000006
440,0.0014061428571429146
441,0.0014695714285713685
442,0.0014942142857142825
443,0.0014729999999999624
444,0.0014705357142856558
445,0.0014657142857142196
446,0.0014937857142857272
447,0.0014919642857143295
448,0.0014524285714285514
449,0.0014864999999999844
450,0.0014936785714285503
451,0.0014878928571428268
452,0.0014796428571427964
453,0.0014535000000000155
454,0.001400892857142923
455,0.0013771071428571194
456,0.0013867499999999922
457,0.001400250000000014
458,0.0013393928571428912
459,0.0012668571428571442
460,0.0012762857142856632
461,0.00128196428571421
462,0.001251321428571371
463,0.0012260357142857004
464,0.0011853214285714334
465,0.0011854285714286102
466,0.0011611071428570747
467,0.0011224285714285592
468,0.0011064642857142306
469,0.001118035714285678
470,0.0011634642857143568
471,0.0011082857142857806
472,0.0010686428571428255
473,0.0010733571428570851
474,0.0010616785714286131
475,0.001064571428571475
476,0.0010923214285714522
477,0.001104107142857101
478,0.0010711071428571321
479,0.0010492500000000556
480,0.0010597500000000387
481,0.0010775357142857648
482,0.0010910357142857865
483,0.0011042142857142778
484,0.0010899642857143226
485,0.0010792499999999856
486,0.001083428571428513
487,0.0010414285714285805
488,0.0010157142857143548
489,0.0010639285714285661
490,0.0010691785714285577
491,0.0010586785714285746
492,0.001094035714285673
493,0.0011106428571429105
494,0.001097999999999999
495,0.0011010000000000377
496,0.0011120357142857529
497,0.0011073214285714935
498,0.0010820357142856706
499,0.0010703571428571986
500,0.0010911428571428112
501,0.0010930714285713858
502,0.0010560000000000664
503,0.0010511785714286302
504,0.0011238214285714016
505,0.0011631428571428262
506,0.0010998214285713966
507,0.0010798928571428945
508,0.0010949999999999604
509,0.0010892142857142366
510,0.0010797857142857176
511,0.0010798928571428945
512,0.0010957500000000461
513,0.001122535714285736
514,0.0011054999999999436
515,0.001104107142857101
516,0.0011207142857143383
517,0.001116428571428634
518,0.0010929642857143611
519,0.0010949999999999604
520,0.0010960714285714243
521,0.0011102142857143552
522,0.0011117142857142222
523,0.0010987499999999325
524,0.0010944642857142282
525,0.0010782857142856983
526,0.00108674999999993
527,0.0011284285714286365
528,0.0011581071428571883
529,0.0011300357142856805
530,0.0011127857142856864
531,0.0011204999999999846
532,0.0011016428571427944
533,0.001103999999999924
534,0.001111392857142844
535,0.0011220000000000039
536,0.001119321428571496
537,0.0011000357142857504
538,0.0011095714285714463
539,0.0011349642857142936
540,0.0011153571428571699
541,0.001098642857142908
542,0.001104107142857101
543,0.0011133214285714186
544,0.001126392857142885
545,0.0010943571428572037
546,0.0010853571428570876
547,0.0011206071428571615
548,0.001131428571428523
549,0.0011375357142857773
550,0.0011008928571428608
551,0.0011222142857143576
552,0.0011394642857143517
553,0.0011094642857142694
554,0.00109735714285709
555,0.001094035714285673
556,0.0010836428571428668
557,0.0011215714285714488
558,0.0011750357142856517
559,0.0011931428571429084
560,0.001177821428571489
561,0.0011681785714286162
562,0.0011702142857142155
563,0.001157678571428633
564,0.0011567142857143457
565,0.0012099642857143474
566,0.0012259285714285235
567,0.0012163928571428276
568,0.0011947499999999524
569,0.0011996785714285657
570,0.0012408214285713878
571,0.00122517857142859
572,0.0011758928571429144
573,0.0011294999999999485
574,0.0011424642857142382
575,0.0011756785714285606
576,0.0011537142857143072
577,0.0011304642857142358
578,0.0011333571428570974
579,0.0011094642857142694
580,0.0011146071428570841
581,0.001133678571428628
582,0.0011351785714286474
583,0.0011401071428571083
584,0.0011471785714284976
585,0.0011602499999999643
586,0.0011730000000000527
587,0.0011444999999999895
588,0.001108178571428604
589,0.0011001428571429273
590,0.0011416071428571278
591,0.0011452500000000755
592,0.0011408571428571943
593,0.0012048214285713804
594,0.0012959999999999638
595,0.001407535714285757
596,0.0015600000000000186
597,0.001729821428571451
598,0.0018599999999999283
599,0.001927178571428507
600,0.0019923214285714865
601,0.001973357142857119
602,0.0017047499999999819
603,0.0013346785714286316
604,0.0010665000000000496
605,0.0009538928571427923
606,0.0009011785714285229
607,0.0008619642857142753
608,0.0008378571428570935
609,0.0008771785714285179
610,0.000967499999999991
611,0.0010496785714286107
612,0.001081928571428646
613,0.001123178571428645
614,0.0011862857142857207
615,0.0011748214285714502
616,0.0011845714285714998
617,0.0011740714285713644
618,0.0011639999999999366
619,0.0011835000000000357
620,0.0012116785714285682
621,0.0012496071428571502
622,0.0012386785714286117
623,0.0012365357142856835
624,0.001269107142857097
625,0.00125517857142852
626,0.0012710357142856716
627,0.0012781071428572132
628,0.0012651428571429234
629,0.0012632142857143488
630,0.0012613928571427989
631,0.001263107142857172
632,0.0012923571428571684
633,0.001293750000000011
634,0.0012888214285713977
635,0.001282499999999942
636,0.0012951428571428534
637,0.0013397142857142694
638,0.0013511785714285399
639,0.0013641428571428296
640,0.0013864285714286137
641,0.0013941428571429121
642,0.001395749999999956
643,0.0014020714285714116
644,0.0014144999999999694
645,0.0014266071428571487
646,0.0014326071428570738
647,0.0014457857142857174
648,0.0014573571428571645
649,0.0014717142857142969
650,0.0014797499999999733
651,0.0014696785714285454
652,0.0014772857142856667
653,0.0015394285714286074
654,0.0015634285714286125
655,0.0015337500000000607
656,0.001524107142857188
657,0.0015499285714285905
658,0.0015957857142856722
659,0.0016156071428571497
660,0.0015736071428572172
661,0.0015293571428571795
662,0.0015336428571428838
663,0.001575428571428615
664,0.001556357142857071
665,0.0015503571428571459
666,0.001550249999999969
667,0.0015403928571428947
668,0.00150664285714284
669,0.0014792142857142413
670,0.0014701071428571007
671,0.001451571428571441
672,0.0014341071428570931
673,0.0014207142857142483
674,0.0013888928571429205
675,0.0013777500000000285
676,0.0013910357142856964
677,0.001352785714285736
678,0.0012952500000000303
679,0.0012983571428570935
680,0.001281000000000075
681,0.001231714285714247
682,0.0012098571428571705
683,0.0012448928571428906
684,0.0012540000000000313
685,0.0011973214285714358
686,0.0011652857142857543
687,0.0011613214285714284
688,0.00118274999999995
689,0.0011821071428571933
690,0.0011495357142857798
691,0.0011510357142856468
692,0.001166678571428597
693,0.0011808214285713753
694,0.0011958214285714165
695,0.001169892857142837
696,0.0011574642857142793
697,0.0011697857142856601
698,0.0012127500000000322
699,0.0012398571428571005
700,0.0012529285714285672
701,0.0012542142857142327
702,0.0012470357142856667
703,0.0012607500000000422
704,0.001292999999999925
705,0.0013119642857142924
706,0.0012986785714286242
707,0.0012433928571428713
708,0.0012598928571429318
709,0.001295892857142787
710,0.0013043571428571709
711,0.0013339285714285458
712,0.0012905357142857707
713,0.0012476785714285756
714,0.001256357142857161
715,0.0013049999999999277
716,0.001333821428571369
717,0.0013097142857143394
718,0.0012922499999999915
719,0.0012901071428572156
720,0.001280357142857166
721,0.0012804642857143428
722,0.0013074642857142343
723,0.0013145357142857758
724,0.0013040357142856404
725,0.0012959999999999638
726,0.0012950357142856765
727,0.001313249999999958
728,0.0013179642857142175
729,0.0012912857142857045
730,0.00129996428571429
731,0.0013353214285713884
732,0.00132439285714285
733,0.0013088571428570767
734,0.0013300714285713968
735,0.0013025357142857734
736,0.0012781071428572132
737,0.0012870000000000002
738,0.0013164642857143502
739,0.0013129285714285797
740,0.001312714285714226
741,0.0013323214285715019
742,0.0013417500000000209
743,0.001331678571428593
744,0.0013049999999999277
745,0.0012838928571427845
746,0.0012488571428572166
747,0.001269750000000006
748,0.0013373571428571397
749,0.0013437857142857724
750,0.0012993214285713808
751,0.0012994285714285577
752,0.0013058571428571904
753,0.001303285714285707
754,0.001297071428571428
755,0.001300500000000022
756,0.0013041428571428173
757,0.0012984642857142704
758,0.0013022142857142427
759,0.001317214285714284
760,0.001281000000000075
761,0.00125700000000007
762,0.001266428571428589
763,0.0012912857142857045
764,0.0013511785714285399
765,0.001322250000000074
766,0.0012990000000000026
767,0.001318285714285748
768,0.0013194642857142368
769,0.0013138928571428668
770,0.0013092857142857843
771,0.0013049999999999277
772,0.0012940714285713893
773,0.0012902142857142403
774,0.001349464285714319
775,0.001381821428571379
776,0.0013652142857142938
777,0.0013398214285714463
778,0.0013613571428571446
779,0.0013852499999999729
780,0.0013858928571428817
781,0.0013907142857143182
782,0.001388999999999945
783,0.0013620000000000537
784,0.0013595357142857471
785,0.001359642857142924
786,0.0013722857142856831
787,0.0013691785714286197
788,0.0013336071428571676
789,0.0012713571428572023
790,0.001274142857142887
791,0.0013129285714285797
792,0.0013039285714286158
793,0.0012917142857142596
794,0.0013041428571428173
795,0.0013201071428571457
796,0.0013207500000000547
797,0.0012924642857143453
798,0.001259678571428578
799,0.0012571071428570946
800,0.0012994285714285577
801,0.0013133571428571348
802,0.0012828214285714725
803,0.0012487500000000398
804,0.0012265714285714323
805,0.0012612857142857742
806,0.0013196785714285906
807,0.0013298571428571953
808,0.0013967142857142431
809,0.001500642857142915
810,0.0015892500000000151
811,0.0017815714285714331
812,0.00199392857142853
813,0.0021042857142856823
814,0.002180142857142846
815,0.002189249999999987
816,0.0019949999999999946
817,0.0016084285714285838
818,0.0012711428571428485
819,0.0011195357142856973
820,0.0010803214285714498
821,0.0010457142857142848
822,0.0009969642857143412
823,0.0009979285714286285
824,0.0010585714285713977
825,0.0011343214285713847
826,0.0011987142857142784
827,0.0012206785714285319
828,0.0012347142857142858
829,0.00129439285714292
830,0.0013296428571428415
831,0.0013460357142857252
832,0.0013370357142857615
833,0.0013251428571427835
834,0.0013368214285714077
835,0.0013405714285713798
836,0.0013326428571428803
837,0.0013436785714285955
838,0.001379464285714249
839,0.0013521428571428272
840,0.0013399285714286232
841,0.00134560714285717
842,0.0013880357142856579
843,0.0014097857142857098
844,0.0013677857142857773
845,0.0013947857142856688
846,0.0014264999999999718
847,0.0014480357142856702
848,0.001465928571428573
849,0.0014334642857143365
850,0.0014027142857143207
851,0.0014417142857142144
852,0.0014870357142857163
853,0.0014496428571428664
854,0.0014386071428571512
855,0.0014943214285714594
856,0.0015049285714286193
857,0.0015020357142857576
858,0.0015199285714285083
859,0.0015263571428571407
860,0.0015390000000000523
861,0.001548642857142925
862,0.0015551785714285821
863,0.0015838928571428467
864,0.0016151785714285946
865,0.0016185000000000116
866,0.0016107857142857135
867,0.0016034999999999704
868,0.0016253571428571994
869,0.001643892857142859
870,0.0016829999999999298
871,0.0017106428571428823
872,0.0016871785714286094
873,0.0016471071428570993
874,0.0016504285714285163
875,0.0017111785714286145
876,0.0017050714285713603
877,0.0016619999999999634
878,0.0016647857142856484
879,0.0016805357142857754
880,0.001677321428571383
881,0.0016770000000000047
882,0.0016599642857142122
883,0.0016350000000000722
884,0.001588071428571374
885,0.0015630000000000572
886,0.001556892857142803
887,0.001541250000000005
888,0.0014998928571428292
889,0.0014569285714286094
890,0.001476214285714355
891,0.0014417142857142144
892,0.0014117142857142844
893,0.0013766785714285643
894,0.0013500000000000512
895,0.0013640357142856527
896,0.001352357142857181
897,0.0013231071428571844
898,0.0012704999999999396
899,0.0012590357142856692
900,0.0012755357142857297
901,0.0012848571428570718
902,0.0012611785714285973
903,0.0012256071428571453
904,0.0012219642857143498
905,0.0012598928571429318
906,0.0012766071428571939
907,0.0012577500000000034
908,0.0012507857142856388
909,0.0012678214285714315
910,0.0012602142857143102
911,0.001222285714285728
912,0.0012094285714286152
913,0.0012478928571429293
914,0.001239642857142899
915,0.0012260357142857004
916,0.0012320357142857777
917,0.001255928571428606
918,0.0012511071428571695
919,0.0012327857142857112
920,0.001224642857142858
921,0.001227964285714275
922,0.0012197142857142446
923,0.001264178571428636
924,0.0012589285714286445
925,0.001224642857142858
926,0.0012320357142857777
927,0.001264178571428636
928,0.0012681428571428097
929,0.0012486428571428629
930,0.001230107142857203
931,0.0012560357142857826
932,0.0012732857142857767
933,0.0012776785714285056
934,0.0012715714285714036
935,0.0012402857142856558
936,0.0012411428571429185
937,0.0012458571428571779
938,0.0012648214285713927
939,0.0012523928571428352
940,0.0012453214285714459
941,0.0012508928571428157
942,0.0012862500000000664
943,0.001291071428571503
944,0.0012610714285714206
945,0.0012509999999999926
946,0.001249714285714327
947,0.0012475714285713987
948,0.0012579642857143572
949,0.0012509999999999926
950,0.0012693214285714508
951,0.0012948214285714752
952,0.0012713571428572023
953,0.0012540000000000313
954,0.0012804642857143428
955,0.0012414642857142967
956,0.0012326785714285343
957,0.0012438214285714264
958,0.0012427499999999624
959,0.001265892857142857
960,0.0012377142857143246
961,0.0012394285714285454
962,0.0012834642857142294
963,0.0012766071428571939
964,0.001271892857142782
965,0.001258499999999937
966,0.001250250000000059
967,0.0012386785714286117
968,0.0012378214285715015
969,0.0012233571428571922
970,0.00122839285714283
971,0.0012755357142857297
972,0.0012990000000000026
973,0.0012895714285714836
974,0.001275321428571376
975,0.0012540000000000313
976,0.001236321428571482
977,0.0012587142857142907
978,0.0012785357142857683
979,0.0012587142857142907
980,0.0012474642857142218
981,0.0012459642857143547
982,0.0012714642857142267
983,0.0012621428571428846
984,0.0012445714285713601
985,0.0012778928571428594
986,0.0012895714285714836
987,0.0012901071428572156
988,0.001270928571428647
989,0.0012290357142857391
990,0.0012575357142856499
991,0.0013074642857142343
992,0.0013061785714285686
993,0.0012906428571427954
994,0.0012940714285713893
995,0.0013261071428570708
996,0.001337892857142872
997,0.0013436785714285955
998,0.0013704642857142854
999,0.0013951071428571992
1000,0.0013626428571428104
1001,0.0013347857142856562
1002,0.0013094999999999856
1003,0.0012738214285713566
1004,0.0012683571428571635
1005,0.0012722142857143127
1006,0.0012706071428571163
1007,0.0012711428571428485
1008,0.0012393214285713685
1009,0.0012443571428571586
1010,0.0012656785714285032
1011,0.0012577500000000034
1012,0.0012609642857142438
1013,0.0012800357142857877
1014,0.0012618214285713542
1015,0.0012481071428571309
1016,0.0012523928571428352
1017,0.0012347142857142858
1018,0.0012315000000000457
1019,0.001240714285714211
1020,0.0012364285714285066
1021,0.001211892857142922
1022,0.0012370714285714155
1023,0.0013300714285713968
1024,0.0014356071428571124
1025,0.0015706071428571785
1026,0.0016993928571428134
1027,0.0018217499999999681
1028,0.0019777500000000003
1029,0.002055642857142916
1030,0.00205757142857149
1031,0.001990071428571381
1032,0.0017488928571428428
1033,0.0013903928571427876
1034,0.0011097857142856478
1035,0.0010370357142856993
1036,0.0010291071428571996
1037,0.0009763928571429302
1038,0.0009473571428571351
1039,0.00099492857142859
1040,0.0010535357142857599
1041,0.0011290714285713932
1042,0.001196678571428527
1043,0.0012358928571429269
1044,0.001251321428571371
1045,0.0012581785714285588
1046,0.0013227857142856538
1047,0.0013415357142856671
1048,0.0013214999999999883
1049,0.0012801428571428122
1050,0.0012933214285714557
1051,0.001320964285714256
1052,0.0013607142857142358
1053,0.001382357142857111
1054,0.0013417500000000209
1055,0.0013753928571428986
1056,0.0014137500000000359
1057,0.0013971428571427985
1058,0.0013781785714285836
1059,0.0013685357142857108
1060,0.001380214285714335
1061,0.0013998214285714588
1062,0.001390178571428586
1063,0.001413535714285682
1064,0.0014182499999999417
1065,0.0014238214285714637
1066,0.0014298214285713888
1067,0.0014315357142857619
1068,0.0014445000000000516
1069,0.0014346428571428253
1070,0.001477178571428642
1071,0.0015238928571428341
1072,0.0014911071428570669
1073,0.0014876785714286252
1074,0.0015129642857142959
1075,0.0015152142857142487
1076,0.001531285714285754
1077,0.0015767142857142805
1078,0.0016024285714285062
1079,0.0015991071428570892
1080,0.001575964285714347
1081,0.001561928571428593
1082,0.0015855000000000428
1083,0.0016063928571428323
1084,0.0016163571428570833
1085,0.0016363928571429146
1086,0.0016538571428571102
1087,0.001674535714285698
1088,0.0016716428571428362
1089,0.0016576071428570825
1090,0.001660607142857121
1091,0.0016299642857142821
1092,0.0016047857142857884
1093,0.0016448571428571463
1094,0.0016508571428570714
1095,0.0016417499999999308
1096,0.0016167857142856386
1097,0.0016078928571428516
1098,0.0016036071428571473
1099,0.0015872142857142636
1100,0.0015696428571428912
1101,0.0015528214285714524
1102,0.0015147857142856936
1103,0.0014784642857143078
1104,0.0014783571428571309
1105,0.0014335714285713611
1106,0.0013860000000000586
1107,0.0013796785714286029
1108,0.0013521428571428272
1109,0.0013710000000000174
1110,0.001335428571428565
1111,0.001298250000000069
1112,0.0012996428571429115
1113,0.0012866785714286217
1114,0.0012870000000000002
1115,0.001281000000000075
1116,0.0012643928571428376
1117,0.001247999999999954
1118,0.0012371785714285924
1119,0.001205678571428643
1120,0.001162071428571362
1121,0.0012062142857142228
1122,0.0012432857142856944
1123,0.0012101785714285487
1124,0.0012034285714285378
1125,0.0011935714285714637
1126,0.0011912142857143338
1127,0.0012140357142856979
1128,0.001222285714285728
1129,0.0012160714285714494
1130,0.0012528214285713903
1131,0.0012453214285714459
1132,0.0011835000000000357
1133,0.0011747142857142733
1134,0.001201285714285762
1135,0.0012032142857143365
1136,0.0011944285714285741
1137,0.0011792142857143314
1138,0.0011630357142856493
1139,0.0012110357142856591
1140,0.0012731785714286
1141,0.0012811071428570995
1142,0.001251749999999926
1143,0.0012035357142857147
1144,0.0012021428571428723
1145,0.0012297857142856727
1146,0.0012169285714285598
1147,0.0012237857142857475
1148,0.001217249999999938
1149,0.0012088928571428832
1150,0.0012200357142857752
1151,0.0011993571428571873
1152,0.0012025714285714274
1153,0.0012110357142856591
1154,0.0012258214285714988
1155,0.001236321428571482
1156,0.0012325714285713575
1157,0.0012191785714285126
1158,0.0012003214285714746
1159,0.0012088928571428832
1160,0.0012353571428571947
1161,0.0012325714285713575
1162,0.001221214285714264
1163,0.0012062142857142228
1164,0.0012281785714286287
1165,0.001211785714285745
1166,0.0011817857142856626
1167,0.0012101785714285487
1168,0.0011924999999999995
1169,0.0011916428571428891
1170,0.0012023571428570736
1171,0.0012196071428570677
1172,0.0012384642857142581
1173,0.0012147857142857836
1174,0.0011814642857142844
1175,0.0011885357142856735
1176,0.0012020357142856954
1177,0.0012019285714285185
1178,0.0012252857142857668
1179,0.001247999999999954
1180,0.0012350357142856642
1181,0.0012262500000000541
1182,0.001183285714285682
1183,0.0011495357142857798
1184,0.0011764285714286466
1185,0.0012241071428571258
1186,0.0012347142857142858
1187,0.0012371785714285924
1188,0.001239535714285722
1189,0.0012327857142857112
1190,0.0012280714285714518
1191,0.0011885357142856735
1192,0.00118778571428574
1193,0.0012335357142856448
1194,0.0012296785714284958
1195,0.0012043928571428251
1196,0.0012131785714285875
1197,0.0012496071428571502
1198,0.0012460714285713794
1199,0.0012338571428571754
1200,0.0012425357142857609
1201,0.0012415714285714736
1202,0.0012342857142857307
1203,0.0012289285714285622
1204,0.001231821428571424
1205,0.0012239999999999489
1206,0.0011865000000000744
1207,0.0011668928571427982
1208,0.0011903571428570712
1209,0.0011907857142857787
1210,0.0011697857142856601
1211,0.001181678571428638
1212,0.0012055714285714662
1213,0.0011891785714285826
1214,0.0011676428571428842
1215,0.0011584285714285665
1216,0.0011767500000000248
1217,0.00119335714285711
1218,0.0011944285714285741
1219,0.0011919642857142674
1220,0.0011921785714286211
1221,0.0011787857142857763
1222,0.0011567142857143457
1223,0.0011480357142857603
1224,0.0011695714285714586
1225,0.0012086785714285294
1226,0.0012934285714286326
1227,0.0014165357142857209
1228,0.001538035714285765
1229,0.0016721785714285684
1230,0.001793999999999991
1231,0.0018851785714285743
1232,0.0019024285714285684
1233,0.0018370714285713876
1234,0.001619464285714299
1235,0.0012956785714285854
1236,0.0010584642857142208
1237,0.0009642857142857508
1238,0.0009576428571429168
1239,0.000938999999999928
1240,0.0009302142857143179
1241,0.0009018214285714318
1242,0.0009341785714286439
1243,0.0009983571428571838
1244,0.001057178571428555
1245,0.0011150357142856392
1246,0.0011639999999999366
1247,0.0011915357142857123
1248,0.0012195000000000432
1249,0.0012501428571428822
1250,0.0012244285714285042
1251,0.0012137142857143195
1252,0.001246928571428642
1253,0.0012781071428572132
1254,0.001266428571428589
1255,0.0012854999999999807
1256,0.0013252499999999604
1257,0.0013022142857142427
1258,0.001283142857142851
1259,0.00129439285714292
1260,0.0013245000000000268
1261,0.001341107142857112
1262,0.0013402500000000016
1263,0.0013369285714285846
1264,0.0013339285714285458
1265,0.001342285714285753
1266,0.001337785714285695
1267,0.0013361785714284989
1268,0.0013713214285713958
1269,0.0013865357142856384
1270,0.0013593214285713934
1271,0.0013574999999999956
1272,0.0013994999999999281
1273,0.0014352857142857342
1274,0.0014318571428571403
1275,0.001416857142857099
1276,0.0014240357142856653
1277,0.0014433214285714108
1278,0.001440321428571372
1279,0.0014633571428570896
1280,0.0014613214285714906
1281,0.0014882142857143574
1282,0.0015569999999999798
1283,0.001578750000000032
1284,0.0015694285714285376
1285,0.0015712499999999351
1286,0.0015643928571428998
1287,0.0015712499999999351
1288,0.00157264285714293
1289,0.001578107142857123
1290,0.0015800357142856975
1291,0.0015430714285714028
1292,0.0015789642857142335
1293,0.0016188214285713899
1294,0.0015979285714286006
1295,0.0015800357142856975
1296,0.0015609642857143057
1297,0.0015700714285714465
1298,0.0015322500000000414
1299,0.0015177857142857321
1300,0.0015243214285713895
1301,0.0015071785714285723
1302,0.0014758928571428243
1303,0.0014413928571428362
1304,0.0014167500000000744
1305,0.001390178571428586
1306,0.0013640357142856527
1307,0.0013286785714285542
1308,0.0013224642857142753
1309,0.0013235357142857395
1310,0.0012936428571428342
1311,0.0012738214285713566
1312,0.0012254999999999684
1313,0.0012235714285713938
1314,0.0012305357142857584
1315,0.001194535714285751
1316,0.001174500000000072
1317,0.001191750000000066
1318,0.0011736428571428093
1319,0.00117717857142858
1320,0.0011506071428570915
1321,0.0011177142857142996
1322,0.00112917857142857
1323,0.001169892857142837
1324,0.0011773928571427814
1325,0.00113657142857149
1326,0.0011060357142856755
1327,0.0010993928571428415
1328,0.0011161071428571034
1329,0.001108071428571427
1330,0.0011181428571428549
1331,0.0011223214285713823
1332,0.0011115000000000209
1333,0.001123071428571468
1334,0.0011065714285714075
1335,0.0011115000000000209
1336,0.0011103214285713798
1337,0.001130357142857211
1338,0.0011507142857142684
1339,0.0011102142857143552
1340,0.0011270357142856419
1341,0.0011183571428572086
1342,0.001098642857142908
1343,0.0011428928571427933
1344,0.001155428571428528
1345,0.0011647500000000223
1346,0.001153821428571484
1347,0.0011317500000000535
1348,0.001117499999999946
1349,0.0011309999999999678
1350,0.0011661428571428647
1351,0.0011615357142857822
1352,0.0011695714285714586
1353,0.0011485714285714925
1354,0.0011399999999999316
1355,0.001146535714285741
1356,0.0011395714285713763
1357,0.0011401071428571083
1358,0.0011305714285714127
1359,0.001139892857142907
1360,0.001160571428571495
1361,0.0011801785714286187
1362,0.0011776071428571352
1363,0.0011509285714286221
1364,0.0011434285714285255
1365,0.0011366785714285144
1366,0.0011440714285714344
1367,0.0011371071428570698
1368,0.0011109642857142887
1369,0.001111821428571399
1370,0.001133678571428628
1371,0.0011455714285714537
1372,0.001143750000000056
1373,0.001140428571428639
1374,0.001119214285714319
1375,0.0011076428571428717
1376,0.0011401071428571083
1377,0.0011706428571429228
1378,0.0011589642857142987
1379,0.0011410714285713956
1380,0.0011471785714284976
1381,0.0011583214285713897
1382,0.0011779285714285136
1383,0.001183928571428591
1384,0.0011682857142856409
1385,0.0011957142857142397
1386,0.0012082499999999743
1387,0.001194535714285751
1388,0.0011628214285714477
1389,0.0011824285714285717
1390,0.0012010714285714081
1391,0.001218428571428579
1392,0.0012098571428571705
1393,0.00118274999999995
1394,0.0011926071428571764
1395,0.0012055714285714662
1396,0.0011681785714286162
1397,0.0011267142857142635
1398,0.0011188928571427884
1399,0.001127999999999929
1400,0.0011159999999999265
1401,0.0011361428571427825
1402,0.0011797500000000636
1403,0.0011713928571428563
1404,0.0011140714285715044
1405,0.0011011071428572146
1406,0.0011215714285714488
1407,0.0011301428571428573
1408,0.0011261785714285315
1409,0.0011102142857143552
1410,0.0011161071428571034
1411,0.001130357142857211
1412,0.0011092500000000679
1413,0.0010878214285713942
1414,0.0011117142857142222
1415,0.0011752500000000055
1416,0.0012650357142857465
1417,0.0013509642857143385
1418,0.0014648571428571091
1419,0.0016154999999999729
1420,0.0017422500000000088
1421,0.0018420000000000008
1422,0.0019029642857143006
1423,0.0018850714285713974
1424,0.0017169642857143381
1425,0.0014195357142857594
1426,0.0011116071428571978
1427,0.0009442500000000719
1428,0.0008758928571428523
1429,0.0008522142857142256
1430,0.000871607142857148
1431,0.0008589642857142366
1432,0.0008757857142856754
1433,0.0009612857142857122
1434,0.0010623214285713698
1435,0.0010947857142857588
1436,0.0011361428571427825
1437,0.001195607142857215
1438,0.0011887500000000272
1439,0.0011707499999999474
1440,0.001131964285714255
1441,0.0011602499999999643
1442,0.0012122142857143002
1443,0.0012243214285714795
1444,0.0012054642857142893
1445,0.0011992500000000104
1446,0.0012544285714285864
1447,0.0012677142857142546
1448,0.0012411428571429185
1449,0.0012466071428571114
1450,0.0012700714285713843
1451,0.001285928571428536
1452,0.001286464285714268
1453,0.0013135714285714886
1454,0.001286464285714268
1455,0.001249071428571418
1456,0.0012671785714285224
1457,0.0012882857142856657
1458,0.0013142142857142452
1459,0.0013402500000000016
1460,0.0013292142857142864
1461,0.001317750000000016
1462,0.001344964285714261
1463,0.0013666071428571362
1464,0.001369499999999998
1465,0.0013932857142856493
1466,0.001414178571428591
1467,0.0013951071428571992
1468,0.001418142857142917
1469,0.0014792142857142413
1470,0.0014926071428570861
1471,0.0014843571428572082
1472,0.0014651785714286396
1473,0.0014585357142856534
1474,0.001485642857142874
1475,0.001509535714285702
1476,0.0015163928571428897
1477,0.0015467142857143504
1478,0.0015595714285714633
1479,0.0015424285714286461
1480,0.0015317142857143092
1481,0.001533535714285707
1482,0.0015286071428570937
1483,0.0015233571428571022
1484,0.0015341785714286158
1485,0.0015343928571428173
1486,0.0015231428571429006
1487,0.0015074999999999505
1488,0.0014979642857142546
1489,0.0014823214285714567
1490,0.0014648571428571091
1491,0.0014517857142856425
1492,0.0014341071428570931
1493,0.0013722857142856831
1494,0.0013117499999999386
1495,0.0013114285714285602
1496,0.001320964285714256
1497,0.0013330714285714354
1498,0.0012917142857142596
1499,0.0012665357142857658
1500,0.0012572142857142715
1501,0.0012192857142856895
1502,0.0011974285714286127
1503,0.001201178571428585
1504,0.0012022500000000492
1505,0.0011718214285714116
1506,0.0011467499999999425
1507,0.0011338928571428296
1508,0.0011221071428571807
1509,0.0011281071428571059
1510,0.0011163214285714572
1511,0.0010961785714286012
1512,0.001056107142857091
1513,0.0010537499999999612
1514,0.0010922142857142754
1515,0.001103999999999924
1516,0.0010766785714285021
1517,0.001075178571428635
1518,0.001059428571428508
1519,0.00104935714285708
1520,0.0010883571428571262
1521,0.001097892857142822
1522,0.0010516071428571853
1523,0.0010613571428570827
1524,0.001076892857142856
1525,0.0010509642857142764
1526,0.001056642857142823
1527,0.0010648928571428534
1528,0.0010373571428570775
1529,0.0010376785714286082
1530,0.0010816071428571153
1531,0.0011030357142857892
1532,0.0010811785714285602
1533,0.0010524642857142957
1534,0.0010770000000000328
1535,0.0011093571428570925
1536,0.0010990714285714631
1537,0.0010900714285714994
1538,0.001065107142857207
1539,0.0010578214285714641
1540,0.0010475357142856825
1541,0.0010565357142856462
1542,0.001100249999999952
1543,0.0011010000000000377
1544,0.0010857857142856427
1545,0.001056214285714268
1546,0.0010491428571428787
1547,0.0010344642857142159
1548,0.0010341428571428374
1549,0.0010697142857142897
1550,0.0010749642857142813
1551,0.001073571428571439
1552,0.0010895357142857672
1553,0.0010686428571428255
1554,0.0010609285714285274
1555,0.0010503214285713673
1556,0.001047857142857213
1557,0.0010859999999999965
1558,0.00105171428571421
1559,0.0009975000000000734
1560,0.0010168928571428434
1561,0.001076785714285679
1562,0.001044428571428619
1563,0.0010457142857142848
1564,0.001076785714285679
1565,0.001070785714285754
1566,0.00106735714285716
1567,0.001060071428571417
1568,0.001061250000000058
1569,0.0010432499999999782
1570,0.0010385357142857186
1571,0.0010504285714285442
1572,0.0010342500000000143
1573,0.00102675000000007
1574,0.0010708928571429308
1575,0.0010430357142857767
1576,0.0010147500000000675
1577,0.0010291071428571996
1578,0.0010582500000000192
1579,0.0010655357142857623
1580,0.001028249999999937
1581,0.0010036071428571754
1582,0.0010584642857142208
1583,0.001053857142857138
1584,0.0010676785714285382
1585,0.0010906071428570792
1586,0.0010814999999999384
1587,0.0010744285714285493
1588,0.001082999999999958
1589,0.00106178571428579
1590,0.0010548214285714254
1591,0.001055571428571359
1592,0.001030607142857219
1593,0.0010111071428571198
1594,0.001027178571428625
1595,0.0010307142857142436
1596,0.0009942857142856809
1597,0.0010250357142856969
1598,0.0010262142857143377
1599,0.0009844285714286068
1600,0.0010124999999999622
1601,0.0010614642857142596
1602,0.0010537499999999612
1603,0.0010610357142857043
1604,0.001038964285714274
1605,0.0009933214285713936
1606,0.000990321428571355
1607,0.001004249999999932
1608,0.0010011428571428686
1609,0.0010265357142857162
1610,0.0010972500000000654
1611,0.0012006428571428528
1612,0.0012571071428570946
1613,0.0013610357142857664
1614,0.0015432857142857566
1615,0.0017370000000000172
1616,0.0018121071428570954
1617,0.0018077142857142142
1618,0.0017730000000000246
1619,0.0015928928571428103
1620,0.001298250000000069
1621,0.0010119642857142302
1622,0.000865500000000046
1623,0.0008142857142856436
1624,0.0007543928571428081
1625,0.0007339285714285738
1626,0.0007664999999999875
1627,0.0008089285714286275
1628,0.000894964285714244
1629,0.0009838928571428746
1630,0.0010257857142857826
1631,0.0010336071428571055
1632,0.001032107142857086
1633,0.0010459285714286386
1634,0.0010862142857143502
1635,0.0010837500000000437
1636,0.0010622142857143453
1637,0.001085142857142886
1638,0.0010776428571427894
1639,0.0010607142857143258
1640,0.0010652142857142317
1641,0.0010942500000000268
1642,0.0011065714285714075
1643,0.0011078571428570732
1644,0.0011240357142857553
1645,0.001124678571428512
1646,0.001138071428571357
1647,0.0011272499999999954
1648,0.0011201785714286064
1649,0.0011434285714285255
1650,0.0011676428571428842
1651,0.0011244642857143106
1652,0.0011088214285713605
1653,0.0011470714285714732
1654,0.0011858571428571656
1655,0.0012023571428570736
1656,0.0011817857142856626
1657,0.0011818928571428395
1658,0.0012116785714285682
1659,0.001218428571428579
1660,0.001215214285714339
1661,0.0012029999999999827
1662,0.001241892857142852
1663,0.0012755357142857297
1664,0.0012862500000000664
1665,0.0012883928571428426
1666,0.0012949285714284997
1667,0.001279714285714257
1668,0.0013086428571428752
1669,0.001343892857142797
1670,0.0013624285714286088
1671,0.0013671428571428684
1672,0.0013733571428571473
1673,0.001385678571428528
1674,0.0013725000000000369
1675,0.001401321428571478
1676,0.0014032500000000527
1677,0.001365642857142849
1678,0.001359000000000015
1679,0.0013780714285714067
1680,0.001404750000000072
1681,0.0014143928571427925
1682,0.0013742142857142577
1683,0.0013153928571428863
1684,0.0013002857142856681
1685,0.0012962142857143176
1686,0.001271999999999959
1687,0.001285821428571359
1688,0.0012788571428571467
1689,0.001274785714285644
1690,0.001255821428571429
1691,0.0011987142857142784
1692,0.001169464285714282
1693,0.001133250000000073
1694,0.0011427857142857687
1695,0.0011374285714286004
1696,0.0010821428571428475
1697,0.0010390714285714506
1698,0.0010269642857142713
1699,0.00102675000000007
1700,0.0010429285714285998
1701,0.0010364999999999671
1702,0.0010258928571428073
1703,0.000988821428571488
1704,0.0009760714285713996
1705,0.0009792857142856398
1706,0.0009663214285715022
1707,0.0009861428571428276
1708,0.0009947142857142362
1709,0.000994178571428504
1710,0.0010041428571429074
1711,0.000988714285714311
1712,0.0009631071428571099
1713,0.0009578571428571183
1714,0.0009478928571428672
1715,0.0009485357142857762
1716,0.0009560357142857206
1717,0.0009999642857142278
1718,0.0010120714285714071
1719,0.0009891428571428662
1720,0.000970285714285676
1721,0.0009829285714285873
1722,0.0009886071428571342
1723,0.0009735000000000684
1724,0.0009991071428571174
1725,0.0010209642857143461
1726,0.001018714285714241
1727,0.0009881785714285789
1728,0.0010034999999999985
1729,0.0010100357142856556
1730,0.0009861428571428276
1731,0.0010137857142857802
1732,0.0010194642857143269
1733,0.0010203214285714373
1734,0.0010158214285713792
1735,0.001007678571428526
1736,0.001011535714285675
1737,0.0010050000000000178
1738,0.0010068214285714155
1739,0.0010084285714286117
1740,0.0010223571428571887
1741,0.0010303928571428653
1742,0.0009805714285714576
1743,0.0009530357142856819
1744,0.0009789642857142614
1745,0.0009927857142856616
1746,0.001006607142857214
1747,0.001011535714285675
1748,0.0009972857142857196
1749,0.0009991071428571174
1750,0.0010145357142857137
1751,0.0010207499999999926
1752,0.0010100357142856556
1753,0.0009935357142857473
1754,0.0009598928571428697
1755,0.0009732857142857146
1756,0.0010346785714285696
1757,0.0010153928571428241
1758,0.0009901071428571535
1759,0.0009984642857143607
1760,0.0010198928571428822
1761,0.001016035714285733
1762,0.0009636428571428419
1763,0.0009726428571428058
1764,0.0010050000000000178
1765,0.0009861428571428276
1766,0.0009714642857143169
1767,0.0009799285714285487
1768,0.0009835714285714964
1769,0.00098753571428567
1770,0.0010040357142857305
1771,0.0010096071428571005
1772,0.000992678571428637
1773,0.0009963214285714323
1774,0.0010040357142857305
1775,0.0009860357142856507
1776,0.0009691071428571872
1777,0.001004785714285664
1778,0.0010650000000000301
1779,0.001062857142857102
1780,0.0010234285714285005
1781,0.0010078928571428797
1782,0.001019249999999973
1783,0.0010436785714285333
1784,0.0010638214285713893
1785,0.0010886785714285046
1786,0.0010903928571428776
1787,0.0010774285714285879
1788,0.0010613571428570827
1789,0.0010644642857142981
1790,0.0010755000000000133
1791,0.0011145000000000595
1792,0.0011276785714285508
1793,0.0011008928571428608
1794,0.0010899642857143226
1795,0.0010983214285713774
1796,0.0011271428571428186
1797,0.0011195357142856973
1798,0.001103999999999924
1799,0.0010792499999999856
1800,0.0010398214285713843
1801,0.0010408928571428483
1802,0.0010463571428571937
1803,0.001043892857142887
1804,0.001053321428571406
1805,0.00102492857142852
1806,0.0010087499999999901
1807,0.001033285714285727
1808,0.001042714285714246
1809,0.001029535714285755
1810,0.0010426071428570691
1811,0.0010408928571428483
1812,0.001046785714285749
1813,0.0010437857142857102
1814,0.0010391785714286275
1815,0.0010150714285714457
1816,0.0010161428571429099
1817,0.0010743214285713724
1818,0.0011329285714285423
1819,0.0012110357142856591
1820,0.001327178571428535
1821,0.0014842500000000313
1822,0.0016418571428571077
1823,0.0017760000000000633
1824,0.0018880714285714362
1825,0.001957928571428523
1826,0.0018721071428571077
1827,0.0015785357142856782
1828,0.00120900000000006
1829,0.0009415714285714115
1830,0.0008434285714286156
1831,0.0008168571428571271
1832,0.0007646785714285897
1833,0.0007706785714285149
1834,0.0008101071428571162
1835,0.0008601428571428776
1836,0.0009548571428570796
1837,0.001039500000000006
1838,0.0010791428571428087
1839,0.0010761428571429224
1840,0.001047321428571481
1841,0.0010563214285714449
1842,0.001087928571428571
1843,0.001115249999999993
1844,0.0011467499999999425
1845,0.0011429999999999702
1846,0.0011500714285713595
1847,0.001142035714285683
1848,0.001133250000000073
1849,0.001143750000000056
1850,0.001146535714285741
1851,0.0011575714285714561
1852,0.001178892857142801
1853,0.0011701071428571908
1854,0.0011719285714285885
1855,0.0011992500000000104
1856,0.001227964285714275
1857,0.0012352500000000178
1858,0.0012337499999999985
1859,0.0012409285714285647
1860,0.0012332142857142665
1861,0.0012115714285713913
1862,0.001213499999999966
1863,0.0012476785714285756
1864,0.0012968571428570743
1865,0.001302107142857218
1866,0.0012912857142857045
1867,0.0012923571428571684
1868,0.0013062857142857455
1869,0.0013218214285713665
1870,0.0013376785714285181
1871,0.0013492499999999653
1872,0.0013207500000000547
1873,0.0013179642857142175
1874,0.001369071428571443
1875,0.0014014285714285027
1876,0.0014517857142856425
1877,0.0014952857142857465
1878,0.0014785714285714846
1879,0.0014268214285715025
1880,0.0014419285714285682
1881,0.001468821428571435
1882,0.0014802857142857055
1883,0.0014899285714285782
1884,0.0014802857142857055
1885,0.0014943214285714594
1886,0.0015007499999999396
1887,0.0014930357142856415
1888,0.0014898214285714014
1889,0.001499571428571451
1890,0.0014857500000000508
1891,0.0014584285714286287
1892,0.00144482142857143
1893,0.001403678571428608
1894,0.0013953214285714007
1895,0.0013775357142856747
1896,0.0013708928571428405
1897,0.0013722857142856831
1898,0.0013537500000000233
1899,0.0013213928571428114
1900,0.0012926785714285469
1901,0.00125517857142852
1902,0.0012226071428571065
1903,0.0011824285714285717
1904,0.0011912142857143338
1905,0.001174392857142895
1906,0.0011482499999999618
1907,0.0011564999999999922
1908,0.0011189999999999653
1909,0.0011289642857142163
1910,0.0011473928571428514
1911,0.0011216785714286256
1912,0.0011266071428570866
1913,0.0011250000000000426
1914,0.0010865357142857287
1915,0.0010549285714286023
1916,0.0010535357142857599
1917,0.001064035714285743
1918,0.0010639285714285661
1919,0.0010616785714286131
1920,0.0010516071428571853
1921,0.001053857142857138
1922,0.0010435714285713564
1923,0.0010426071428570691
1924,0.0010697142857142897
1925,0.0010682142857142704
1926,0.0010569642857143537
1927,0.0010530000000000277
1928,0.0010647857142856766
1929,0.0010711071428571321
1930,0.0010775357142857648
1931,0.0010809642857143587
1932,0.001102071428571502
1933,0.0010934999999999409
1934,0.001079571428571364
1935,0.0010690714285713809
1936,0.0010652142857142317
1937,0.0010789285714286072
1938,0.0010807500000000049
1939,0.0010963928571428028
1940,0.0011044285714286316
1941,0.0011044285714286316
1942,0.0011043214285714547
1943,0.0010782857142856983
1944,0.0010841785714285988
1945,0.0011100000000000014
1946,0.001123178571428645
1947,0.0011221071428571807
1948,0.0011075357142856948
1949,0.001107428571428518
1950,0.0011186785714285869
1951,0.0011043214285714547
1952,0.001111821428571399
1953,0.0011183571428572086
1954,0.0010743214285713724
1955,0.001064571428571475
1956,0.0010807500000000049
1957,0.0010966071428571565
1958,0.0011165357142856587
1959,0.001120821428571363
1960,0.0011146071428570841
1961,0.0011120357142857529
1962,0.0011153571428571699
1963,0.0010857857142856427
1964,0.0010816071428571153
1965,0.0010916785714285434
1966,0.0011097857142856478
1967,0.0011127857142856864
1968,0.001103571428571369
1969,0.0011069999999999628
1970,0.0010807500000000049
1971,0.001055571428571359
1972,0.001057285714285732
1973,0.0011045357142856563
1974,0.0011573571428571026
1975,0.0011363571428571362
1976,0.0011214642857142719
1977,0.0011355000000000258
1978,0.0011206071428571615
1979,0.0011155714285713714
1980,0.0011136428571427968
1981,0.0011048571428571867
1982,0.0011046428571428331
1983,0.0011255357142857746
1984,0.0011686071428571715
1985,0.0011645357142856686
1986,0.0011382857142857108
1987,0.0011478214285714067
1988,0.001138178571428534
1989,0.0011273571428571723
1990,0.0011373214285714235
1991,0.0011491071428570722
1992,0.0011613214285714284
1993,0.0012035357142857147
1994,0.0012460714285713794
1995,0.0012352500000000178
1996,0.0012042857142856482
1997,0.0011859642857143424
1998,0.0011621785714285389
1999,0.0011385000000000644
2000,0.0011313214285714984
2001,0.001106892857142786
2002,0.0010901785714285239
2003,0.0010726071428571516
2004,0.001064571428571475
2005,0.0010861071428571734
2006,0.0011187857142857637
2007,0.0011564999999999922
2008,0.0011385000000000644
2009,0.0010862142857143502
2010,0.0010891071428572121
2011,0.0011150357142856392
2012,0.0011218928571428272
2013,0.0011121428571429298
2014,0.0011016428571427944
2015,0.0010803214285714498
2016,0.0010757142857142148
2017,0.001069499999999936
2018,0.0011042142857142778
2019,0.001187142857142831
2020,0.0012944999999999446
2021,0.0014261785714285934
2022,0.0015775714285713909
2023,0.001740535714285788
2024,0.0018782142857142097
2025,0.0019325357142856753
2026,0.0019442142857142995
2027,0.0018629999999999671
2028,0.0015651428571428333
2029,0.001187142857142831
2030,0.000984214285714253
2031,0.0009366428571427983
2032,0.0008790000000000679
2033,0.0008241428571428701
2034,0.0008260714285714447
2035,0.0008837142857143274
2036,0.0009332142857143566
2037,0.000995892857142877
2038,0.0010909285714286096
2039,0.0011341071428571834
2040,0.0011480357142857603
2041,0.0011614285714286053
2042,0.0011567142857143457
2043,0.001163892857142912
2044,0.0011702142857142155
2045,0.001186071428571367
2046,0.001197107142857082
2047,0.0011960357142857703
2048,0.0012002142857142977
2049,0.001196142857142795
2050,0.0011784642857142456
2051,0.0011929285714285546
2052,0.0012231428571428385
2053,0.0012304285714285815
2054,0.0012262500000000541
2055,0.001275749999999931
2056,0.0013056428571428366
2057,0.0013026428571427978
2058,0.0012762857142856632
2059,0.0012688928571428957
2060,0.0012589285714286445
2061,0.0012887142857142208
2062,0.001316035714285643
2063,0.001305428571428635
2064,0.001328892857142908
2065,0.001332214285714325
2066,0.0013128214285714028
2067,0.0013068214285714777
2068,0.0013642500000000065
2069,0.001372928571428592
2070,0.0013340357142857227
2071,0.0013736785714285255
2072,0.0014290714285714553
2073,0.0014819999999999263
2074,0.00146603571428575
2075,0.0014494285714285126
2076,0.0014540357142857475
2077,0.001462178571428601
2078,0.0015030000000000449
2079,0.0015139285714285832
2080,0.0014929285714286168
2081,0.001506107142857108
2082,0.001553571428571386
2083,0.0015597857142856649
2084,0.0015632142857142587
2085,0.001548642857142925
2086,0.0015425357142856708
2087,0.0015728571428571315
2088,0.0015565714285714247
2089,0.0015038571428571553
2090,0.0014837142857142994
2091,0.0015045000000000642
2092,0.0015082500000000363
2093,0.0014868214285713626
2094,0.001468285714285703
2095,0.001445464285714339
2096,0.0014211428571428034
2097,0.0013943571428571134
2098,0.0013747499999999897
2099,0.0013659642857142273
2100,0.0013291071428571096
2101,0.001242428571428584
2102,0.0012018214285714939
2103,0.0012294642857142942
2104,0.0012713571428572023
2105,0.0012199285714285983
2106,0.0011701071428571908
2107,0.0011548928571427958
2108,0.0011443928571428128
2109,0.0011346428571429154
2110,0.0011128928571428633
2111,0.0011167500000000125
2112,0.0011142857142857057
2113,0.00109414285714285
2114,0.0010800000000000714
2115,0.001086321428571375
2116,0.001083964285714245
2117,0.001084714285714331
2118,0.0010652142857142317
2119,0.0010570714285713784
2120,0.0010653214285714085
2121,0.0010704642857142233
2122,0.0010496785714286107
2123,0.0010153928571428241
2124,0.0010293214285714012
2125,0.001046678571428572
2126,0.001080214285714273
2127,0.001049464285714257
2128,0.0010240714285714096
2129,0.001031571428571354
2130,0.0010760357142857455
2131,0.0010977857142856452
2132,0.0010639285714285661
2133,0.0010622142857143453
2134,0.001063392857142834
2135,0.0010448571428571744
2136,0.0010796785714285407
2137,0.001087392857142839
2138,0.0010565357142856462
2139,0.001062749999999925
2140,0.0010865357142857287
2141,0.001076785714285679
2142,0.0010765714285714775
2143,0.0010781785714285214
2144,0.0010591071428571297
2145,0.0010487142857143234
2146,0.0010696071428571128
2147,0.0010861071428571734
2148,0.0011004642857143055
2149,0.001105714285714297
2150,0.0010943571428572037
2151,0.0010639285714285661
2152,0.0010475357142856825
2153,0.0010659642857143174
2154,0.001079035714285784
2155,0.0010864285714285518
2156,0.001100678571428507
2157,0.0011018571428571481
2158,0.0010486071428571465
2159,0.001023321428571476
2160,0.0010892142857142366
2161,0.0011463214285713872
2162,0.001149857142857158
2163,0.0011241428571429322
2164,0.0011049642857142114
2165,0.0010899642857143226
2166,0.0010866428571429053
2167,0.0011036785714285458
2168,0.001107428571428518
2169,0.001133250000000073
2170,0.0010857857142856427
2171,0.001050642857142898
2172,0.0010709999999999552
2173,0.001073464285714262
2174,0.0010591071428571297
2175,0.0010401428571429148
2176,0.0010537499999999612
2177,0.001066714285714251
2178,0.0010870714285714607
2179,0.001091249999999988
2180,0.0010724999999999747
2181,0.0010791428571428087
2182,0.0010959642857142477
2183,0.0010923214285714522
2184,0.001062857142857102
2185,0.0010503214285713673
2186,0.0010729285714285298
2187,0.0011154642857143468
2188,0.00113657142857149
2189,0.001119321428571496
2190,0.0010752857142856595
2191,0.0010573928571429088
2192,0.0010960714285714243
2193,0.0011449285714285448
2194,0.001140428571428639
2195,0.001157142857142901
2196,0.0011269285714286172
2197,0.0010992857142856647
2198,0.001104107142857101
2199,0.001124678571428512
2200,0.001163892857142912
2201,0.0011885357142856735
2202,0.0011802857142856433
2203,0.0011752500000000055
2204,0.0011552142857143264
2205,0.0011544642857142407
2206,0.0011668928571427982
2207,0.0011487857142856938
2208,0.001130357142857211
2209,0.0010883571428571262
2210,0.001076785714285679
2211,0.0010482857142857683
2212,0.0010329642857143488
2213,0.0010540714285714918
2214,0.0010782857142856983
2215,0.001106892857142786
2216,0.001119214285714319
2217,0.0010927500000000073
2218,0.0010844999999999772
2219,0.001107428571428518
2220,0.0010997142857142198
2221,0.001084714285714331
2222,0.0010732500000000605
2223,0.0010652142857142317
2224,0.0010589999999999528
2225,0.0010711071428571321
2226,0.0010888928571428584
2227,0.0011132142857142417
2228,0.0011763214285714697
2229,0.0012520714285714568
2230,0.0013760357142856552
2231,0.0015387857142856985
2232,0.0016704642857143476
2233,0.001818428571428551
2234,0.0019172142857142558
2235,0.0019436785714285676
2236,0.0018201428571429242
2237,0.0014611071428571368
2238,0.001057928571428641
2239,0.0008687142857142861
2240,0.0008674285714286205
2241,0.0008292857142856848
2242,0.0007608214285714407
2243,0.0007728214285714431
2244,0.0008382857142856487
2245,0.0009347142857142237
2246,0.0009835714285714964
2247,0.0009833571428571426
2248,0.0010111071428571198
2249,0.0010417499999999587
2250,0.0010646785714284997
2251,0.0011022857142857032
2252,0.0011215714285714488
2253,0.0011293928571429238
2254,0.0011228571428571143
2255,0.0011100000000000014
2256,0.0011210357142857168
2257,0.0011471785714284976
2258,0.001129821428571479
2259,0.0011383928571428877
2260,0.0011318571428570782
2261,0.001146535714285741
2262,0.0011807142857143509
2263,0.0011635714285713813
2264,0.001160464285714318
2265,0.0011635714285713813
2266,0.001155857142857083
2267,0.0011615357142857822
2268,0.0011657142857143096
2269,0.001183821428571414
2270,0.001197214285714259
2271,0.0012208928571428856
2272,0.0012381428571428797
2273,0.001227857142857098
2274,0.0012227142857142834
2275,0.0012581785714285588
2276,0.0012738214285713566
2277,0.0012601071428571334
2278,0.0012698571428571828
2279,0.0012756428571429066
2280,0.001283678571428583
2281,0.0013465714285714574
2282,0.0013812857142856468
2283,0.001365642857142849
2284,0.0013332857142857892
2285,0.0013180714285713944
2286,0.0013750714285713681
2287,0.0014256428571428614
2288,0.0014348571428571789
2289,0.001413642857142859
2290,0.0014120357142856628
2291,0.0014244642857142204
2292,0.0014150357142857014
2293,0.001400892857142923
2294,0.001426392857142795
2295,0.0014441785714285212
2296,0.0014528571428571067
2297,0.0014473928571429135
2298,0.001432071428571494
2299,0.0014361428571428446
2300,0.0014427857142856786
2301,0.0014258571428572152
2302,0.001401321428571478
2303,0.0013947857142856688
2304,0.001389642857142854
2305,0.0013601785714285038
2306,0.001334464285714278
2307,0.0012820714285713868
2308,0.0012322499999999792
2309,0.001231714285714247
2310,0.0012322499999999792
2311,0.0012220714285713745
2312,0.0012180000000000238
2313,0.001199464285714212
2314,0.0011664642857142431
2315,0.0011455714285714537
2316,0.001129285714285747
2317,0.0011244642857143106
2318,0.0010841785714285988
2319,0.0010805357142856511
2320,0.0010733571428570851
2321,0.0010379999999999866
2322,0.0010291071428571996
2323,0.001012178571428584
2324,0.000995464285714322
2325,0.0010296428571429316
2326,0.0010512857142856546
2327,0.0010351071428571247
2328,0.001033285714285727
2329,0.0009997500000000262
2330,0.0009819642857143002
2331,0.0009985714285713852
2332,0.0010123928571427853
2333,0.0010224642857142134
2334,0.0010204285714286142
2335,0.0010214999999999261
2336,0.0010362857142857658
2337,0.001057928571428641
2338,0.0010364999999999671
2339,0.0010284642857142908
2340,0.0010451785714285526
2341,0.0010284642857142908
2342,0.001036178571428589
2343,0.0010136785714286033
2344,0.0009952499999999682
2345,0.0010312499999999755
2346,0.0010123928571427853
2347,0.0010302857142856885
2348,0.0010854642857142645
2349,0.0010794642857143394
2350,0.001036178571428589
2351,0.001042178571428514
2352,0.001057928571428641
2353,0.0010412142857142267
2354,0.0010496785714286107
2355,0.0010448571428571744
2356,0.0010240714285714096
2357,0.0010252500000000506
2358,0.0010457142857142848
2359,0.001053428571428583
2360,0.001077321428571411
2361,0.0010675714285713614
2362,0.0010459285714286386
2363,0.001045607142857108
2364,0.0010577142857142873
2365,0.0010329642857143488
2366,0.001009392857142899
2367,0.0010682142857142704
2368,0.0010947857142857588
2369,0.0010737857142856402
2370,0.0010436785714285333
2371,0.0010373571428570775
2372,0.0010589999999999528
2373,0.0010655357142857623
2374,0.0010762499999999468
2375,0.00106735714285716
2376,0.0010516071428571853
2377,0.0010931785714285627
2378,0.001029428571428578
2379,0.0009877500000000238
2380,0.001044428571428619
2381,0.0010833214285714883
2382,0.0010862142857143502
2383,0.0010669285714286047
2384,0.001046785714285749
2385,0.0010636071428571877
2386,0.0010699285714286435
2387,0.001044428571428619
2388,0.0010425000000000447
2389,0.0010497857142857875
2390,0.0010593214285714834
2391,0.0010683214285714473
2392,0.0010542857142856934
2393,0.0010303928571428653
2394,0.0010482857142857683
2395,0.0010546071428570716
2396,0.0010665000000000496
2397,0.0010886785714285046
2398,0.0010916785714285434
2399,0.00109178571428572
2400,0.001087392857142839
2401,0.0010888928571428584
2402,0.0011098928571428245
2403,0.001117607142857123
2404,0.0010990714285714631
2405,0.0011065714285714075
2406,0.0011276785714285508
2407,0.001137000000000045
2408,0.0011463214285713872
2409,0.0011644285714286439
2410,0.0011678571428570855
2411,0.0011524285714286414
2412,0.001129285714285747
2413,0.0011331428571428961
2414,0.0011277857142857276
2415,0.0010752857142856595
2416,0.0010535357142857599
2417,0.0010615714285714362
2418,0.0010791428571428087
2419,0.001050535714285721
2420,0.0010463571428571937
2421,0.001071214285714309
2422,0.0010928571428571842
2423,0.0010699285714286435
2424,0.0010733571428570851
2425,0.001081285714285737
2426,0.001053428571428583
2427,0.0010569642857143537
2428,0.0010276071428571803
2429,0.0010073571428571475
2430,0.0010474285714285056
2431,0.0010688571428571793
2432,0.0010545000000000472
2433,0.0010920000000000738
2434,0.001135392857142849
2435,0.0011977499999999911
2436,0.0013104642857142729
2437,0.001458857142857184
2438,0.0016397142857143315
2439,0.0017887499999999993
2440,0.0018613928571429232
2441,0.0018627857142857656
2442,0.0017691428571428756
2443,0.0014992500000000726
2444,0.0011593928571428538
2445,0.0009299999999999642
2446,0.0008321785714285467
2447,0.0008226428571428508
2448,0.0007808571428571197
2449,0.0007251428571428115
2450,0.0007612499999999959
2451,0.0009064285714285145
2452,0.0009965357142857861
2453,0.001014857142857092
2454,0.0010486071428571465
2455,0.0010570714285713784
2456,0.0010868571428571069
2457,0.0011034642857143443
2458,0.001128750000000015
2459,0.0011299285714285036
2460,0.0011278928571429045
2461,0.0011422500000000367
2462,0.0011471785714284976
2463,0.0011484642857143156
2464,0.0011491071428570722
2465,0.0011998928571429193
2466,0.0012057857142856675
2467,0.0011569285714285473
2468,0.0011503928571428902
2469,0.0011909999999999803
2470,0.0012216428571428192
2471,0.0012241071428571258
2472,0.001211785714285745
2473,0.0011835000000000357
2474,0.0011701071428571908
2475,0.001225714285714322
2476,0.0012545357142857633
2477,0.0012609642857142438
2478,0.0012633214285713735
2479,0.0012781071428572132
2480,0.00129257142857137
2481,0.001275321428571376
2482,0.0012906428571427954
2483,0.0013351071428571869
2484,0.0013308214285714826
2485,0.0013059642857142148
2486,0.0013173214285714606
2487,0.0013549285714285122
2488,0.00137003571428573
2489,0.0013825714285714647
2490,0.001408071428571489
2491,0.0014283214285713696
2492,0.001422000000000066
2493,0.0014491071428571344
2494,0.0014591785714285622
2495,0.0014348571428571789
2496,0.00142360714285711
2497,0.0014620714285714241
2498,0.0014837142857142994
2499,0.001493892857142904
2500,0.0015030000000000449
2501,0.0015224999999999917
2502,0.0015117857142856548
2503,0.0014998928571428292
2504,0.0014976428571428764
2505,0.001480071428571504
2506,0.0014433214285714108
2507,0.0014305714285714746
2508,0.001451571428571441
2509,0.0014507142857143305
2510,0.0014232857142857317
2511,0.0014073214285714032
2512,0.0013939285714285583
2513,0.0013475357142857444
2514,0.0013228928571428307
2515,0.0013018928571428643
2516,0.001303714285714262
2517,0.0012613928571427989
2518,0.0012332142857142665
2519,0.0012145714285714299
2520,0.0011813571428571075
2521,0.001153071428571398
2522,0.0011527500000000199
2523,0.0011695714285714586
2524,0.001153071428571398
2525,0.0011301428571428573
2526,0.0011120357142857529
2527,0.0011428928571427933
2528,0.001131428571428523
2529,0.0011014285714285928
2530,0.0010928571428571842
2531,0.0010871785714286375
2532,0.0010793571428571625
2533,0.0010942500000000268
2534,0.001097464285714267
2535,0.0011098928571428245
2536,0.0010967142857143334
2537,0.0010888928571428584
2538,0.0010786071428570767
2539,0.0010930714285713858
2540,0.0010886785714285046
2541,0.001076785714285679
2542,0.001069499999999936
2543,0.001057178571428555
2544,0.0010723928571427978
2545,0.0010983214285713774
2546,0.0011075357142856948
2547,0.0011032499999999905
2548,0.0010876071428571926
2549,0.0010925357142856538
2550,0.0010838571428570683
2551,0.0010811785714285602
2552,0.0011072142857143166
2553,0.0011030357142857892
2554,0.0010928571428571842
2555,0.0010788214285714303
2556,0.0011063571428572062
2557,0.0011368928571428682
2558,0.0011271428571428186
2559,0.0010931785714285627
2560,0.0010836428571428668
2561,0.0011215714285714488
2562,0.001139892857142907
2563,0.0011203928571428077
2564,0.0011062500000000293
2565,0.0011121428571429298
2566,0.0011186785714285869
2567,0.0011084999999999821
2568,0.001101321428571416
2569,0.0011138571428571506
2570,0.0011247857142856889
2571,0.0011026071428570817
2572,0.00108353571428569
2573,0.00109414285714285
2574,0.001133250000000073
2575,0.0011343214285713847
2576,0.0011269285714286172
2577,0.0011300357142856805
2578,0.0011177142857142996
2579,0.0011289642857142163
2580,0.0011245714285714875
2581,0.0011159999999999265
2582,0.0011283214285714596
2583,0.0010926428571428305
2584,0.001062857142857102
2585,0.0011274642857143492
2586,0.001159928571428586
2587,0.0011010000000000377
2588,0.001109035714285714
2589,0.001117499999999946
2590,0.0011273571428571723
2591,0.0011533928571429287
2592,0.001143750000000056
2593,0.0011248928571428657
2594,0.0011130000000000402
2595,0.0011327142857143408
2596,0.0011276785714285508
2597,0.001138178571428534
2598,0.00116335714285718
2599,0.0011500714285713595
2600,0.0011313214285714984
2601,0.0011523214285714645
2602,0.0011586428571429203
2603,0.0011506071428570915
2604,0.0011555357142857049
2605,0.0011503928571428902
2606,0.0011912142857143338
2607,0.0012084642857143279
2608,0.0012025714285714274
2609,0.0011906785714286018
2610,0.001181035714285729
2611,0.0011814642857142844
2612,0.0011462142857142103
2613,0.0011172857142857445
2614,0.0010964999999999797
2615,0.0010805357142856511
2616,0.0011311071428571446
2617,0.0011463214285713872
2618,0.0011294999999999485
2619,0.001142678571428592
2620,0.0011478214285714067
2621,0.0011242499999999569
2622,0.0010958571428570708
2623,0.0011203928571428077
2624,0.0011201785714286064
2625,0.0011016428571427944
2626,0.0011282142857142827
2627,0.0011116071428571978
2628,0.0011109642857142887
2629,0.0011486785714285171
2630,0.0011503928571428902
2631,0.0011955000000000381
2632,0.001294285714285743
2633,0.0013652142857142938
2634,0.0014836071428571225
2635,0.0016073571428571196
2636,0.0016848214285714797
2637,0.001759821428571381
2638,0.0018334285714285922
2639,0.0018092142857142335
2640,0.001591499999999968
2641,0.0012441428571428048
2642,0.001002750000000065
2643,0.0008982857142856611
2644,0.0008783571428571589
2645,0.0008752499999999433
2646,0.0008691428571428413
2647,0.000857035714285662
2648,0.0008812500000000207
2649,0.0009526071428571267
2650,0.0010502142857143429
2651,0.0010859999999999965
2652,0.0010954285714285155
2653,0.0011462142857142103
2654,0.0011546785714285945
2655,0.0011479285714285834
2656,0.001205678571428643
2657,0.0012155357142857172
2658,0.0012027857142857812
2659,0.0011975357142857896
2660,0.0012252857142857668
2661,0.0011927142857143533
2662,0.0011898214285714914
2663,0.001239535714285722
2664,0.0012566785714285395
2665,0.0012541071428572082
2666,0.0012638571428571054
2667,0.001271999999999959
2668,0.0012661071428572107
2669,0.0012446785714285368
2670,0.0012478928571429293
2671,0.0012556071428570753
2672,0.0012492857142857717
2673,0.001270392857142915
2674,0.0012853928571428038
2675,0.0013321071428571481
2676,0.001364571428571385
2677,0.001338321428571427
2678,0.0013334999999999907
2679,0.001341642857142844
2680,0.0013101428571428947
2681,0.0012714642857142267
2682,0.0013572857142856419
2683,0.0014384999999999743
2684,0.0014185714285714721
2685,0.0013797857142857797
2686,0.0013850357142857713
2687,0.001425321428571483
2688,0.0014426785714285017
2689,0.0014399999999999936
2690,0.0014341071428570931
2691,0.0014290714285714553
2692,0.0014624999999999792
2693,0.0015336428571428838
2694,0.0015395357142857842
2695,0.001502142857142782
2696,0.0014965714285714122
2697,0.0015076071428571274
2698,0.0015138214285714063
2699,0.0014984999999999868
2700,0.001501714285714227
2701,0.001509535714285702
2702,0.001509428571428525
2703,0.0014708571428571865
2704,0.001451464285714264
2705,0.0014704285714286312
2706,0.0014697857142857223
2707,0.00143421428571427
2708,0.0014417142857142144
2709,0.0014485714285714022
2710,0.0014015357142856796
2711,0.0013627499999999872
2712,0.001306499999999947
2713,0.0012933214285714557
2714,0.0012939642857142124
2715,0.0012740357142857104
2716,0.0012560357142857826
2717,0.0012219642857143498
2718,0.0011981785714285462
2719,0.0011982857142857231
2720,0.001179857142857088
2721,0.0011508214285714453
2722,0.00113978571428573
2723,0.0011256428571427993
2724,0.001129285714285747
2725,0.0011317500000000535
2726,0.0011030357142857892
2727,0.0011167500000000125
2728,0.0011300357142856805
2729,0.0011077500000000486
2730,0.0010781785714285214
2731,0.0010809642857143587
2732,0.001103571428571369
2733,0.0011098928571428245
2734,0.0011066785714285844
2735,0.0010925357142856538
2736,0.0011183571428572086
2737,0.0011060357142856755
2738,0.0010969285714285348
2739,0.0010766785714285021
2740,0.0010817142857142922
2741,0.0011089285714285374
2742,0.0011297142857143022
2743,0.0011473928571428514
2744,0.0011407500000000174
2745,0.001117607142857123
2746,0.0010894285714285904
2747,0.0010872857142856622
2748,0.0011061428571428524
2749,0.001099607142857195
2750,0.0011092500000000679
2751,0.0011008928571428608
2752,0.0011005714285714824
2753,0.0011334642857142743
2754,0.0011534999999999534
2755,0.0011511428571428237
2756,0.0011094642857142694
2757,0.001106892857142786
2758,0.001099607142857195
2759,0.001085250000000063
2760,0.001104107142857101
2761,0.0011373214285714235
2762,0.0011542500000000391
2763,0.0011488928571428707
2764,0.0010872857142856622
2765,0.0010808571428571818
2766,0.0011453571428571
2767,0.0011943214285713973
2768,0.001163250000000003
2769,0.0011408571428571943
2770,0.0011268214285714403
2771,0.0011153571428571699
2772,0.0011262857142857084
2773,0.0011289642857142163
2774,0.0011236071428572002
2775,0.0011232857142856696
2776,0.0011240357142857553
2777,0.0011562857142856384
2778,0.0011591785714285
2779,0.0011372142857142466
2780,0.0011583214285713897
2781,0.0011461071428571859
2782,0.0011201785714286064
2783,0.0011288571428571918
2784,0.0011509285714286221
2785,0.001184357142857146
2786,0.0012002142857142977
2787,0.0012042857142856482
2788,0.0011851071428570796
2789,0.001181142857142906
2790,0.0011711785714285025
2791,0.0011669999999999751
2792,0.001157142857142901
2793,0.0011642142857142903
2794,0.0012411428571429185
2795,0.00125517857142852
2796,0.0012196071428570677
2797,0.001207821428571419
2798,0.0012108214285714578
2799,0.0011916428571428891
2800,0.0011701071428571908
2801,0.0011424642857142382
2802,0.0011206071428571615
2803,0.0011527500000000199
2804,0.0011631428571428262
2805,0.001138607142857089
2806,0.0011140714285715044
2807,0.0010933928571429164
2808,0.0011153571428571699
2809,0.0011392499999999981
2810,0.001150500000000067
2811,0.0011748214285714502
2812,0.0011607857142856965
2813,0.0011217857142856503
2814,0.001101321428571416
2815,0.0010903928571428776
2816,0.0011229642857142912
2817,0.001157678571428633
2818,0.0011548928571427958
2819,0.0011630357142856493
2820,0.001204071428571447
2821,0.0013023214285714196
2822,0.001408607142857069
2823,0.001536321428571392
2824,0.0016765714285714496
2825,0.0018354642857143437
2826,0.0019136785714286373
2827,0.0019419642857143467
2828,0.0018478928571429012
2829,0.0015894642857142165
2830,0.0012394285714285454
2831,0.0009692142857142118
2832,0.0009041785714285615
2833,0.0008988214285713931
2834,0.0008602500000000544
2835,0.0008502857142856511
2836,0.0008791071428570924
2837,0.0009196071428571579
2838,0.000990321428571355
2839,0.0010324285714286166
2840,0.001057285714285732
2841,0.0011112857142856671
2842,0.001135821428571404
2843,0.0011417142857143047
2844,0.0011869285714286295
2845,0.0011995714285713889
2846,0.0011930357142857315
2847,0.0011973214285714358
2848,0.0011878928571429168
2849,0.0012051428571429109
2850,0.0012389999999999901
2851,0.0012468214285714652
2852,0.001249071428571418
2853,0.0012506785714286144
2854,0.001240714285714211
2855,0.0012402857142856558
2856,0.0012738214285713566
2857,0.0012957857142857623
2858,0.001271892857142782
2859,0.0012680357142857853
2860,0.0013029642857143285
2861,0.0012968571428570743
2862,0.001267500000000053
2863,0.0012879642857142872
2864,0.001318178571428571
2865,0.0013415357142856671
2866,0.0013380000000000488
2867,0.001351071428571363
2868,0.0013531071428571145
2869,0.0013388571428571592
2870,0.0013740000000000562
2871,0.0013839642857143071
2872,0.0014019642857142347
2873,0.001410321428571442
2874,0.001420178571428516
2875,0.001435928571428643
2876,0.0014418214285713913
2877,0.0014445000000000516
2878,0.0014757857142856474
2879,0.001489392857142846
2880,0.0014887499999999372
2881,0.0015103928571428124
2882,0.0015248571428571214
2883,0.0015024642857143127
2884,0.0014943214285714594
2885,0.0015136071428572047
2886,0.0015321428571428645
2887,0.0015281785714285384
2888,0.0015304285714286437
2889,0.0015402857142857178
2890,0.001512321428571387
2891,0.0015125357142857408
2892,0.0015184285714286412
2893,0.0015252857142856768
2894,0.001500000000000006
2895,0.0014528571428571067
2896,0.0014032500000000527
2897,0.0013918928571428069
2898,0.0013852499999999729
2899,0.0014119285714286381
2900,0.0013713214285713958
2901,0.0013252499999999604
2902,0.0012780000000000363
2903,0.0012421071428572058
2904,0.0012352500000000178
2905,0.0012153214285713634
2906,0.0012247500000000348
2907,0.001227857142857098
2908,0.0011960357142857703
2909,0.0011556428571428818
2910,0.0011391428571428212
2911,0.0011257499999999762
2912,0.0011405357142856636
2913,0.0011494285714286029
2914,0.00113978571428573
2915,0.001091892857142897
2916,0.0010803214285714498
2917,0.0011221071428571807
2918,0.0011390357142856444
2919,0.0011202857142857832
2920,0.0011191071428571422
2921,0.001091357142857165
2922,0.001089642857142792
2923,0.001090714285714256
2924,0.001076785714285679
2925,0.0011082857142857806
2926,0.0010820357142856706
2927,0.0010414285714285805
2928,0.001080642857142828
2929,0.0010985357142857311
2930,0.0010957500000000461
2931,0.0011163214285714572
2932,0.0011222142857143576
2933,0.0010923214285714522
2934,0.0010621071428571684
2935,0.0010844999999999772
2936,0.0011140714285715044
2937,0.001115249999999993
2938,0.0010995000000000184
2939,0.0010878214285713942
2940,0.0011083928571428052
2941,0.0011143928571428826
2942,0.0010959642857142477
2943,0.0010832142857143115
2944,0.001074107142857171
2945,0.001115249999999993
2946,0.0011574642857142793
2947,0.0011373214285714235
2948,0.001124678571428512
2949,0.001134857142857117
2950,0.0011278928571429045
2951,0.0011093571428570925
2952,0.0011124642857143082
2953,0.0011037857142857227
2954,0.0010756071428571902
2955,0.0010821428571428475
2956,0.0011076428571428717
2957,0.0011162142857142803
2958,0.0011539285714285085
2959,0.0011513571428571775
2960,0.0011532857142857518
2961,0.0011366785714285144
2962,0.001087928571428571
2963,0.0010937142857142946
2964,0.001096821428571358
2965,0.0010909285714286096
2966,0.0010890000000000353
2967,0.0010959642857142477
2968,0.0011349642857142936
2969,0.0011476071428572052
2970,0.001123071428571468
2971,0.0011050714285713882
2972,0.0010992857142856647
2973,0.0010861071428571734
2974,0.0011169642857142138
2975,0.0011351785714286474
2976,0.0011412857142857494
2977,0.0011204999999999846
2978,0.0010853571428570876
2979,0.0010878214285713942
2980,0.0011293928571429238
2981,0.0011513571428571775
2982,0.0011546785714285945
2983,0.0011541428571428623
2984,0.0011584285714285665
2985,0.0011602499999999643
2986,0.001144821428571368
2987,0.0011516785714285557
2988,0.0011748214285714502
2989,0.0011856428571428118
2990,0.0011757857142857375
2991,0.0011754642857143593
2992,0.0011629285714286246
2993,0.0011533928571429287
2994,0.001191750000000066
2995,0.001210607142857104
2996,0.0011764285714286466
2997,0.0011233928571428465
2998,0.0011064642857142306
2999,0.0011189999999999653
3000,0.0011139642857143275
3001,0.0011104285714285567
3002,0.0011159999999999265
3003,0.0010989642857142862
3004,0.0010983214285713774
3005,0.001097892857142822
3006,0.0010890000000000353
3007,0.0010981071428571758
3008,0.0011172857142857445
3009,0.0011105357142857336
3010,0.0011093571428570925
3011,0.0011001428571429273
3012,0.0010927500000000073
3013,0.0011026071428570817
3014,0.001110749999999935
3015,0.001121357142857095
3016,0.0011786785714285994
3017,0.0012439285714286033
3018,0.0013525714285713825
3019,0.0015338571428570853
3020,0.001698535714285703
3021,0.0018399642857142495
3022,0.0018792857142856739
3023,0.001929535714285789
3024,0.001962214285714227
3025,0.0016808571428571539
3026,0.0013027499999999747
3027,0.0010056428571429267
3028,0.0009284999999999449
3029,0.0009173571428572051
3030,0.0008398928571428448
3031,0.0008078571428571633
3032,0.000846964285714234
3033,0.0009266785714285472
3034,0.0010134642857142495
3035,0.0010591071428571297
3036,0.0010900714285714994
3037,0.0010898571428571457
3038,0.0010914642857143418
3039,0.0011337857142856528
3040,0.0011447142857143433
3041,0.0011222142857143576
3042,0.0011372142857142466
3043,0.001193892857142842
3044,0.001226785714285786
3045,0.0011960357142857703
3046,0.0011717142857142347
3047,0.0011835000000000357
3048,0.0011894999999999608
3049,0.0011893928571427839
3050,0.0011873571428571848
3051,0.0012062142857142228
3052,0.001232464285714333
3053,0.0012248571428572117
3054,0.0012383571428570812
3055,0.0012642857142856608
3056,0.0012532499999999456
3057,0.0012206785714285319
3058,0.0012582857142857356
3059,0.0012806785714285444
3060,0.0012660000000000338
3061,0.001279821428571434
3062,0.0013089642857142536
3063,0.0012818571428571855
3064,0.001303285714285707
3065,0.0013264285714286014
3066,0.001314964285714331
3067,0.0012877499999999337
3068,0.0013193571428572121
3069,0.0013765714285713874
3070,0.0013892142857142987
3071,0.0013904999999999645
3072,0.0014066785714286466
3073,0.0014186785714284968
3074,0.0014249999999999526
3075,0.00143978571428564
3076,0.001456071428571499
3077,0.0014729999999999624
3078,0.0014695714285713685
3079,0.0014653928571428411
3080,0.0014944285714286363
3081,0.0015109285714285444
3082,0.0014636785714286203
3083,0.0014572499999999876
3084,0.001500642857142915
3085,0.0015438214285714885
3086,0.0015175714285713786
3087,0.0014657142857142196
3088,0.0014568214285714325
3089,0.001450928571428532
3090,0.001454892857142858
3091,0.0014373214285714857
3092,0.0014182499999999417
3093,0.001385678571428528
3094,0.0013254642857143141
3095,0.0013218214285713665
3096,0.0013269642857143334
3097,0.0012854999999999807
3098,0.0012548571428571418
3099,0.0012259285714285235
3100,0.0012461785714285563
3101,0.0012422142857142302
3102,0.0012210000000000625
3103,0.0011821071428571933
3104,0.0011392499999999981
3105,0.0011275714285713739
3106,0.0011100000000000014
3107,0.0011078571428570732
3108,0.0010905000000000545
3109,0.0010574999999999335
3110,0.0010737857142856402
3111,0.0011050714285713882
3112,0.0010822500000000244
3113,0.0010426071428570691
3114,0.001053321428571406
3115,0.0010602857142857707
3116,0.0010692857142857346
3117,0.0010552499999999807
3118,0.001008107142857081
3119,0.0010177499999999538
3120,0.0010691785714285577
3121,0.0010687500000000024
3122,0.0010647857142856766
3123,0.0010582500000000192
3124,0.0010381071428571635
3125,0.0010491428571428787
3126,0.001069499999999936
3127,0.0010716428571428643
3128,0.001055571428571359
3129,0.0010381071428571635
3130,0.0010357500000000336
3131,0.0010368214285714978
3132,0.0010320000000000615
3133,0.0010783928571428752
3134,0.0010954285714285155
3135,0.001072821428571353
3136,0.0010322142857142628
3137,0.0010213928571429015
3138,0.0010338214285714592
3139,0.0010616785714286131
3140,0.0010744285714285493
3141,0.001079035714285784
3142,0.0010688571428571793
3143,0.0010532142857142292
3144,0.0010504285714285442
3145,0.0010827857142857564
3146,0.0010742142857143478
3147,0.0010558928571428895
3148,0.0010787142857142536
3149,0.0010730357142857067
3150,0.0010487142857143234
3151,0.001042714285714246
3152,0.001079571428571364
3153,0.0011032499999999905
3154,0.0010610357142857043
3155,0.0010426071428570691
3156,0.0010636071428571877
3157,0.0010616785714286131
3158,0.0010525714285714726
3159,0.0010371428571428762
3160,0.0010325357142856413
3161,0.0010475357142856825
3162,0.0010642499999999444
3163,0.0010497857142857875
3164,0.0010450714285713757
3165,0.0010565357142856462
3166,0.0010504285714285442
3167,0.0010631785714286326
3168,0.0010637142857142124
3169,0.001037785714285785
3170,0.0010177499999999538
3171,0.0010692857142857346
3172,0.001080642857142828
3173,0.00109735714285709
3174,0.0011123571428571313
3175,0.001103999999999924
3176,0.0011014285714285928
3177,0.0010519285714285637
3178,0.0010358571428572105
3179,0.0010509642857142764
3180,0.0011104285714285567
3181,0.0011614285714286053
3182,0.0011488928571428707
3183,0.0011278928571429045
3184,0.0011181428571428549
3185,0.0011061428571428524
3186,0.0011021785714285263
3187,0.0011133214285714186
3188,0.0010877142857142173
3189,0.0010536428571427845
3190,0.0010356428571428567
3191,0.0010337142857142823
3192,0.0010383214285713648
3193,0.001048392857142793
3194,0.0010381071428571635
3195,0.0010203214285714373
3196,0.0010097142857142772
3197,0.0010106785714285645
3198,0.0010644642857142981
3199,0.0010717500000000412
3200,0.0010346785714285696
3201,0.0010496785714286107
3202,0.0010445357142856437
3203,0.0010307142857142436
3204,0.0010309285714285973
3205,0.001037250000000053
3206,0.0010497857142857875
3207,0.0011371071428570698
3208,0.0012320357142857777
3209,0.0013362857142856755
3210,0.0014880000000000036
3211,0.0016268571428572187
3212,0.0017467500000000668
3213,0.0018324642857143049
3214,0.0018748928571427927
3215,0.0018398571428570726
3216,0.0015970714285714902
3217,0.001181142857142906
3218,0.0008754642857142971
3219,0.0007912499999999259
3220,0.0008119285714285139
3221,0.0007658571428570785
3222,0.0007374642857143446
3223,0.0007768928571427938
3224,0.0008500714285714496
3225,0.0009580714285714719
3226,0.001015928571428556
3227,0.0010329642857143488
3228,0.0010625357142857235
3229,0.0010787142857142536
3230,0.0010655357142857623
3231,0.001084607142857154
3232,0.0010758214285713917
3233,0.0010759285714285686
3234,0.0011029285714286123
3235,0.0011268214285714403
3236,0.0011267142857142635
3237,0.0010977857142856452
3238,0.0011135357142857722
3239,0.0011440714285714344
3240,0.0011791071428571545
3241,0.001177821428571489
3242,0.0011648571428571992
3243,0.0012013928571427866
3244,0.0012293571428571173
3245,0.0012182142857142253
3246,0.0011881071428571184
3247,0.0012037500000000685
3248,0.0012206785714285319
3249,0.001227321428571366
3250,0.0012401785714286312
3251,0.0012416785714284982
3252,0.0012417857142856751
3253,0.001268571428571365
3254,0.001250250000000059
3255,0.0012471428571428436
3256,0.0012849642857142487
3257,0.0012974999999999831
3258,0.0013249285714285821
3259,0.001306607142857124
3260,0.0012799285714286109
3261,0.0013313571428572146
3262,0.001379035714285694
3263,0.0013857857142857049
3264,0.0013926428571428926
3265,0.0013767857142857412
3266,0.0013955357142857545
3267,0.0014186785714284968
3268,0.001413535714285682
3269,0.0014350714285713804
3270,0.0014529642857142833
3271,0.0014603571428572033
3272,0.0014605714285714048
3273,0.0014701071428571007
3274,0.001470000000000076
3275,0.001439892857142817
3276,0.0014177142857143617
3277,0.001445464285714339
3278,0.0014525357142857282
3279,0.001437107142857132
3280,0.0014173928571428313
3281,0.0014120357142856628
3282,0.0013877142857142795
3283,0.0013486071428572086
3284,0.0013327500000000572
3285,0.001320428571428524
3286,0.0013007142857142235
3287,0.0012871071428571768
3288,0.001248964285714241
3289,0.001214464285714253
3290,0.0011967857142857038
3291,0.0011783571428570687
3292,0.0011746071428570966
3293,0.0011551071428571496
3294,0.0011011071428572146
3295,0.0010615714285714362
3296,0.0010151785714286226
3297,0.0010273928571428266
3298,0.0010384285714285417
3299,0.0010586785714285746
3300,0.0010772142857142341
3301,0.0010508571428570995
3302,0.0010241785714285865
3303,0.001042178571428514
3304,0.001043357142857155
3305,0.0010055357142857498
3306,0.0009830357142857642
3307,0.0009906428571428857
3308,0.001006607142857214
3309,0.001023857142857208
3310,0.0010165714285714652
3311,0.0010146428571428906
3312,0.00101935714285715
3313,0.0010205357142856388
3314,0.0010144285714285368
3315,0.0010062857142856833
3316,0.0009935357142857473
3317,0.00099492857142859
3318,0.0010243928571427878
3319,0.0010219285714286334
3320,0.0010180714285714845
3321,0.0010077857142857028
3322,0.0010069285714285924
3323,0.0009979285714286285
3324,0.0009906428571428857
3325,0.001006500000000037
3326,0.001021607142857103
3327,0.0010090714285713683
3328,0.001004249999999932
3329,0.0010146428571428906
3330,0.0010329642857143488
3331,0.0010141071428571584
3332,0.0010034999999999985
3333,0.0010313571428571524
3334,0.0010352142857143016
3335,0.0010431428571428013
3336,0.0010551428571428038
3337,0.0010457142857142848
3338,0.00102492857142852
3339,0.0010302857142856885
3340,0.0010171071428571972
3341,0.0010349999999999479
3342,0.001074535714285726
3343,0.00106178571428579
3344,0.0010069285714285924
3345,0.0010164642857142883
3346,0.0010763571428571237
3347,0.001067892857142892
3348,0.001006607142857214
3349,0.0009705000000000297
3350,0.0009946071428572115
3351,0.0010452857142857295
3352,0.0010270714285714481
3353,0.0010504285714285442
3354,0.0011069999999999628
3355,0.0010753928571428364
3356,0.0010297499999999563
3357,0.001036071428571412
3358,0.0010296428571429316
3359,0.0010217142857142799
3360,0.001029428571428578
3361,0.0010403571428571163
3362,0.001087392857142839
3363,0.0011051785714285651
3364,0.0010899642857143226
3365,0.0010954285714285155
3366,0.0010810714285713833
3367,0.0010902857142857008
3368,0.0011120357142857529
3369,0.001129285714285747
3370,0.0010943571428572037
3371,0.0010610357142857043
3372,0.0010722857142857732
3373,0.0011034642857143443
3374,0.0011187857142857637
3375,0.0011170714285713907
3376,0.001097892857142822
3377,0.0010672499999999831
3378,0.001053321428571406
3379,0.0010379999999999866
3380,0.0010075714285715013
3381,0.001013142857142871
3382,0.0010258928571428073
3383,0.0010486071428571465
3384,0.0010488214285715002
3385,0.001009392857142899
3386,0.001016035714285733
3387,0.0010615714285714362
3388,0.0010364999999999671
3389,0.0010151785714286226
3390,0.0010417499999999587
3391,0.0009957857142857004
3392,0.0009899999999999766
3393,0.0010312499999999755
3394,0.0010792499999999856
3395,0.0011189999999999653
3396,0.0011949642857143061
3397,0.001349571428571496
3398,0.0014968928571427907
3399,0.0016698214285714385
3400,0.0017578928571428064
3401,0.0017855357142857592
3402,0.001857428571428597
3403,0.0017821071428571653
3404,0.0014508214285713552
3405,0.0010731428571428836
3406,0.0008582142857143031
3407,0.0007882500000000396
3408,0.0007648928571427912
3409,0.0007278214285714718
3410,0.000733821428571397
3411,0.0008067857142856992
3412,0.0008751428571429187
3413,0.0009453214285713837
3414,0.0009936428571429242
3415,0.0009967499999999874
3416,0.00099492857142859
3417,0.0010212857142857246
3418,0.0010779642857143199
3419,0.0010826785714285795
3420,0.0010828928571429332
3421,0.0011088214285713605
3422,0.001126500000000062
3423,0.001090714285714256
3424,0.0010416428571427818
3425,0.0010410000000000252
3426,0.0010955357142856924
3427,0.0011396785714285532
3428,0.0011216785714286256
3429,0.0011220000000000039
3430,0.0011457857142856552
3431,0.001096285714285778
3432,0.0010586785714285746
3433,0.0010972500000000654
3434,0.0011237142857142247
3435,0.0011306785714285893
3436,0.001139892857142907
3437,0.0011654999999999559
3438,0.0012029999999999827
3439,0.0011949642857143061
3440,0.0011631428571428262
3441,0.0011814642857142844
3442,0.0012101785714285487
3443,0.0011992500000000104
3444,0.0011998928571429193
3445,0.0012351428571428411
3446,0.0012573214285714483
3447,0.0012607500000000422
3448,0.0012834642857142294
3449,0.0012886071428571963
3450,0.0012754285714285528
3451,0.0013074642857142343
3452,0.0013451785714286148
3453,0.001383535714285752
3454,0.0013708928571428405
3455,0.001344964285714261
3456,0.0013627499999999872
3457,0.0013735714285715009
3458,0.0013927500000000695
3459,0.001414178571428591
3460,0.001403571428571431
3461,0.0013994999999999281
3462,0.0014033571428570773
3463,0.001379035714285694
3464,0.0013769999999999425
3465,0.0014109642857143508
3466,0.0013924285714285388
3467,0.001349035714285764
3468,0.0013655357142856722
3469,0.0013628571428571641
3470,0.0013339285714285458
3471,0.001311642857142914
3472,0.0013090714285714305
3473,0.0012743571428570886
3474,0.0012501428571428822
3475,0.001248428571428509
3476,0.0012114642857142144
3477,0.0011563928571428153
3478,0.0011128928571428633
3479,0.0011200714285714295
3480,0.0011452500000000755
3481,0.0011165357142856587
3482,0.0010647857142856766
3483,0.000995892857142877
3484,0.0009671785714286126
3485,0.0009715714285714938
3486,0.0009459642857142926
3487,0.0009472499999999582
3488,0.000987107142857115
3489,0.0009936428571429242
3490,0.0009600000000000465
3491,0.0009478928571428672
3492,0.0009457499999999389
3493,0.0009649285714285075
3494,0.000951428571428638
3495,0.0009502499999999969
3496,0.0009543214285714997
3497,0.0009325714285714476
3498,0.0009127499999999701
3499,0.0009030000000000728
3500,0.0009604285714286017
3501,0.0010002857142857582
3502,0.0009865714285713827
3503,0.000970821428571408
3504,0.0009563571428570989
3505,0.000974785714285734
3506,0.0009551785714286102
3507,0.0009261428571428151
3508,0.0009433928571428091
3509,0.000988714285714311
3510,0.0009828214285714106
3511,0.0009934285714285705
3512,0.000980892857142836
3513,0.0009792857142856398
3514,0.0009642857142857508
3515,0.0009681428571428999
3516,0.000958607142857204
3517,0.0009426428571428756
3518,0.000959678571428516
3519,0.0010013571428570702
3520,0.0010030714285714432
3521,0.0009868928571429134
3522,0.0009895714285714215
3523,0.0009999642857142278
3524,0.0010036071428571754
3525,0.0009703928571428528
3526,0.0009554999999999885
3527,0.0009533571428572124
3528,0.0009526071428571267
3529,0.0010050000000000178
3530,0.0010007142857143135
3531,0.0009713571428571401
3532,0.0009777857142857726
3533,0.0009711428571427864
3534,0.0009706071428572066
3535,0.0009772500000000406
3536,0.0009850714285713634
3537,0.0009866785714285596
3538,0.0010089642857143437
3539,0.0009724285714286042
3540,0.0009429642857142539
3541,0.0009668571428570821
3542,0.000978535714285706
3543,0.0009972857142857196
3544,0.001000928571428515
3545,0.0010003928571427829
3546,0.0010071428571427937
3547,0.0009843214285714299
3548,0.0009874285714286453
3549,0.001018714285714241
3550,0.0010401428571429148
3551,0.0010504285714285442
3552,0.0010264285714285393
3553,0.001012178571428584
3554,0.0010358571428572105
3555,0.0010416428571427818
3556,0.0010419642857143125
3557,0.0010323214285714397
3558,0.0010256785714286057
3559,0.001012607142857139
3560,0.001023857142857208
3561,0.001043892857142887
3562,0.0010279285714285586
3563,0.0010010357142856917
3564,0.001006071428571482
3565,0.0009828214285714106
3566,0.0009612857142857122
3567,0.0009714642857143169
3568,0.0009541071428571461
3569,0.000960214285714248
3570,0.0009856071428570954
3571,0.000999321428571471
3572,0.0010116428571428518
3573,0.0010023214285713575
3574,0.0009914999999999959
3575,0.0009849642857143388
3576,0.0009815357142857449
3577,0.0009946071428572115
3578,0.0009868928571429134
3579,0.0009491785714285328
3580,0.0009250714285715032
3581,0.000998785714285739
3582,0.001062749999999925
3583,0.0011278928571429045
3584,0.0012447857142857137
3585,0.0013973571428571522
3586,0.0015778928571429215
3587,0.0017402142857142573
3588,0.0018058928571428165
3589,0.001843607142857197
3590,0.001747714285714354
3591,0.0014405357142857258
3592,0.0010743214285713724
3593,0.0008754642857142971
3594,0.0008022857142856412
3595,0.0007295357142856927
3596,0.0006526071428572169
3597,0.0006322500000000073
3598,0.000752357142857209
3599,0.0008619642857142753
3600,0.0008966785714286171
3601,0.0009453214285713837
3602,0.000998250000000007
3603,0.0010262142857143377
3604,0.0010234285714285005
3605,0.0010488214285715002
3606,0.0010464642857142183
3607,0.0010445357142856437
3608,0.0010565357142856462
3609,0.001083428571428513
3610,0.0010755000000000133
3611,0.0010441071428570886
3612,0.0010518214285713868
3613,0.00108353571428569
3614,0.0010906071428570792
3615,0.0011083928571428052
3616,0.0011362499999999593
3617,0.0011083928571428052
3618,0.0010803214285714498
3619,0.0011018571428571481
3620,0.0011407500000000174
3621,0.0011564999999999922
3622,0.0011583214285713897
3623,0.0011506071428570915
3624,0.001174928571428627
3625,0.0011883214285714721
3626,0.0012014999999999632
3627,0.0012009642857142312
3628,0.001207821428571419
3629,0.0012013928571427866
3630,0.0011738571428571629
3631,0.001179857142857088
3632,0.0012195000000000432
3633,0.0012579642857143572
3634,0.0012716785714285805
3635,0.0012900000000000387
3636,0.0013153928571428863
3637,0.001300392857142845
3638,0.0012949285714284997
3639,0.001328464285714353
3640,0.0013708928571428405
3641,0.0013779642857142298
3642,0.0013894285714285003
3643,0.0013847142857142407
3644,0.0013787142857143156
3645,0.001401321428571478
3646,0.0014027142857143207
3647,0.0013992857142857268
3648,0.0014287499999999247
3649,0.0014238214285714637
3650,0.0014081785714285136
3651,0.00139682142857142
3652,0.0013763571428571859
3653,0.001385678571428528
3654,0.0014192142857142288
3655,0.0013740000000000562
3656,0.001327071428571358
3657,0.0013079999999999663
3658,0.0012921428571428149
3659,0.001286464285714268
3660,0.0012655714285714785
3661,0.0012354642857142193
3662,0.0012247500000000348
3663,0.0011926071428571764
3664,0.001193892857142842
3665,0.0011706428571429228
3666,0.0011308928571427909
3667,0.00113657142857149
3668,0.0011371071428570698
3669,0.0011010000000000377
3670,0.0010778571428571432
3671,0.0010883571428571262
3672,0.001039392857142829
3673,0.0010181785714285091
3674,0.001049464285714257
3675,0.001041107142857202
3676,0.001049999999999989
3677,0.0010548214285714254
3678,0.0010413214285714036
3679,0.001013250000000048
3680,0.0009946071428572115
3681,0.0009710357142857617
3682,0.000973071428571361
3683,0.0009895714285714215
3684,0.0009931071428571922
3685,0.000980249999999927
3686,0.0009749999999999354
3687,0.0009969642857143412
3688,0.0010246071428571416
3689,0.0009978214285714516
3690,0.0009884999999999573
3691,0.0010073571428571475
3692,0.001004249999999932
3693,0.0009936428571429242
3694,0.0009721071428570737
3695,0.0009819642857143002
3696,0.0009883928571429326
3697,0.0009933214285713936
3698,0.0010062857142856833
3699,0.0010281428571429123
3700,0.0010379999999999866
3701,0.0010235357142856774
3702,0.0009937499999999489
3703,0.0009725357142857811
3704,0.0009520714285713946
3705,0.0009924642857142832
3706,0.00104057142857147
3707,0.0010414285714285805
3708,0.0010272857142856497
3709,0.0010370357142856993
3710,0.0010265357142857162
3711,0.0010194642857143269
3712,0.0010313571428571524
3713,0.0010010357142856917
3714,0.0009867857142857365
3715,0.001042285714285691
3716,0.0010495714285714338
3717,0.0009970714285713659
3718,0.0009763928571429302
3719,0.0009877500000000238
3720,0.0009916071428571727
3721,0.001002750000000065
3722,0.0010229999999999454
3723,0.001029535714285755
3724,0.0010185000000000396
3725,0.001007678571428526
3726,0.0010214999999999261
3727,0.0010362857142857658
3728,0.0010336071428571055
3729,0.0010108928571429183
3730,0.0010039285714285536
3731,0.001028785714285669
3732,0.0010492500000000556
3733,0.0010194642857143269
3734,0.0010075714285715013
3735,0.0010487142857143234
3736,0.001039500000000006
3737,0.001036071428571412
3738,0.0010345714285713928
3739,0.0010348928571429232
3740,0.001032107142857086
3741,0.0010554642857143345
3742,0.001050107142857166
3743,0.001053428571428583
3744,0.0010676785714285382
3745,0.0010924285714286291
3746,0.0011095714285714463
3747,0.0011247857142856889
3748,0.0011653928571429312
3749,0.0011130000000000402
3750,0.0010597500000000387
3751,0.0010776428571427894
3752,0.001084714285714331
3753,0.0010596428571428619
3754,0.0010275000000000035
3755,0.00102996428571431
3756,0.0010415357142857574
3757,0.001048928571428525
3758,0.0010318928571428846
3759,0.0010161428571429099
3760,0.0010104642857142107
3761,0.0010085357142857886
3762,0.0010277142857143572
3763,0.001033928571428636
3764,0.0010251428571428738
3765,0.001015500000000001
3766,0.001006500000000037
3767,0.0010246071428571416
3768,0.0010157142857143548
3769,0.0010104642857142107
3770,0.0010180714285714845
3771,0.001048392857142793
3772,0.0010942500000000268
3773,0.0011821071428571933
3774,0.0013567500000000621
3775,0.001520142857142862
3776,0.0016195714285714758
3777,0.0017183571428571805
3778,0.0018009642857143556
3779,0.0018386785714285838
3780,0.001724785714285661
3781,0.001414071428571414
3782,0.001059535714285685
3783,0.0008380714285714471
3784,0.0007695000000000261
3785,0.0007502142857142806
3786,0.0007153928571429142
3787,0.000713785714285718
3788,0.0007958571428571609
3789,0.000857678571428571
3790,0.0008832857142857722
3791,0.0009495000000000634
3792,0.0009966428571428106
3793,0.0010284642857142908
3794,0.0010592142857143065
3795,0.0010693928571429113
3796,0.00106735714285716
3797,0.001077321428571411
3798,0.0010686428571428255
3799,0.0010682142857142704
3800,0.001108071428571427
3801,0.001131428571428523
3802,0.0011210357142857168
3803,0.0011126785714285095
3804,0.0011251071428570673
3805,0.001129285714285747
3806,0.0011461071428571859
3807,0.00116100000000005
3808,0.001139892857142907
3809,0.0011317500000000535
3810,0.0011495357142857798
3811,0.0011578928571428346
3812,0.0011644285714286439
3813,0.0011841428571427923
3814,0.001201285714285762
3815,0.001179428571428533
3816,0.0011718214285714116
3817,0.0011784642857142456
3818,0.0012036428571428916
3819,0.0012253928571427915
3820,0.0012442499999999817
3821,0.00127639285714284
3822,0.0013030714285713531
3823,0.001265249999999948
3824,0.0012467142857142883
3825,0.001289678571428508
3826,0.0013164642857143502
3827,0.0013085357142856985
3828,0.0012759642857142848
3829,0.0012875357142857321
3830,0.0013516071428570952
3831,0.0013804285714285364
3832,0.001378499999999962
3833,0.0013941428571429121
3834,0.0013965000000000418
3835,0.001376892857142918
3836,0.0013756071428571001
3837,0.0013689642857142661
3838,0.001396928571428597
3839,0.0013971428571427985
3840,0.0013839642857143071
3841,0.001389750000000031
3842,0.0013568571428570868
3843,0.0013642500000000065
3844,0.00139917857142855
3845,0.0013953214285714007
3846,0.0013640357142856527
3847,0.001328464285714353
3848,0.0013068214285714777
3849,0.0013090714285714305
3850,0.0012939642857142124
3851,0.0012553928571428737
3852,0.0012372857142857693
3853,0.0012175714285714687
3854,0.0011890714285714057
3855,0.001180499999999997
3856,0.0011683928571428177
3857,0.0011597142857142323
3858,0.0011471785714284976
3859,0.0011141785714285288
3860,0.0010701428571428448
3861,0.0010446428571428206
3862,0.0010326428571428182
3863,0.0010095000000000759
3864,0.001004892857142841
3865,0.0010161428571429099
3866,0.0010195714285715037
3867,0.0010144285714285368
3868,0.0009848571428571619
3869,0.000980249999999927
3870,0.0009850714285713634
3871,0.0009772500000000406
3872,0.0009659999999999717
3873,0.0009805714285714576
3874,0.0009821785714285015
3875,0.0009751071428571123
3876,0.0009803571428571038
3877,0.0009906428571428857
3878,0.0010007142857143135
3879,0.0009968571428571643
3880,0.0009978214285714516
3881,0.0009636428571428419
3882,0.0009561428571428975
3883,0.0009771428571428637
3884,0.000986464285714358
3885,0.0010041428571429074
3886,0.00102492857142852
3887,0.0010156071428571779
3888,0.0010222500000000119
3889,0.0009983571428571838
3890,0.0009473571428571351
3891,0.0009057857142857578
3892,0.0008615357142857201
3893,0.0007965000000000698
3894,0.000739928571428499
3895,0.000733285714285665
3896,0.000692571428571398
3897,0.0006543214285714376
3898,0.0006466071428571394
3899,0.0006740357142857383
3900,0.0006905357142856465
3901,0.0006589285714285203
3902,0.000659142857142874
3903,0.0006464999999999625
3904,0.0006183214285714302
3905,0.0006527142857142414
3906,0.0006768214285714232
3907,0.0006606428571428934
3908,0.0006461785714285842
3909,0.0006476785714286036
3910,0.0006790714285713761
3911,0.0006807857142857492
3912,0.0007006071428570745
3913,0.0006870000000000281
3914,0.0006588214285714956
3915,0.0006638571428571335
3916,0.0006853928571428318
3917,0.0006742499999999398
3918,0.0006746785714286473
3919,0.000661928571428559
3920,0.0006408214285714158
3921,0.0006573214285714764
3922,0.0006682500000000146
3923,0.0006767142857142465
3924,0.0006826071428571469
3925,0.0006710357142856997
3926,0.0006327857142857392
3927,0.0006216428571428472
3928,0.0006116785714285961
3929,0.0005995714285714168
3930,0.0006141428571429028
3931,0.0006282857142856813
3932,0.000635142857142869
3933,0.0006237857142857755
3934,0.0006185357142857839
3935,0.000632357142857184
3936,0.0005838214285714421
3937,0.0005583214285714178
3938,0.0005636785714285862
3939,0.0005667857142856495
3940,0.0005494285714286308
3941,0.000566035714285716
3942,0.0005666785714286248
3943,0.000535928571428609
3944,0.0005233928571428745
3945,0.0005484642857143436
3946,0.0005524285714285172
3947,0.0005876785714285912
3948,0.0005998928571427951
3949,0.0005766428571428759
3950,0.0005593928571428819
3951,0.0005608928571429013
3952,0.0005543571428570918
3953,0.0005387142857142939
3954,0.0005398928571427827
3955,0.0005668928571428264
3956,0.0006136071428571707
3957,0.0006778928571428874
3958,0.0007704642857143134
3959,0.0008766428571427859
3960,0.0009681428571428999
3961,0.0010677857142857151
3962,0.0011598214285714092
3963,0.0012401785714286312
3964,0.0012365357142856835
3965,0.001075178571428635
3966,0.0007938214285714095
3967,0.0004851428571429141
3968,0.0003465000000000527
3969,0.00030321428571430226
3970,0.0002740714285714826
3971,0.0002584285714285325
3972,0.00023185714285719631
3973,0.00026217857142850473
3974,0.0003560357142857486
3975,0.00042910714285707537
3976,0.00047485714285713245
3977,0.0005144999999999353
3978,0.0005618571428571886
3979,0.000611142857142864
3980,0.0006080357142856485
3981,0.000611142857142864
3982,0.000601178571428613
3983,0.0006201428571428279
3984,0.0006723214285713653
3985,0.0006515357142857527
3986,0.0006263571428571067
3987,0.000671357142857078
3988,0.000692571428571398
3989,0.000699857142857141
3990,0.0007134642857143397
3991,0.000709821428571392
3992,0.0006912857142857324
3993,0.0007057500000000415
3994,0.0007660714285714323
3995,0.0007409999999999632
3996,0.0007241785714285243
3997,0.0007317857142856456
3998,0.0007391785714285654
3999,0.0007534285714285208
4000,0.000744428571428557
4001,0.0007711071428570701
4002,0.000816321428571395
4003,0.000785678571428556
4004,0.0007880357142856858
4005,0.0008499642857142728
4006,0.0008502857142856511
4007,0.000761785714285728
4008,0.0007809642857142965
4009,0.0008647499999999602
4010,0.0008832857142857722
4011,0.0008786785714285372
4012,0.0008885357142857637
4013,0.0009131785714285253
4014,0.0009488571428571545
4015,0.0009450000000000054
4016,0.000946821428571403
4017,0.0009659999999999717
4018,0.0009707142857142312
4019,0.0009732857142857146
4020,0.000984214285714253
4021,0.0009626785714285547
4022,0.0009794999999999934
4023,0.0010279285714285586
4024,0.0009998571428572031
4025,0.0009763928571429302
4026,0.0009565714285714527
4027,0.0009287142857142985
4028,0.0009410357142856794
4029,0.0009281785714285666
4030,0.0009357857142856878
4031,0.0009192857142857795
4032,0.0008942142857143104
4033,0.0008953928571427992
4034,0.0008656071428570706
4035,0.0008210357142856545
4036,0.000809678571428561
4037,0.0008093571428571827
4038,0.0007784999999999899
4039,0.0007475357142857726
4040,0.0007588928571428661
4041,0.0007516071428571231
4042,0.0007141071428570963
4043,0.0006751071428572024
4044,0.0006702857142857661
4045,0.0006800357142856634
4046,0.0006589285714285203
4047,0.0006275357142857478
4048,0.0006286071428572118
4049,0.0006401785714285069
4050,0.0006228214285714883
4051,0.0006304285714286096
4052,0.0006238928571428001
4053,0.0006298928571428775
4054,0.0006130714285714386
4055,0.0006043928571428532
4056,0.0006476785714286036
4057,0.0006219642857142255
4058,0.0005833928571428869
4059,0.0005911071428571851
4060,0.000596035714285646
4061,0.0006427499999999903
4062,0.0006411428571427942
4063,0.0005873571428572129
4064,0.0005992500000000384
4065,0.0006068571428571597
4066,0.0006129642857142617
4067,0.0006328928571429161
4068,0.0006023571428571018
4069,0.0006099642857142231
4070,0.000644035714285656
4071,0.0006601071428571613
4072,0.0006654642857143297
4073,0.00065250000000004
4074,0.0006624642857142911
4075,0.0006649285714285977
4076,0.0006694285714285034
4077,0.0006605357142857165
4078,0.0006641785714285119
4079,0.0006596785714286061
4080,0.0006563571428571891
4081,0.0006499285714285565
4082,0.0006534642857143273
4083,0.000679821428571462
4084,0.0006708214285714981
4085,0.0006588214285714956
4086,0.0006611785714286255
4087,0.0006631071428571999
4088,0.0006491785714286229
4089,0.0006543214285714376
4090,0.0006329999999999408
4091,0.0006216428571428472
4092,0.0006604285714285396
4093,0.0006859285714285639
4094,0.000681428571428506
4095,0.000668035714285661
4096,0.000689785714285713
4097,0.0006928928571429285
4098,0.0006829285714285252
4099,0.0006921428571428428
4100,0.0006796071428571082
4101,0.0006808928571429261
4102,0.0006920357142856659
4103,0.0006872142857142295
4104,0.0006938571428572158
4105,0.0006774642857143322
4106,0.0006635357142857551
4107,0.0007045714285714005
4108,0.0007326428571429082
4109,0.0007438928571428249
4110,0.0007443214285713801
4111,0.0007122857142856986
4112,0.0006943928571427957
4113,0.0007162500000000246
4114,0.0006953571428570829
4115,0.0006789642857143516
4116,0.0007061785714285966
4117,0.000752357142857209
4118,0.0007797857142856555
4119,0.0007874999999999537
4120,0.0007836428571428046
4121,0.0007602857142857086
4122,0.0007498928571429023
4123,0.0007088571428571047
4124,0.0006701785714285892
4125,0.0006738214285713846
4126,0.0006696428571428571
4127,0.0006820714285714148
4128,0.0006941785714285942
4129,0.0006993214285714089
4130,0.0006982499999999448
4131,0.0006843214285713677
4132,0.0006799285714286388
4133,0.0006732857142856525
4134,0.0006802500000000171
4135,0.0006859285714285639
4136,0.0006964285714285471
4137,0.0006975000000000113
4138,0.0006951428571428815
4139,0.0006870000000000281
4140,0.0006902142857142682
4141,0.0007368214285714357
4142,0.0008292857142856848
4143,0.0009098571428571083
4144,0.0010676785714285382
4145,0.0012232500000000153
4146,0.001322250000000074
4147,0.0014153571428570798
4148,0.001495607142857125
4149,0.0014714999999999431
4150,0.0012008571428572066
4151,0.0008323928571429003
4152,0.0005442857142856639
4153,0.00045257142857150053
4154,0.00045450000000007507
4155,0.0004201071428571116
4156,0.0004084285714286397
4157,0.00041517857142849837
4158,0.0004574999999999615
4159,0.0005341071428572113
4160,0.0005950714285713587
4161,0.0006601071428571613
4162,0.0006997499999999641
4163,0.000743785714285648
4164,0.0007555714285714491
4165,0.0007453928571428443
4166,0.0007372499999999908
4167,0.00074110714285714
4168,0.0007327499999999329
4169,0.0007377857142857229
4170,0.0007892142857143268
4171,0.0008048571428571246
4172,0.0008215714285713866
4173,0.000843642857142817
4174,0.0008613214285713663
4175,0.0008781428571428051
4176,0.0008494285714285407
4177,0.0008305714285715027
4178,0.000840964285714309
4179,0.0008651785714285154
4180,0.0008495357142857176
4181,0.0008621785714286289
4182,0.0008998928571428572
4183,0.000891642857142827
4184,0.0009049285714286474
4185,0.0009115714285714814
4186,0.0009335357142857349
4187,0.0009388928571429034
4188,0.0009436071428571629
4189,0.0009521785714285715
4190,0.0009532500000000357
4191,0.0009534642857142371
4192,0.0009480000000000441
4193,0.0010028571428570894
4194,0.0010190357142857718
4195,0.0010000714285714047
4196,0.0010088571428571668
4197,0.001040678571428647
4198,0.00104935714285708
4199,0.0010376785714286082
4200,0.0010583571428571961
4201,0.0010891071428572121
4202,0.0011098928571428245
4203,0.0011341071428571834
4204,0.0011146071428570841
4205,0.001087392857142839
4206,0.00108857142857148
4207,0.0011032499999999905
4208,0.0011243571428571338
4209,0.0011473928571428514
4210,0.0011215714285714488
4211,0.0011033571428571674
4212,0.0011093571428570925
4213,0.0011186785714285869
4214,0.001105821428571474
4215,0.0010963928571428028
4216,0.0010838571428570683
4217,0.00105996428571424
4218,0.0010244999999999647
4219,0.0009966428571428106
4220,0.0009947142857142362
4221,0.0009819642857143002
4222,0.0009497142857142649
4223,0.0009110357142857493
4224,0.0008868214285713906
4225,0.0008932500000000231
4226,0.0008547857142857091
4227,0.0008331428571428339
4228,0.0008387142857143561
4229,0.0008222142857142956
4230,0.0008419285714285962
4231,0.0008166428571429257
4232,0.0007797857142856555
4233,0.0007548214285713633
4234,0.0007514999999999462
4235,0.000759000000000043
4236,0.0007438928571428249
4237,0.000710464285714301
4238,0.0006740357142857383
4239,0.0007030714285713812
4240,0.0007393928571429192
4241,0.0007532142857143194
4242,0.000724392857142878
4243,0.0007217142857142176
4244,0.0007453928571428443
4245,0.0007147500000000053
4246,0.0007053214285714863
4247,0.0007440000000000018
4248,0.0007794642857142772
4249,0.0007598571428571534
4250,0.0007475357142857726
4251,0.0007619999999999294
4252,0.0007246071428570795
4253,0.000703178571428558
4254,0.0007125000000000524
4255,0.0007323214285713777
4256,0.0007632857142857472
4257,0.0007756071428571281
4258,0.0007662857142857859
4259,0.0007191428571428864
4260,0.0007255714285713667
4261,0.0007857857142857329
4262,0.0007697142857142276
4263,0.0007414285714285184
4264,0.0007343571428571291
4265,0.0007354285714285932
4266,0.0007270714285713861
4267,0.0007478571428571509
4268,0.0007666071428571643
4269,0.0007442142857143556
4270,0.0007251428571428115
4271,0.0007295357142856927
4272,0.0007253571428571653
4273,0.0007382142857142781
4274,0.0007735714285713767
4275,0.0007703571428571365
4276,0.0007677857142856531
4277,0.0007702499999999597
4278,0.0007496785714285486
4279,0.0007291071428571375
4280,0.0007289999999999607
4281,0.0007573928571428468
4282,0.0007669285714285427
4283,0.0007501071428571038
4284,0.0007669285714285427
4285,0.000752357142857209
4286,0.000736607142857082
4287,0.0007581428571429325
4288,0.0007781785714286116
4289,0.0007966071428570944
4290,0.0007752857142857498
4291,0.000755678571428626
4292,0.0007394999999999438
4293,0.0007900714285714372
4294,0.0007932857142856774
4295,0.000759535714285775
4296,0.0007708928571428686
4297,0.0007906071428571693
4298,0.0008134285714285332
4299,0.0008009999999999756
4300,0.000755035714285717
4301,0.0007609285714286175
4302,0.0007965000000000698
4303,0.0007937142857142326
4304,0.000779035714285722
4305,0.0007647857142857666
4306,0.0007749642857142192
4307,0.0007833214285714263
4308,0.0008060357142857656
4309,0.0007958571428571609
4310,0.0008092500000000058
4311,0.000829178571428508
4312,0.0008258571428570909
4313,0.0008211428571428314
4314,0.0008017500000000613
4315,0.0007711071428570701
4316,0.0007529999999999656
4317,0.0007786071428571668
4318,0.0007629642857142167
4319,0.0007533214285714962
4320,0.0007339285714285738
4321,0.0007382142857142781
4322,0.0007413214285714937
4323,0.0007354285714285932
4324,0.0007387500000000102
4325,0.0007488214285714382
4326,0.0007561071428571812
4327,0.0007533214285714962
4328,0.0007374642857143446
4329,0.0007258928571428974
4330,0.0007256785714285436
4331,0.0007237499999999691
4332,0.0007089642857142816
4333,0.0007179642857142454
4334,0.0007206428571429058
4335,0.0007191428571428864
4336,0.0007802142857142107
4337,0.0008838214285715042
4338,0.0009943928571428578
4339,0.001139892857142907
4340,0.0012828214285714725
4341,0.001409142857142801
4342,0.0015203571428572158
4343,0.0016178571428571028
4344,0.0016102499999999813
4345,0.0013989642857143484
4346,0.001029428571428578
4347,0.0006862499999999422
4348,0.0005260714285713825
4349,0.0005226428571427886
4350,0.0005071071428571676
4351,0.0004466785714286
4352,0.00048546428571429246
4353,0.0005847857142857293
4354,0.0006461785714285842
4355,0.0007018928571428923
4356,0.0007157142857142925
4357,0.000739928571428499
4358,0.000783000000000048
4359,0.0007950000000000504
4360,0.0007881428571428627
4361,0.0007938214285714095
4362,0.0008081785714285416
4363,0.0008151428571429063
4364,0.0008133214285713563
4365,0.0008245714285714253
4366,0.0008371071428571598
4367,0.0008402142857142232
4368,0.0008696785714285734
4369,0.0008710714285714159
4370,0.000863785714285673
4371,0.000872785714285789
4372,0.0008664642857143333
4373,0.0008598214285714992
4374,0.0008867142857142137
4375,0.0009425357142856987
4376,0.0009439285714285412
4377,0.0009482142857142455
4378,0.0009732857142857146
4379,0.0009277500000000114
4380,0.0009008571428571445
4381,0.0009321428571428924
4382,0.0009715714285714938
4383,0.0009838928571428746
4384,0.0009901071428571535
4385,0.000980892857142836
4386,0.0009740357142856481
4387,0.0009739285714286236
4388,0.0009773571428572175
4389,0.0010312499999999755
4390,0.0010854642857142645
4391,0.0011032499999999905
4392,0.0010893214285714135
4393,0.0011022857142857032
4394,0.001118035714285678
4395,0.0011120357142857529
4396,0.0011056071428571202
4397,0.0011033571428571674
4398,0.0010947857142857588
4399,0.001134857142857117
4400,0.0011873571428571848
4401,0.0011854285714286102
4402,0.001178892857142801
4403,0.0011741785714285413
4404,0.001167750000000061
4405,0.0011739642857143398
4406,0.0011708571428571243
4407,0.001149749999999981
4408,0.001119321428571496
4409,0.0011032499999999905
4410,0.0010956428571428692
4411,0.0010954285714285155
4412,0.001076785714285679
4413,0.00104935714285708
4414,0.0010329642857143488
4415,0.001007678571428526
4416,0.0009771428571428637
4417,0.0009609642857143338
4418,0.0009206785714286221
4419,0.0009096428571429069
4420,0.0009446785714286271
4421,0.0009225000000000198
4422,0.0008533928571428667
4423,0.0008170714285714809
4424,0.000810857142857202
4425,0.000806357142857144
4426,0.0008089285714286275
4427,0.0007923214285713901
4428,0.0007886785714285948
4429,0.0007772142857143243
4430,0.000751071428571391
4431,0.0007440000000000018
4432,0.000759000000000043
4433,0.0007470000000000405
4434,0.000720428571428552
4435,0.0007207499999999304
4436,0.0007017857142857156
4437,0.000694285714285771
4438,0.000699214285714232
4439,0.0006885000000000474
4440,0.0006754285714285808
4441,0.0006782142857142657
4442,0.0006982499999999448
4443,0.0006910714285713786
4444,0.0006832500000000559
4445,0.0006908571428571772
4446,0.0006970714285714561
4447,0.0006891428571428041
4448,0.0006837857142857879
4449,0.0006738214285713846
4450,0.0006505714285714654
4451,0.0006760714285714897
4452,0.0006839999999999894
4453,0.0006760714285714897
4454,0.0006823928571427931
4455,0.0006856071428571856
4456,0.0006755357142857576
4457,0.0006681428571428378
4458,0.0007012499999999835
4459,0.0007135714285713642
4460,0.0007095000000000137
4461,0.0007002857142856962
4462,0.0006907500000000003
4463,0.000693750000000039
4464,0.0007114285714285882
4465,0.0006935357142856853
4466,0.0006817500000000365
4467,0.0007044642857142236
4468,0.000711000000000033
4469,0.0006689999999999482
4470,0.0006633214285714015
4471,0.0007142142857142732
4472,0.0007158214285714694
4473,0.0006988928571428537
4474,0.0006928928571429285
4475,0.0007494642857143471
4476,0.000742285714285781
4477,0.000707678571428616
4478,0.0007081071428571712
4479,0.0007021071428570939
4480,0.0007062857142857735
4481,0.0007143214285714501
4482,0.0006920357142856659
4483,0.0006741428571429152
4484,0.000685821428571387
4485,0.0006982499999999448
4486,0.0007241785714285243
4487,0.0007314642857142673
4488,0.0007108928571428562
4489,0.000712607142857077
4490,0.0007236428571427922
4491,0.0007207499999999304
4492,0.000690964285714354
4493,0.0006843214285713677
4494,0.0006704999999999676
4495,0.0006702857142857661
4496,0.0007266428571428309
4497,0.0007212857142856624
4498,0.000748392857142883
4499,0.0007292142857143144
4500,0.0006709285714285228
4501,0.0006997499999999641
4502,0.0007241785714285243
4503,0.0007153928571429142
4504,0.0007314642857142673
4505,0.000728250000000027
4506,0.0007329642857142866
4507,0.0007209642857142841
4508,0.0007072500000000608
4509,0.0007017857142857156
4510,0.0006964285714285471
4511,0.000721071428571461
4512,0.000739928571428499
4513,0.0007384285714286319
4514,0.0007283571428572039
4515,0.0007358571428571484
4516,0.0007368214285714357
4517,0.0007339285714285738
4518,0.0007430357142857145
4519,0.0007553571428570953
4520,0.0007914642857142797
4521,0.0008023928571428181
4522,0.0007874999999999537
4523,0.0007761428571428601
4524,0.000768428571428562
4525,0.0007534285714285208
4526,0.0007690714285714709
4527,0.0007646785714285897
4528,0.0007256785714285436
4529,0.0007240714285714996
4530,0.0007230000000000356
4531,0.0007120714285714972
4532,0.000709821428571392
4533,0.0007374642857143446
4534,0.0007289999999999607
4535,0.000729857142857071
4536,0.0006995357142857626
4537,0.0006834642857142573
4538,0.0007182857142857761
4539,0.0007291071428571375
4540,0.0007310357142857121
4541,0.0007100357142857458
4542,0.0007062857142857735
4543,0.0007160357142856709
4544,0.0006839999999999894
4545,0.000663642857142932
4546,0.0006953571428570829
4547,0.0007557857142856505
4548,0.0008293928571428617
4549,0.0009490714285713559
4550,0.0011069999999999628
4551,0.0012582857142857356
4552,0.0014001428571428372
4553,0.0014945357142856607
4554,0.0015341785714286158
4555,0.0014866071428571612
4556,0.0012922499999999915
4557,0.0009813214285713911
4558,0.0006931071428571301
4559,0.0005436428571429072
4560,0.00047442857142857725
4561,0.00044946428571428497
4562,0.00042867857142852016
4563,0.00043960714285721077
4564,0.0005176071428571508
4565,0.0006153214285713915
4566,0.0006671785714285506
4567,0.0006830357142857021
4568,0.0007309285714285352
4569,0.0007690714285714709
4570,0.0007511785714285679
4571,0.0007236428571427922
4572,0.0007458214285713995
4573,0.0008142857142856436
4574,0.000841500000000041
4575,0.0008187857142857017
4576,0.0008031428571429038
4577,0.0007961785714285392
4578,0.0008027142857143486
4579,0.0008207142857142762
4580,0.0008485714285714303
4581,0.0008413928571428641
4582,0.0008316428571428146
4583,0.0008522142857142256
4584,0.0008976428571429043
4585,0.0008767499999999627
4586,0.0008450357142856595
4587,0.0008550000000000628
4588,0.0008735357142857225
4589,0.0009008571428571445
4590,0.0008799642857143551
4591,0.0008674285714286205
4592,0.0009005357142857662
4593,0.0009313928571428067
4594,0.0009342857142856685
4595,0.0009247499999999726
4596,0.0009336428571429118
4597,0.0009723214285714273
4598,0.0009755357142856675
4599,0.0009587142857142287
4600,0.0009626785714285547
4601,0.0009939642857143027
4602,0.000998250000000007
4603,0.0010046785714286394
4604,0.001008214285714258
4605,0.0010302857142856885
4606,0.001070678571428577
4607,0.0010894285714285904
4608,0.0010749642857142813
4609,0.0011111785714286425
4610,0.0011389285714286197
4611,0.0011186785714285869
4612,0.0011005714285714824
4613,0.0011186785714285869
4614,0.0011178214285714764
4615,0.001103571428571369
4616,0.0011106428571429105
4617,0.0011061428571428524
4618,0.001091892857142897
4619,0.0011153571428571699
4620,0.001096821428571358
4621,0.001055571428571359
4622,0.0010521428571429172
4623,0.0010510714285714533
4624,0.001028785714285669
4625,0.001025357142857075
4626,0.0010431428571428013
4627,0.0010141071428571584
4628,0.0009703928571428528
4629,0.0009305357142856963
4630,0.0009130714285715008
4631,0.0009074999999999785
4632,0.0008873571428571227
4633,0.0008523214285714025
4634,0.0008200714285713673
4635,0.0008478214285714968
4636,0.0007877142857143075
4637,0.0007511785714285679
4638,0.0007576071428572006
4639,0.0007450714285714659
4640,0.0007433571428570928
4641,0.0007575000000000237
4642,0.0007409999999999632
4643,0.0007503214285714575
4644,0.000743785714285648
4645,0.0007273928571429166
4646,0.000716464285714226
4647,0.0007179642857142454
4648,0.0007041428571428452
4649,0.0007083214285713727
4650,0.0007054285714285109
4651,0.0007079999999999943
4652,0.00073049999999998
4653,0.0007248214285714332
4654,0.0007268571428571847
4655,0.0007246071428570795
4656,0.0007140000000000717
4657,0.0007319999999999994
4658,0.0007240714285714996
4659,0.000707035714285707
4660,0.0007180714285714223
4661,0.0007219285714285714
4662,0.0007284642857142286
4663,0.0007367142857142589
4664,0.0007314642857142673
4665,0.0007144285714286269
4666,0.0007181785714285992
4667,0.0007475357142857726
4668,0.0007270714285713861
4669,0.000702642857142826
4670,0.0007438928571428249
4671,0.0007619999999999294
4672,0.000744428571428557
4673,0.0007213928571428393
4674,0.0007262142857142757
4675,0.0007732499999999983
4676,0.0007732499999999983
4677,0.0007516071428571231
4678,0.0007495714285713717
4679,0.0007572857142856699
4680,0.0007557857142856505
4681,0.0007151785714285605
4682,0.0006914999999999338
4683,0.0007295357142856927
4684,0.0007669285714285427
4685,0.0007732499999999983
4686,0.0007777500000000564
4687,0.0007846071428570919
4688,0.0007677857142856531
4689,0.0007489285714286151
4690,0.0007455000000000211
4691,0.0007440000000000018
4692,0.0007614642857143496
4693,0.000768428571428562
4694,0.000764464285714236
4695,0.0007652142857143218
4696,0.0007565357142857364
4697,0.0007188214285713558
4698,0.0007199999999999968
4699,0.0007420714285714272
4700,0.0007452857142856674
4701,0.0007942499999999646
4702,0.0007822499999999621
4703,0.000759535714285775
4704,0.0007373571428571677
4705,0.0007609285714286175
4706,0.0007768928571427938
4707,0.000750535714285659
4708,0.000742285714285781
4709,0.0007258928571428974
4710,0.0007354285714285932
4711,0.0007825714285714928
4712,0.0007664999999999875
4713,0.0007601785714285317
4714,0.0007547142857143387
4715,0.0007487142857142613
4716,0.0007485000000000599
4717,0.0007501071428571038
4718,0.0007670357142857196
4719,0.000762857142857192
4720,0.0007681071428571836
4721,0.0008028214285713733
4722,0.0007954285714286056
4723,0.0007825714285714928
4724,0.0007691785714284955
4725,0.000768964285714294
4726,0.0007599642857143303
4727,0.0007929642857142991
4728,0.0008492142857143392
4729,0.0008468571428572095
4730,0.0007942499999999646
4731,0.0007886785714285948
4732,0.0008343214285714749
4733,0.0008461071428571237
4734,0.0008449285714286349
4735,0.000846964285714234
4736,0.0008666785714285348
4737,0.000863785714285673
4738,0.0008607857142857865
4739,0.0008403214285714
4740,0.0008332500000000107
4741,0.000824785714285779
4742,0.0007982142857142905
4743,0.0007973571428571801
4744,0.0007786071428571668
4745,0.0007119642857143203
4746,0.000696535714285724
4747,0.0007619999999999294
4748,0.0007911428571429014
4749,0.0007701428571427828
4750,0.0007664999999999875
4751,0.0007972500000000034
4752,0.0008062499999999671
4753,0.0007741071428571087
4754,0.0007549285714285402
4755,0.0007668214285713658
4756,0.0007961785714285392
4757,0.0007885714285714179
4758,0.0007659642857142554
4759,0.0007621071428571063
4760,0.0007915714285714566
4761,0.0008562857142857285
4762,0.0009403928571429227
4763,0.0010748571428571044
4764,0.001270285714285738
4765,0.001421464285714334
4766,0.001582607142857181
4767,0.001651178571428602
4768,0.0016629642857142507
4769,0.0015493928571428586
4770,0.0012239999999999489
4771,0.0008527499999999577
4772,0.0006484285714285371
4773,0.0005674285714285585
4774,0.0004976785714284964
4775,0.00047871428571428154
4776,0.0005093571428571206
4777,0.0005514642857142299
4778,0.0006335357142856728
4779,0.0007196785714286185
4780,0.0007424999999999824
4781,0.0007711071428570701
4782,0.0007743214285714625
4783,0.0007999285714285114
4784,0.000841500000000041
4785,0.0008362500000000494
4786,0.0008306785714285273
4787,0.0008433214285714387
4788,0.0008520000000000242
4789,0.0008443928571429029
4790,0.0008522142857142256
4791,0.0008753571428571202
4792,0.0008626071428571841
4793,0.0008702142857143055
4794,0.0008707500000000376
4795,0.00088832142857141
4796,0.00093075000000005
4797,0.0009331071428571797
4798,0.0009162857142857409
4799,0.000896142857142885
4800,0.0009269999999999255
4801,0.0009431785714286077
4802,0.0009518571428571932
4803,0.0009411428571428563
4804,0.0009502499999999969
4805,0.0009682499999999246
4806,0.0009643928571429277
4807,0.0009667500000000574
4808,0.0009761785714285764
4809,0.001005428571428573
4810,0.0010346785714285696
4811,0.0010178571428571307
4812,0.0010028571428570894
4813,0.001044000000000064
4814,0.0010700357142856682
4815,0.0010788214285714303
4816,0.0010756071428571902
4817,0.0010698214285714666
4818,0.0010848214285713554
4819,0.0011121428571429298
4820,0.0011393571428571748
4821,0.0011603571428571411
4822,0.0011562857142856384
4823,0.0011515714285713788
4824,0.0011449285714285448
4825,0.0011433214285715009
4826,0.0011566071428571688
4827,0.0011821071428571933
4828,0.001183928571428591
4829,0.0011958214285714165
4830,0.0012276428571428965
4831,0.0011821071428571933
4832,0.0011453571428571
4833,0.0011441785714286113
4834,0.0011346428571429154
4835,0.0011270357142856419
4836,0.0011487857142856938
4837,0.001119321428571496
4838,0.0010668214285714278
4839,0.0010469999999999503
4840,0.001066178571428519
4841,0.0010607142857143258
4842,0.0010242857142857633
4843,0.0009895714285714215
4844,0.0009845357142857837
4845,0.0009682499999999246
4846,0.0009150000000000753
4847,0.0008924999999999374
4848,0.0008680714285713773
4849,0.0008547857142857091
4850,0.0008535000000000436
4851,0.0008344285714284995
4852,0.000795107142857075
4853,0.0008007857142857741
4854,0.000803571428571459
4855,0.0007986428571428458
4856,0.0007715357142857775
4857,0.0007597499999999765
4858,0.0007742142857142856
4859,0.0007734642857143521
4860,0.0007461428571429301
4861,0.000732214285714353
4862,0.0007513928571429217
4863,0.0007756071428571281
4864,0.0007739999999999319
4865,0.0007798928571428324
4866,0.0007871785714285754
4867,0.0007561071428571812
4868,0.0007237499999999691
4869,0.0007369285714286125
4870,0.0007658571428570785
4871,0.0007522500000000321
4872,0.0007741071428571087
4873,0.000761785714285728
4874,0.0007381071428571013
4875,0.0007367142857142589
4876,0.0007405714285714079
4877,0.0007511785714285679
4878,0.0007482857142857061
4879,0.0007622142857142832
4880,0.0007780714285714347
4881,0.0007652142857143218
4882,0.0007766785714285922
4883,0.0007805357142857413
4884,0.0007638214285714793
4885,0.0007536428571428746
4886,0.0007708928571428686
4887,0.0007822499999999621
4888,0.0007687499999999403
4889,0.0008013214285713539
4890,0.0008173928571428592
4891,0.0007853571428571777
4892,0.0007766785714285922
4893,0.0007558928571428274
4894,0.0007625357142856615
4895,0.000783000000000048
4896,0.0007789285714285451
4897,0.000793500000000031
4898,0.0007646785714285897
4899,0.0007792500000000757
4900,0.0007834285714286032
4901,0.0007837499999999815
4902,0.0007749642857142192
4903,0.000765642857142877
4904,0.0007708928571428686
4905,0.0007513928571429217
4906,0.0007394999999999438
4907,0.0008032499999999285
4908,0.0008362500000000494
4909,0.000815785714285663
4910,0.0008150357142857294
4911,0.0007885714285714179
4912,0.0007584642857143109
4913,0.0007654285714285233
4914,0.0007685357142857388
4915,0.0007691785714284955
4916,0.0007898571428570835
4917,0.0007968214285714482
4918,0.0007715357142857775
4919,0.0007386428571428333
4920,0.0007281428571428503
4921,0.0007852500000000008
4922,0.0008110714285714035
4923,0.0007815000000000286
4924,0.000757821428571402
4925,0.0007449642857142891
4926,0.000751071428571391
4927,0.0007571785714286453
4928,0.0007739999999999319
4929,0.0007702499999999597
4930,0.000757821428571402
4931,0.0008041071428571911
4932,0.0008144999999999974
4933,0.0008042142857142157
4934,0.000810857142857202
4935,0.0007850357142856471
4936,0.0007733571428571752
4937,0.0007774285714285257
4938,0.0007711071428570701
4939,0.0007866428571428433
4940,0.0007871785714285754
4941,0.0007841785714285367
4942,0.0007967142857142713
4943,0.0007899642857142603
4944,0.000768964285714294
4945,0.0007792500000000757
4946,0.0007940357142857631
4947,0.0007930714285714758
4948,0.0008028214285713733
4949,0.0008016428571428845
4950,0.0007909285714285476
4951,0.0007735714285713767
4952,0.0008143928571428205
4953,0.0008856428571429019
4954,0.0009024642857143407
4955,0.0009094285714285531
4956,0.0008954999999999761
4957,0.0008651785714285154
4958,0.0008450357142856595
4959,0.000848250000000052
4960,0.0008801785714285566
4961,0.0008667857142857116
4962,0.0008367857142857815
4963,0.0007970357142856496
4964,0.0007723928571428879
4965,0.000782357142857139
4966,0.000789642857142882
4967,0.0007879285714285089
4968,0.000792428571428567
4969,0.0007883571428572163
4970,0.0007808571428571197
4971,0.0007903928571428155
4972,0.0008229642857142291
4973,0.0008373214285713614
4974,0.0008193214285714338
4975,0.0007992857142857547
4976,0.0007813928571428517
4977,0.0008065714285714977
4978,0.0008055000000000336
4979,0.0007742142857142856
4980,0.0008003571428572189
4981,0.0008672142857142669
4982,0.0009604285714286017
4983,0.0010621071428571684
4984,0.001197857142857168
4985,0.0013806428571428902
4986,0.0015714642857142889
4987,0.001667892857142864
4988,0.00167507142857143
4989,0.0015985714285713572
4990,0.0013531071428571145
4991,0.0009604285714286017
4992,0.0006889285714286026
4993,0.0006040714285714748
4994,0.0005601428571428154
4995,0.000511928571428604
4996,0.0004825714285714306
4997,0.0005470714285715011
4998,0.0006383571428571092
4999,0.0006970714285714561
5000,0.0007714285714286006
5001,0.0007794642857142772
5002,0.0007988571428571995
5003,0.0008443928571429029
5004,0.0008524285714285794
5005,0.0008360357142856958
5006,0.0008371071428571598
5007,0.0008747142857142113
5008,0.0008771785714285179
5009,0.000876107142857206
5010,0.000864857142857137
5011,0.00090953571428573
5012,0.0009376071428570856
5013,0.0008981785714286364
5014,0.0008929285714286448
5015,0.0009173571428572051
5016,0.0009188571428570721
5017,0.0009264642857143457
5018,0.0009521785714285715
5019,0.000970285714285676
5020,0.0009758571428571981
5021,0.0009825000000000322
5022,0.0009760714285713996
5023,0.0009881785714285789
5024,0.0009831428571427888
5025,0.0009648214285714829
5026,0.000973071428571361
5027,0.00098753571428567
5028,0.0009964285714286092
5029,0.0010111071428571198
5030,0.0010346785714285696
5031,0.0010642499999999444
5032,0.0010596428571428619
5033,0.0010163571428571114
5034,0.0010445357142856437
5035,0.0011269285714286172
5036,0.0011566071428571688
5037,0.0011374285714286004
5038,0.001142035714285683
5039,0.0011588571428571219
5040,0.0011593928571428538
5041,0.0011651785714285776
5042,0.001175999999999939
5043,0.0011742857142857182
5044,0.0011848928571428783
5045,0.001190464285714248
5046,0.0011989285714286322
5047,0.0012063214285713997
5048,0.001231821428571424
5049,0.0012309642857143135
5050,0.001182214285714218
5051,0.0011787857142857763
5052,0.0011952857142856846
5053,0.0012114642857142144
5054,0.001207821428571419
5055,0.0011885357142856735
5056,0.0011678571428570855
5057,0.0011477142857142298
5058,0.0011475000000000283
5059,0.0011101071428571783
5060,0.0010794642857143394
5061,0.0010862142857143502
5062,0.0010565357142856462
5063,0.0010004999999999598
5064,0.0009620357142856457
5065,0.0009662142857143254
5066,0.0009919285714285512
5067,0.0009942857142856809
5068,0.0009504642857143507
5069,0.0009139285714286112
5070,0.00088832142857141
5071,0.0008865000000000123
5072,0.0008747142857142113
5073,0.0008598214285714992
5074,0.0008520000000000242
5075,0.0008251071428571574
5076,0.0008098928571429147
5077,0.0007967142857142713
5078,0.0007929642857142991
5079,0.0008047499999999478
5080,0.0008152499999999309
5081,0.0008207142857142762
5082,0.0008205000000000748
5083,0.0008076428571428095
5084,0.0007864285714286419
5085,0.000765107142857145
5086,0.0007655357142857002
5087,0.0008105357142856714
5088,0.0008170714285714809
5089,0.000819749999999989
5090,0.0008097857142857379
5091,0.0008153571428571078
5092,0.0008205000000000748
5093,0.0008431071428570849
5094,0.0008360357142856958
5095,0.0008048571428571246
5096,0.0008032499999999285
5097,0.0008104285714286468
5098,0.0008188928571428786
5099,0.0008127857142857766
5100,0.0007927499999999453
5101,0.0007961785714285392
5102,0.0008357142857143174
5103,0.0008479285714285213
5104,0.0008244642857142485
5105,0.0008105357142856714
5106,0.0007948928571428736
5107,0.0007866428571428433
5108,0.0007780714285714347
5109,0.0008065714285714977
5110,0.0008359285714285189
5111,0.0008347500000000301
5112,0.0008398928571428448
5113,0.0008404285714285769
5114,0.000837535714285715
5115,0.0008284285714285744
5116,0.0008193214285714338
5117,0.0008234999999999612
5118,0.0008011071428571524
5119,0.0007970357142856496
5120,0.0008195357142857875
5121,0.0008450357142856595
5122,0.000857035714285662
5123,0.0008670000000000653
5124,0.0008494285714285407
5125,0.0007968214285714482
5126,0.0008030357142857269
5127,0.0008338928571429197
5128,0.0008222142857142956
5129,0.000819749999999989
5130,0.0008001428571428651
5131,0.0007791428571428989
5132,0.0008097857142857379
5133,0.0008091428571428289
5134,0.0008106428571428483
5135,0.0008251071428571574
5136,0.0008315357142857899
5137,0.000824785714285779
5138,0.0008196428571428121
5139,0.0007948928571428736
5140,0.000751071428571391
5141,0.0007925357142857439
5142,0.0008372142857143367
5143,0.0008363571428570741
5144,0.0008228571428572044
5145,0.0008118214285714893
5146,0.0008094642857143596
5147,0.0008278928571428424
5148,0.0008206071428570993
5149,0.0008071071428570776
5150,0.0008231785714285829
5151,0.0008304642857143258
5152,0.0008178214285714144
5153,0.0008052857142856799
5154,0.0008244642857142485
5155,0.0008406428571429306
5156,0.000830892857142881
5157,0.0008269285714285551
5158,0.0008098928571429147
5159,0.0008023928571428181
5160,0.000826392857142823
5161,0.0008617500000000738
5162,0.0008607857142857865
5163,0.0008405357142857538
5164,0.0008592857142857671
5165,0.0008555357142856427
5166,0.0008525357142857563
5167,0.0008784642857143358
5168,0.0008997857142856804
5169,0.0009325714285714476
5170,0.0009385714285713727
5171,0.0009341785714286439
5172,0.0009164999999999423
5173,0.000871607142857148
5174,0.0008550000000000628
5175,0.0008577857142857479
5176,0.0008772857142856947
5177,0.000876107142857206
5178,0.0008594999999999686
5179,0.0008459999999999468
5180,0.0008406428571429306
5181,0.0008258571428570909
5182,0.0008208214285714531
5183,0.0008430000000000604
5184,0.0008616428571428969
5185,0.0008260714285714447
5186,0.0008103214285714699
5187,0.0008314285714286131
5188,0.0008252142857143342
5189,0.0008400000000000217
5190,0.0008363571428570741
5191,0.0008422499999999745
5192,0.0008398928571428448
5193,0.0008137500000000639
5194,0.0008698928571429272
5195,0.0009103928571428404
5196,0.0009554999999999885
5197,0.001070785714285754
5198,0.0011990357142856567
5199,0.001333821428571369
5200,0.0014665714285714822
5201,0.0015773571428571896
5202,0.001612714285714288
5203,0.00158142857142854
5204,0.001403035714285699
5205,0.0010762499999999468
5206,0.000752357142857209
5207,0.0006138214285713721
5208,0.0005781428571428953
5209,0.0005910000000000082
5210,0.0005825357142857765
5211,0.0005881071428571464
5212,0.0006340714285714049
5213,0.0007039285714286438
5214,0.0007430357142857145
5215,0.0007805357142857413
5216,0.0008043214285713926
5217,0.0008243571428570716
5218,0.0008887499999999652
5219,0.000922928571428575
5220,0.0009049285714286474
5221,0.0008969999999999955
5222,0.0009316071428571604
5223,0.0009423214285714973
5224,0.0009399642857142153
5225,0.0009566785714286295
5226,0.0009585000000000271
5227,0.000944142857142895
5228,0.0009477857142856903
5229,0.000951428571428638
5230,0.0009823928571428553
5231,0.0010149642857142688
5232,0.001047321428571481
5233,0.001018714285714241
5234,0.0009819642857143002
5235,0.0009849642857143388
5236,0.0009984642857143607
5237,0.0010309285714285973
5238,0.0010509642857142764
5239,0.0010280357142857354
5240,0.0010518214285713868
5241,0.001059535714285685
5242,0.0010708928571429308
5243,0.0010759285714285686
5244,0.0010966071428571565
5245,0.0011082857142857806
5246,0.0011104285714285567
5247,0.0011312142857143215
5248,0.0011503928571428902
5249,0.001148142857142785
5250,0.0011276785714285508
5251,0.001127999999999929
5252,0.0011548928571427958
5253,0.0011957142857142397
5254,0.0012058928571428444
5255,0.0012114642857142144
5256,0.0012247500000000348
5257,0.0012547499999999649
5258,0.0012401785714286312
5259,0.0012162857142856507
5260,0.001211142857142836
5261,0.0012538928571428545
5262,0.0012815357142856548
5263,0.0012774642857143043
5264,0.0012622500000000615
5265,0.0012342857142857307
5266,0.0012313928571428688
5267,0.001250250000000059
5268,0.00124639285714291
5269,0.001231714285714247
5270,0.0012130714285714106
5271,0.0011929285714285546
5272,0.0011874642857143617
5273,0.0011783571428570687
5274,0.0011429999999999702
5275,0.001125857142857153
5276,0.0011139642857143275
5277,0.001079571428571364
5278,0.0010340357142856606
5279,0.0010164642857142883
5280,0.0010351071428571247
5281,0.0010069285714285924
5282,0.0009728571428571594
5283,0.0009520714285713946
5284,0.0009394285714286355
5285,0.0009409285714285026
5286,0.000922928571428575
5287,0.000908892857142821
5288,0.0008945357142856888
5289,0.0008663571428571564
5290,0.0008479285714285213
5291,0.0008764285714285843
5292,0.0008836071428571505
5293,0.0008674285714286205
5294,0.0008673214285714436
5295,0.0008443928571429029
5296,0.0008022857142856412
5297,0.0008239285714285164
5298,0.0008712857142857696
5299,0.0008950714285714209
5300,0.0008816785714285759
5301,0.0008699999999999518
5302,0.0008368928571428062
5303,0.0008045357142857463
5304,0.0008213571428571852
5305,0.0008379642857142702
5306,0.0008449285714286349
5307,0.0008432142857142618
5308,0.0008246785714286022
5309,0.0008253214285713588
5310,0.0008514642857142921
5311,0.0008532857142856898
5312,0.0008577857142857479
5313,0.0008796428571428245
5314,0.0008651785714285154
5315,0.0008321785714285467
5316,0.0008423571428571514
5317,0.0008825357142856863
5318,0.0008891785714285204
5319,0.0008746071428571867
5320,0.0008517857142856704
5321,0.0008410714285714858
5322,0.000863785714285673
5323,0.0008793214285714462
5324,0.000862714285714361
5325,0.0008359285714285189
5326,0.0008293928571428617
5327,0.0008395714285714665
5328,0.0008705357142856838
5329,0.000873749999999924
5330,0.0008400000000000217
5331,0.0008269285714285551
5332,0.0008467500000000326
5333,0.0008560714285713747
5334,0.0008507142857143586
5335,0.0008714999999999711
5336,0.0008830714285714184
5337,0.0008660357142857781
5338,0.0008666785714285348
5339,0.0008590714285714135
5340,0.0008374285714285383
5341,0.0008433214285714387
5342,0.0008122500000000445
5343,0.0008078571428571633
5344,0.0008494285714285407
5345,0.0008663571428571564
5346,0.0008635714285714714
5347,0.0008650714285714908
5348,0.0008939999999999568
5349,0.0008488928571428086
5350,0.0008494285714285407
5351,0.0008683928571429078
5352,0.0008582142857143031
5353,0.0008555357142856427
5354,0.0008468571428572095
5355,0.000851571428571469
5356,0.00086710714285709
5357,0.0008733214285713688
5358,0.0008896071428570756
5359,0.0008857499999999265
5360,0.0008786785714285372
5361,0.000874928571428565
5362,0.000902249999999987
5363,0.000884999999999993
5364,0.0008896071428570756
5365,0.0009035357142856526
5366,0.0009396428571428369
5367,0.0009417857142857652
5368,0.0009002142857142356
5369,0.0009068571428570697
5370,0.000907821428571357
5371,0.0008811428571428438
5372,0.0008811428571428438
5373,0.0008698928571429272
5374,0.0008339999999999443
5375,0.0008249999999999805
5376,0.0008328214285714555
5377,0.0008332500000000107
5378,0.000864857142857137
5379,0.0008262857142856461
5380,0.0008376428571428919
5381,0.0008558571428571733
5382,0.0008430000000000604
5383,0.0008506071428571817
5384,0.0008564999999999299
5385,0.000844285714285726
5386,0.0008670000000000653
5387,0.0008562857142857285
5388,0.0008434285714286156
5389,0.000854892857142886
5390,0.000878892857142891
5391,0.0009757500000000213
5392,0.0010821428571428475
5393,0.0011730000000000527
5394,0.0012681428571428097
5395,0.0013817142857143543
5396,0.0014942142857142825
5397,0.001562571428571502
5398,0.001542964285714226
5399,0.0013620000000000537
5400,0.001081928571428646
5401,0.000817607142857213
5402,0.0006788571428571747
5403,0.0006359999999999795
5404,0.0005847857142857293
5405,0.0005494285714286308
5406,0.0005431071428571751
5407,0.0005692499999999561
5408,0.0006466071428571394
5409,0.0007005000000000499
5410,0.0007637142857143025
5411,0.0008311071428570825
5412,0.0008672142857142669
5413,0.0008848928571428161
5414,0.0008873571428571227
5415,0.0008684999999999325
5416,0.0008962500000000619
5417,0.0009124285714285918
5418,0.0009379285714286161
5419,0.0009574285714285631
5420,0.0009533571428572124
5421,0.0009490714285713559
5422,0.0009558214285713668
5423,0.0009384642857143482
5424,0.0009326785714286245
5425,0.0009657857142857702
5426,0.0009962142857142555
5427,0.0010036071428571754
5428,0.0010225714285713903
5429,0.0010232142857142992
5430,0.0010503214285713673
5431,0.0010490357142857018
5432,0.0009984642857143607
5433,0.0010059642857143051
5434,0.001036178571428589
5435,0.0010471071428571272
5436,0.001043892857142887
5437,0.0010570714285713784
5438,0.0010677857142857151
5439,0.001090821428571433
5440,0.0011094642857142694
5441,0.0010952142857143141
5442,0.0010926428571428305
5443,0.0010510714285714533
5444,0.0010782857142856983
5445,0.0011691428571429035
5446,0.0011914285714285354
5447,0.0011763214285714697
5448,0.0011944285714285741
5449,0.0012019285714285185
5450,0.0012183214285714022
5451,0.001241892857142852
5452,0.0012467142857142883
5453,0.0012043928571428251
5454,0.0012109285714286347
5455,0.0012647142857142159
5456,0.0012822857142857406
5457,0.0012806785714285444
5458,0.0012688928571428957
5459,0.0012560357142857826
5460,0.0012607500000000422
5461,0.001253571428571476
5462,0.0012553928571428737
5463,0.001266321428571412
5464,0.0012298928571428495
5465,0.0011946428571429277
5466,0.0011636785714285581
5467,0.001163250000000003
5468,0.0011617499999999835
5469,0.0011447142857143433
5470,0.001083964285714245
5471,0.0010540714285714918
5472,0.0010479642857142376
5473,0.0010448571428571744
5474,0.0010078928571428797
5475,0.0009581785714284966
5476,0.0009388928571429034
5477,0.0009531428571428588
5478,0.0009484285714285993
5479,0.000953571428571414
5480,0.0009467142857142262
5481,0.0009214285714285556
5482,0.0008980714285714595
5483,0.0008901428571428077
5484,0.0008807142857142886
5485,0.0008407499999999552
5486,0.0008104285714286468
5487,0.0008420357142857731
5488,0.000858750000000035
5489,0.000857035714285662
5490,0.0008406428571429306
5491,0.0008483571428570765
5492,0.0008437499999999939
5493,0.0008736428571428994
5494,0.0008914285714286255
5495,0.00086710714285709
5496,0.000843642857142817
5497,0.000826392857142823
5498,0.0008290714285714833
5499,0.000843642857142817
5500,0.0008518928571428473
5501,0.0008406428571429306
5502,0.0007994999999999562
5503,0.0008215714285713866
5504,0.0008589642857142366
5505,0.0008255357142857126
5506,0.0008556428571428195
5507,0.0008972142857143491
5508,0.0008636785714284961
5509,0.0008520000000000242
5510,0.0008567142857142837
5511,0.0008593928571427918
5512,0.0008494285714285407
5513,0.000857678571428571
5514,0.0008842500000000594
5515,0.0008743928571428329
5516,0.0008728928571428135
5517,0.0008919642857143576
5518,0.0008660357142857781
5519,0.0008372142857143367
5520,0.0008316428571428146
5521,0.0008559642857143501
5522,0.0008901428571428077
5523,0.0008760000000000291
5524,0.0008698928571429272
5525,0.0008511428571429138
5526,0.0008628214285713857
5527,0.0008859642857142802
5528,0.0008826428571428632
5529,0.0008798571428571783
5530,0.0008701071428571286
5531,0.0008359285714285189
5532,0.0008579999999999493
5533,0.0009284999999999449
5534,0.0009037500000000063
5535,0.0008543571428571539
5536,0.0008591785714285903
5537,0.000881035714285667
5538,0.0008807142857142886
5539,0.0008481428571428751
5540,0.0008647499999999602
5541,0.0008931428571428464
5542,0.0008686071428571093
5543,0.0008799642857143551
5544,0.0008718214285715017
5545,0.0008748214285713881
5546,0.0008674285714286205
5547,0.0008769642857143164
5548,0.0008976428571429043
5549,0.0009079285714285337
5550,0.0009171428571428513
5551,0.0008966785714286171
5552,0.0008797500000000014
5553,0.0009129642857143239
5554,0.000929571428571409
5555,0.0008856428571429019
5556,0.0008930357142856695
5557,0.0009054642857142272
5558,0.0009106071428571941
5559,0.000929571428571409
5560,0.0009581785714284966
5561,0.0009749999999999354
5562,0.0009621428571428226
5563,0.0009370714285713535
5564,0.0009444642857142733
5565,0.0009249642857143263
5566,0.0008884285714285869
5567,0.0008621785714286289
5568,0.0008486785714286072
5569,0.0008471785714285878
5570,0.000865500000000046
5571,0.0009048214285714705
5572,0.000896142857142885
5573,0.0008706428571428607
5574,0.0008645357142857587
5575,0.0008799642857143551
5576,0.0008752499999999433
5577,0.0008664642857143333
5578,0.0008719285714285264
5579,0.0008741785714286315
5580,0.0008600357142857007
5581,0.0008583214285714798
5582,0.0008785714285713603
5583,0.0008712857142857696
5584,0.0009145714285713678
5585,0.001033928571428636
5586,0.0011237142857142247
5587,0.0012491785714285949
5588,0.0014378571428572177
5589,0.0015778928571429215
5590,0.0016487142857142954
5591,0.0017051785714285372
5592,0.0016487142857142954
5593,0.0014424642857143004
5594,0.0011318571428570782
5595,0.0008022857142856412
5596,0.0006527142857142414
5597,0.000635785714285778
5598,0.0005953928571428894
5599,0.0005461071428572138
5600,0.0005728928571429037
5601,0.0006581785714285868
5602,0.0007217142857142176
5603,0.0007882500000000396
5604,0.0008525357142857563
5605,0.0008781428571428051
5606,0.000896142857142885
5607,0.0009065357142856913
5608,0.000914035714285788
5609,0.0009124285714285918
5610,0.000905571428571404
5611,0.0009419999999999667
5612,0.0009381428571428175
5613,0.0009110357142857493
5614,0.0009565714285714527
5615,0.0010212857142857246
5616,0.0010451785714285526
5617,0.0010234285714285005
5618,0.0010051071428571947
5619,0.001001999999999979
5620,0.000988821428571488
5621,0.0009876428571428469
5622,0.0010069285714285924
5623,0.001033928571428636
5624,0.001056214285714268
5625,0.0010683214285714473
5626,0.0010497857142857875
5627,0.0010364999999999671
5628,0.001045607142857108
5629,0.0010469999999999503
5630,0.001044428571428619
5631,0.0010621071428571684
5632,0.0010836428571428668
5633,0.0010906071428570792
5634,0.001105285714285742
5635,0.001123071428571468
5636,0.0011261785714285315
5637,0.0011528571428571967
5638,0.0011809285714285522
5639,0.0011980714285713694
5640,0.0011779285714285136
5641,0.0011762142857142928
5642,0.0012122142857143002
5643,0.0012162857142856507
5644,0.001242428571428584
5645,0.0012740357142857104
5646,0.0012841071428571383
5647,0.001280357142857166
5648,0.0012901071428572156
5649,0.0012842142857143152
5650,0.001281000000000075
5651,0.0012744642857142655
5652,0.0012614999999999757
5653,0.00126257142857144
5654,0.0012587142857142907
5655,0.0012618214285713542
5656,0.0012536785714285007
5657,0.0012548571428571418
5658,0.001234607142857109
5659,0.0011888571428572041
5660,0.0011713928571428563
5661,0.001177821428571489
5662,0.0011796428571428867
5663,0.0011277857142857276
5664,0.0010843928571428003
5665,0.001085142857142886
5666,0.001076892857142856
5667,0.0010713214285714859
5668,0.001071214285714309
5669,0.0010401428571429148
5670,0.001027178571428625
5671,0.0009966428571428106
5672,0.0009465000000000247
5673,0.0009333214285713813
5674,0.0009335357142857349
5675,0.0008842500000000594
5676,0.0008641071428572035
5677,0.0008897142857142525
5678,0.0009035357142856526
5679,0.0008968928571428186
5680,0.000872785714285789
5681,0.0008641071428572035
5682,0.0008402142857142232
5683,0.0008461071428571237
5684,0.0008544642857143308
5685,0.0008524285714285794
5686,0.0008650714285714908
5687,0.0008508214285713832
5688,0.000843642857142817
5689,0.0008391428571429113
5690,0.000833678571428566
5691,0.0008447142857142812
5692,0.0008418214285714193
5693,0.0008443928571429029
5694,0.0008754642857142971
5695,0.0009143571428571664
5696,0.0008884285714285869
5697,0.0008736428571428994
5698,0.0008988214285713931
5699,0.0009021428571428102
5700,0.0008659285714286012
5701,0.0008525357142857563
5702,0.0008817857142857528
5703,0.0008865000000000123
5704,0.0008550000000000628
5705,0.0008651785714285154
5706,0.0008698928571429272
5707,0.000837535714285715
5708,0.0008757857142856754
5709,0.0008918571428571808
5710,0.0008997857142856804
5711,0.0008892857142856973
5712,0.0008582142857143031
5713,0.0008511428571429138
5714,0.0008568214285714606
5715,0.0008667857142857116
5716,0.0008953928571427992
5717,0.0009063214285714898
5718,0.0008769642857143164
5719,0.0008694642857142197
5720,0.0008505000000000048
5721,0.0008605714285714328
5722,0.0008982857142856611
5723,0.000868178571428554
5724,0.0008569285714286374
5725,0.000926249999999992
5726,0.0009275357142856576
5727,0.0008975357142857275
5728,0.000865500000000046
5729,0.0008523214285714025
5730,0.0008764285714285843
5731,0.000901714285714255
5732,0.0009005357142857662
5733,0.0008973214285713738
5734,0.000896142857142885
5735,0.0008798571428571783
5736,0.0008846785714286146
5737,0.0008901428571428077
5738,0.0008582142857143031
5739,0.0008310000000000579
5740,0.0008486785714286072
5741,0.0008890714285714957
5742,0.0009020357142857855
5743,0.0009451071428571822
5744,0.0009544285714285244
5745,0.0009241071428572159
5746,0.0009009642857143214
5747,0.000882214285714308
5748,0.0008676428571428221
5749,0.0008914285714286255
5750,0.0009118928571428597
5751,0.0008929285714286448
5752,0.0008712857142857696
5753,0.0008870357142857444
5754,0.000905035714285672
5755,0.0008990357142857468
5756,0.0008980714285714595
5757,0.0009671785714286126
5758,0.0010018928571428022
5759,0.0009754285714286429
5760,0.0010097142857142772
5761,0.0009856071428570954
5762,0.0009683571428571014
5763,0.0009576428571429168
5764,0.0008986071428571916
5765,0.0008630357142857393
5766,0.0008545714285713554
5767,0.0008748214285713881
5768,0.0009012857142856997
5769,0.0009219642857142877
5770,0.0008939999999999568
5771,0.0008914285714286255
5772,0.0008906785714285397
5773,0.000874928571428565
5774,0.0008705357142856838
5775,0.0008699999999999518
5776,0.0008784642857143358
5777,0.0008762142857142306
5778,0.0008693571428571951
5779,0.0008777142857142499
5780,0.0008682857142857309
5781,0.0008898214285714293
5782,0.0009487499999999776
5783,0.001048392857142793
5784,0.0011635714285713813
5785,0.0013133571428571348
5786,0.0014816785714285479
5787,0.0016156071428571497
5788,0.0016915714285714906
5789,0.0017335714285714233
5790,0.0016786071428572008
5791,0.0014348571428571789
5792,0.0010727142857143285
5793,0.0007942499999999646
5794,0.000711000000000033
5795,0.0006855000000000087
5796,0.0006529285714285952
5797,0.0006050357142857621
5798,0.0006100714285714
5799,0.0007592142857142445
5800,0.000820285714285721
5801,0.0008188928571428786
5802,0.000846964285714234
5803,0.000905571428571404
5804,0.0009346071428571991
5805,0.000937392857142884
5806,0.0009343928571428453
5807,0.0009306428571428731
5808,0.0009361071428572184
5809,0.000940178571428569
5810,0.000936857142857152
5811,0.0009513214285714611
5812,0.0009761785714285764
5813,0.000968678571428632
5814,0.0009743571428571788
5815,0.0010234285714285005
5816,0.001056642857142823
5817,0.001032857142857172
5818,0.001014857142857092
5819,0.0010270714285714481
5820,0.0010677857142857151
5821,0.0010435714285713564
5822,0.0010206428571428157
5823,0.0010398214285713843
5824,0.0010816071428571153
5825,0.0011049642857142114
5826,0.0010875000000000158
5827,0.0010686428571428255
5828,0.0010724999999999747
5829,0.0010810714285713833
5830,0.0010849285714285323
5831,0.0011171785714285676
5832,0.0011338928571428296
5833,0.001140321428571462
5834,0.0011527500000000199
5835,0.0011617499999999835
5836,0.0011768571428572017
5837,0.0012065357142857535
5838,0.0012221785714285514
5839,0.0012163928571428276
5840,0.0012378214285715015
5841,0.0012673928571428762
5842,0.0012949285714284997
5843,0.0012650357142857465
5844,0.0012442499999999817
5845,0.0012771428571429259
5846,0.0012995357142857346
5847,0.0012985714285714473
5848,0.00128196428571421
5849,0.001285928571428536
5850,0.0013129285714285797
5851,0.0013189285714285046
5852,0.0013125000000000244
5853,0.0012821785714285637
5854,0.0012760714285714617
5855,0.0012679285714286084
5856,0.001271892857142782
5857,0.0012721071428571358
5858,0.0012300000000000264
5859,0.00118778571428574
5860,0.001167750000000061
5861,0.0011631428571428262
5862,0.0011355000000000258
5863,0.001090714285714256
5864,0.0010624285714285467
5865,0.0010547142857142485
5866,0.0010585714285713977
5867,0.001032749999999995
5868,0.0009693214285713886
5869,0.0009638571428571956
5870,0.0009819642857143002
5871,0.0009455357142857374
5872,0.0009154285714286305
5873,0.0008992499999999483
5874,0.0009108214285713956
5875,0.0009200357142857131
5876,0.0009162857142857409
5877,0.0009013928571428766
5878,0.0008686071428571093
5879,0.0008812500000000207
5880,0.0009360000000000416
5881,0.000930107142857141
5882,0.0008947500000000425
5883,0.0008874642857142996
5884,0.0008791071428570924
5885,0.0008839285714285288
5886,0.0008892857142856973
5887,0.0008574642857142172
5888,0.0008601428571428776
5889,0.000892285714285736
5890,0.0008903571428571614
5891,0.0008680714285713773
5892,0.000872785714285789
5893,0.0009004285714285893
5894,0.0009085714285714427
5895,0.0009062142857143129
5896,0.0009073928571428018
5897,0.0008854285714285481
5898,0.0008747142857142113
5899,0.0008626071428571841
5900,0.0008917500000000039
5901,0.0009117857142856828
5902,0.0008969999999999955
5903,0.0008992499999999483
5904,0.0008697857142857503
5905,0.0008329285714286324
5906,0.0008649642857143139
5907,0.000874928571428565
5908,0.0009098571428571083
5909,0.000953571428571414
5910,0.0009516428571428394
5911,0.0008965714285714403
5912,0.0008931428571428464
5913,0.0009023571428571638
5914,0.000908892857142821
5915,0.0009008571428571445
5916,0.0009031071428570975
5917,0.0009202500000000668
5918,0.0009081428571428875
5919,0.0008976428571429043
5920,0.0009100714285714621
5921,0.0009061071428571361
5922,0.0008757857142856754
5923,0.0008842500000000594
5924,0.0009137142857142574
5925,0.0009197142857143348
5926,0.000905035714285672
5927,0.0009221785714286414
5928,0.0009592499999999608
5929,0.00092014285714289
5930,0.0008679642857143526
5931,0.0008754642857142971
5932,0.0009059999999999592
5933,0.0009267857142857241
5934,0.0009181071428571386
5935,0.0009037500000000063
5936,0.00088832142857141
5937,0.0008898214285714293
5938,0.0008827500000000401
5939,0.0009242142857142406
5940,0.00093953571428566
5941,0.0009228214285713981
5942,0.0008972142857143491
5943,0.0008837142857143274
5944,0.0008979642857142828
5945,0.0008951785714285977
5946,0.0009063214285714898
5947,0.0009200357142857131
5948,0.0009277500000000114
5949,0.0009465000000000247
5950,0.0009589285714285824
5951,0.0009524999999999498
5952,0.000965357142857215
5953,0.0010091785714285452
5954,0.000986999999999938
5955,0.0009402857142857459
5956,0.0009331071428571797
5957,0.000958607142857204
5958,0.0010133571428570726
5959,0.0010123928571427853
5960,0.0009825000000000322
5961,0.0009706071428572066
5962,0.0009485357142857762
5963,0.0009384642857143482
5964,0.0009319285714285388
5965,0.000925607142857083
5966,0.000911678571428506
5967,0.0008931428571428464
5968,0.0008743928571428329
5969,0.0009080357142857106
5970,0.0009206785714286221
5971,0.0008827500000000401
5972,0.0008911071428570949
5973,0.0009033214285714511
5974,0.0009485357142857762
5975,0.0009585000000000271
5976,0.0009091071428571748
5977,0.0008989285714285699
5978,0.0008905714285713628
5979,0.0008833928571427967
5980,0.000951428571428638
5981,0.0009783214285713525
5982,0.0010842857142857756
5983,0.001242428571428584
5984,0.0013826785714286416
5985,0.0015387857142856985
5986,0.0016964999999999517
5987,0.0017856428571427837
5988,0.0017814642857142563
5989,0.0016468928571428977
5990,0.001320428571428524
5991,0.0009749999999999354
5992,0.0008030357142857269
5993,0.0007391785714285654
5994,0.0006863571428571191
5995,0.000634607142857137
5996,0.0006241071428571538
5997,0.0006781071428570888
5998,0.0007157142857142925
5999,0.0007850357142856471
6000,0.0008824285714285094
6001,0.0009457499999999389
6002,0.0009619285714286211
6003,0.0009571071428571848
6004,0.000940178571428569
6005,0.0009598928571428697
6006,0.0009976071428570979
6007,0.0009804642857142807
6008,0.0009863571428571812
6009,0.0009909642857142639
6010,0.0009432857142857846
6011,0.000949607142857088
6012,0.0009897857142857752
6013,0.0009923571428571063
6014,0.000960857142857157
6015,0.0009485357142857762
6016,0.0010476428571428594
6017,0.0010924285714286291
6018,0.0010611428571428811
6019,0.0010525714285714726
6020,0.0010521428571429172
6021,0.0010601785714285938
6022,0.0010755000000000133
6023,0.0010798928571428945
6024,0.0010574999999999335
6025,0.001031571428571354
6026,0.0010650000000000301
6027,0.0011557500000000584
6028,0.0011598214285714092
6029,0.0011196428571428742
6030,0.001121357142857095
6031,0.001162607142857094
6032,0.0011963571428571485
6033,0.0011847857142857014
6034,0.001176642857142848
6035,0.0012163928571428276
6036,0.001237392857142794
6037,0.0012417857142856751
6038,0.001251857142857103
6039,0.001258499999999937
6040,0.0012595714285714012
6041,0.0012616071428571526
6042,0.001251857142857103
6043,0.001270928571428647
6044,0.0013220357142857202
6045,0.0013081071428571432
6046,0.0012928928571429006
6047,0.0013311428571428608
6048,0.0013145357142857758
6049,0.001274250000000064
6050,0.0012846428571428703
6051,0.0013039285714286158
6052,0.001309821428571364
6053,0.0012956785714285854
6054,0.001289785714285685
6055,0.0012849642857142487
6056,0.001231178571428515
6057,0.0012187499999999573
6058,0.0012202499999999768
6059,0.001181035714285729
6060,0.001163250000000003
6061,0.0011486785714285171
6062,0.0011133214285714186
6063,0.0011034642857143443
6064,0.00111857142857141
6065,0.0010731428571428836
6066,0.001029428571428578
6067,0.0009983571428571838
6068,0.000962999999999933
6069,0.0009632142857142866
6070,0.0009619285714286211
6071,0.0009332142857143566
6072,0.0009013928571428766
6073,0.0008806071428571118
6074,0.0008926071428571143
6075,0.0009196071428571579
6076,0.0009066428571428681
6077,0.0009192857142857795
6078,0.0009358928571428647
6079,0.0008974285714285507
6080,0.0008816785714285759
6081,0.0008804999999999349
6082,0.0008991428571429237
6083,0.0008830714285714184
6084,0.0008533928571428667
6085,0.0008641071428572035
6086,0.000886178571428634
6087,0.0008687142857142861
6088,0.0008889642857143189
6089,0.0009103928571428404
6090,0.0008934642857142247
6091,0.0008406428571429306
6092,0.0008376428571428919
6093,0.0008589642857142366
6094,0.0008831785714285953
6095,0.0009142499999999895
6096,0.0008993571428571252
6097,0.0008990357142857468
6098,0.0008754642857142971
6099,0.0008581071428571262
6100,0.0008694642857142197
6101,0.0008821071428571311
6102,0.0008899285714286062
6103,0.0008625000000000074
6104,0.0008882142857142331
6105,0.0009221785714286414
6106,0.0009176785714285834
6107,0.000905035714285672
6108,0.0008824285714285094
6109,0.0008741785714286315
6110,0.00087214285714288
6111,0.0008856428571429019
6112,0.0008951785714285977
6113,0.0008980714285714595
6114,0.0009061071428571361
6115,0.0008945357142856888
6116,0.0009182142857143155
6117,0.0009322500000000693
6118,0.0009068571428570697
6119,0.0008731071428571673
6120,0.0008963571428570865
6121,0.0008996785714285035
6122,0.0008989285714285699
6123,0.0008904642857143382
6124,0.0008807142857142886
6125,0.0008904642857143382
6126,0.0008703214285714824
6127,0.0008620714285714522
6128,0.0008703214285714824
6129,0.0008862857142856585
6130,0.0008991428571429237
6131,0.0008953928571427992
6132,0.0009047142857142936
6133,0.000894428571428512
6134,0.0008672142857142669
6135,0.0008797500000000014
6136,0.0008941071428571336
6137,0.0009245357142857711
6138,0.0009573214285713862
6139,0.0009528214285714805
6140,0.0009326785714286245
6141,0.0009059999999999592
6142,0.000903428571428628
6143,0.0008679642857143526
6144,0.0008632499999999409
6145,0.000913500000000056
6146,0.0009394285714286355
6147,0.0009427500000000525
6148,0.0009520714285713946
6149,0.0009478928571428672
6150,0.0009431785714286077
6151,0.0009509999999999305
6152,0.0009415714285714115
6153,0.000916178571428564
6154,0.0009003214285714125
6155,0.0009685714285714551
6156,0.0010182857142856858
6157,0.0010007142857143135
6158,0.0009752142857142892
6159,0.0009375000000000609
6160,0.0009012857142856997
6161,0.0008771785714285179
6162,0.0008837142857143274
6163,0.0009030000000000728
6164,0.0009193928571428042
6165,0.0009437142857143398
6166,0.0009255000000000584
6167,0.0008634642857142945
6168,0.0008634642857142945
6169,0.0009063214285714898
6170,0.0009148928571428984
6171,0.0009176785714285834
6172,0.0009186428571428707
6173,0.0008881071428572084
6174,0.0008785714285713603
6175,0.0009038571428571832
6176,0.0008995714285714789
6177,0.0008691428571428413
6178,0.0008771785714285179
6179,0.0009257142857142599
6180,0.000994178571428504
6181,0.0010877142857142173
6182,0.0012203571428571537
6183,0.0013989642857143484
6184,0.0015394285714286074
6185,0.0016441071428572127
6186,0.0017200714285714013
6187,0.0017813571428570794
6188,0.0016524642857142678
6189,0.0013039285714286158
6190,0.0009533571428572124
6191,0.0007738928571429073
6192,0.0007115357142857651
6193,0.0006439285714286314
6194,0.0005868214285714808
6195,0.0006018214285713697
6196,0.0006665357142856416
6197,0.0007396071428571206
6198,0.0007892142857143268
6199,0.0008098928571429147
6200,0.0008405357142857538
6201,0.0008821071428571311
6202,0.0009355714285714864
6203,0.0009664285714285269
6204,0.0009665357142857037
6205,0.0009670714285714358
6206,0.0009531428571428588
6207,0.0009429642857142539
6208,0.0009488571428571545
6209,0.000980249999999927
6210,0.0009759642857142227
6211,0.0009764999999999548
6212,0.0009932142857142167
6213,0.0009919285714285512
6214,0.0010244999999999647
6215,0.0010234285714285005
6216,0.000987107142857115
6217,0.001006500000000037
6218,0.001038964285714274
6219,0.0010611428571428811
6220,0.0010686428571428255
6221,0.0010591071428571297
6222,0.001057178571428555
6223,0.001036178571428589
6224,0.0010423928571428678
6225,0.001078500000000052
6226,0.0011172857142857445
6227,0.0011346428571429154
6228,0.0011343214285713847
6229,0.0011712857142856794
6230,0.0011668928571427982
6231,0.0011340000000000065
6232,0.0011562857142856384
6233,0.0011628214285714477
6234,0.001149214285714249
6235,0.0011627142857142708
6236,0.0012155357142857172
6237,0.0012341785714285538
6238,0.0012303214285714046
6239,0.001272535714285691
6240,0.0012646071428571912
6241,0.0012411428571429185
6242,0.0012673928571428762
6243,0.0013097142857143394
6244,0.0013041428571428173
6245,0.001308321428571497
6246,0.001292999999999925
6247,0.0013026428571427978
6248,0.0013123928571428475
6249,0.0013002857142856681
6250,0.0012862500000000664
6251,0.0012573214285714483
6252,0.0012660000000000338
6253,0.0012829285714284972
6254,0.0012771428571429259
6255,0.0012443571428571586
6256,0.001186071428571367
6257,0.0011456785714286306
6258,0.0011915357142857123
6259,0.0011738571428571629
6260,0.0011389285714286197
6261,0.0011134285714285953
6262,0.0010755000000000133
6263,0.0010616785714286131
6264,0.0010378928571428097
6265,0.0010142142857143353
6266,0.0009955714285714988
6267,0.0009725357142857811
6268,0.0009383571428571713
6269,0.000922285714285666
6270,0.0009537857142857676
6271,0.0009469285714285799
6272,0.0008897142857142525
6273,0.000863785714285673
6274,0.0008763214285714075
6275,0.0009020357142857855
6276,0.0009033214285714511
6277,0.0008862857142856585
6278,0.0008807142857142886
6279,0.0008741785714286315
6280,0.000897749999999929
6281,0.0008832857142857722
6282,0.0008615357142857201
6283,0.0008777142857142499
6284,0.0008659285714286012
6285,0.0008493214285713638
6286,0.0008502857142856511
6287,0.0008677499999999988
6288,0.0008658214285714244
6289,0.0008493214285713638
6290,0.0008741785714286315
6291,0.0008918571428571808
6292,0.0009003214285714125
6293,0.0008812500000000207
6294,0.0008690357142856645
6295,0.0008735357142857225
6296,0.0009153214285714536
6297,0.0009266785714285472
6298,0.0008754642857142971
6299,0.0008491071428571624
6300,0.0008898214285714293
6301,0.0009198214285713594
6302,0.0009112499999999508
6303,0.0009024642857143407
6304,0.000907821428571357
6305,0.0008846785714286146
6306,0.0008484642857142534
6307,0.0008577857142857479
6308,0.0008781428571428051
6309,0.0008829642857142415
6310,0.0008934642857142247
6311,0.0008997857142856804
6312,0.0008811428571428438
6313,0.0008873571428571227
6314,0.000900107142857211
6315,0.0009070714285714233
6316,0.0009223928571428429
6317,0.0009103928571428404
6318,0.0008588571428572119
6319,0.0008571428571428389
6320,0.0008575714285713941
6321,0.0008356071428571405
6322,0.0008969999999999955
6323,0.0009544285714285244
6324,0.0009304285714285194
6325,0.0009213214285713787
6326,0.0009151071428570999
6327,0.0009071785714286002
6328,0.0009111428571429262
6329,0.0009105000000000173
6330,0.0008791071428570924
6331,0.0008566071428571068
6332,0.000896142857142885
6333,0.0009117857142856828
6334,0.0009127499999999701
6335,0.0009108214285713956
6336,0.0009052500000000257
6337,0.0009066428571428681
6338,0.0009177857142857603
6339,0.0008867142857142137
6340,0.0008953928571427992
6341,0.0009313928571428067
6342,0.0008937857142857552
6343,0.0008740714285714546
6344,0.0008992499999999483
6345,0.0009028928571428959
6346,0.0008868214285713906
6347,0.0009243214285714174
6348,0.0009490714285713559
6349,0.0009400714285713921
6350,0.0009337499999999365
6351,0.0009145714285713678
6352,0.0009447857142856516
6353,0.0009735000000000684
6354,0.000959678571428516
6355,0.0009592499999999608
6356,0.0009931071428571922
6357,0.0010090714285713683
6358,0.0009947142857142362
6359,0.0009697499999999439
6360,0.0009327857142856492
6361,0.0009082500000000644
6362,0.0009202500000000668
6363,0.00092014285714289
6364,0.0008954999999999761
6365,0.0008597142857143223
6366,0.0008600357142857007
6367,0.0008931428571428464
6368,0.0008971071428571723
6369,0.0008976428571429043
6370,0.0008765357142857612
6371,0.0008606785714286096
6372,0.0009115714285714814
6373,0.0009211071428571773
6374,0.0009074999999999785
6375,0.0008693571428571951
6376,0.0008709642857142391
6377,0.0008904642857143382
6378,0.0009072857142857771
6379,0.0009573214285713862
6380,0.0010158214285713792
6381,0.0010789285714286072
6382,0.0012037500000000685
6383,0.0013313571428572146
6384,0.0014980714285714315
6385,0.0016211785714285198
6386,0.0016722857142857453
6387,0.0016761428571428942
6388,0.0014978571428570777
6389,0.0011598214285714092
6390,0.0008333571428571876
6391,0.0007066071428571518
6392,0.0006809999999999507
6393,0.0006433928571428993
6394,0.0005930357142857596
6395,0.0005976428571428423
6396,0.0006706071428571444
6397,0.0007445357142857339
6398,0.0007897500000000589
6399,0.0008173928571428592
6400,0.0008583214285714798
6401,0.0008834999999999736
6402,0.0009286071428571218
6403,0.0009471428571427814
6404,0.0009313928571428067
6405,0.000942857142857077
6406,0.000985500000000071
6407,0.0009828214285714106
6408,0.0009497142857142649
6409,0.0009400714285713921
6410,0.0009539999999999692
6411,0.0010073571428571475
6412,0.0010175357142857523
6413,0.0010123928571427853
6414,0.001030071428571487
6415,0.0010381071428571635
6416,0.0010369285714285225
6417,0.001043892857142887
6418,0.0010364999999999671
6419,0.001004785714285664
6420,0.0010201071428570835
6421,0.0010657499999999639
6422,0.001091892857142897
6423,0.0010796785714285407
6424,0.0010797857142857176
6425,0.0010730357142857067
6426,0.0010647857142856766
6427,0.0010637142857142124
6428,0.001096821428571358
6429,0.0011487857142856938
6430,0.001145892857142832
6431,0.0011659285714285112
6432,0.0011799642857142649
6433,0.0011603571428571411
6434,0.0011601428571427874
6435,0.001152107142857111
6436,0.0011748214285714502
6437,0.001231178571428515
6438,0.0012368571428572142
6439,0.0012326785714285343
6440,0.001239535714285722
6441,0.0012415714285714736
6442,0.00127639285714284
6443,0.0012950357142856765
6444,0.001273607142857155
6445,0.0012565714285713626
6446,0.0012608571428570669
6447,0.0012393214285713685
6448,0.001232464285714333
6449,0.0012494999999999733
6450,0.0012887142857142208
6451,0.001297714285714337
6452,0.001259250000000023
6453,0.0012565714285713626
6454,0.0012327857142857112
6455,0.001207392857142864
6456,0.0012116785714285682
6457,0.0012082499999999743
6458,0.0011389285714286197
6459,0.0010821428571428475
6460,0.0010995000000000184
6461,0.0010927500000000073
6462,0.001072821428571353
6463,0.0010668214285714278
6464,0.0010329642857143488
6465,0.0010138928571428048
6466,0.0009850714285713634
6467,0.0009840000000000515
6468,0.0009886071428571342
6469,0.0009550714285714333
6470,0.0009275357142856576
6471,0.0009217499999999339
6472,0.0008971071428571723
6473,0.0008662499999999796
6474,0.0008564999999999299
6475,0.000868178571428554
6476,0.0008897142857142525
6477,0.0008757857142856754
6478,0.0008457857142857453
6479,0.000871607142857148
6480,0.000896142857142885
6481,0.0008859642857142802
6482,0.0008806071428571118
6483,0.0008827500000000401
6484,0.000862714285714361
6485,0.0008550000000000628
6486,0.0008808214285714655
6487,0.0008914285714286255
6488,0.0008593928571427918
6489,0.0008430000000000604
6490,0.0008768571428571395
6491,0.0008845714285714378
6492,0.0008738571428571008
6493,0.0008960357142857082
6494,0.0008707500000000376
6495,0.0008590714285714135
6496,0.0008833928571427967
6497,0.0008762142857142306
6498,0.0008758928571428523
6499,0.0008938928571429321
6500,0.0009084642857142658
6501,0.0008786785714285372
6502,0.0008634642857142945
6503,0.0008677499999999988
6504,0.0008691428571428413
6505,0.0008729999999999904
6506,0.0008748214285713881
6507,0.0008720357142857032
6508,0.00086710714285709
6509,0.0009123214285714149
6510,0.0009231428571429286
6511,0.0009083571428570889
6512,0.0008801785714285566
6513,0.0008791071428570924
6514,0.0009159642857142103
6515,0.0009101785714286389
6516,0.000892821428571468
6517,0.0008932500000000231
6518,0.0008826428571428632
6519,0.0008718214285715017
6520,0.0008427857142857066
6521,0.0008248928571428037
6522,0.0008647499999999602
6523,0.0008801785714285566
6524,0.0008652857142856923
6525,0.0008505000000000048
6526,0.0008632499999999409
6527,0.0009477857142856903
6528,0.0009354642857143095
6529,0.0009143571428571664
6530,0.0009261428571428151
6531,0.000894964285714244
6532,0.0008871428571429213
6533,0.0008966785714286171
6534,0.0009292500000000306
6535,0.0009512142857142842
6536,0.0009561428571428975
6537,0.0009486428571428007
6538,0.0009175714285714065
6539,0.0009205714285714452
6540,0.0009305357142856963
6541,0.0009309642857142515
6542,0.0009518571428571932
6543,0.0009740357142856481
6544,0.0009610714285713584
6545,0.0009238928571428623
6546,0.0008823214285714849
6547,0.0008544642857143308
6548,0.0009083571428570889
6549,0.0009481071428570686
6550,0.0009402857142857459
6551,0.0009338571428571133
6552,0.0009129642857143239
6553,0.0008965714285714403
6554,0.000873749999999924
6555,0.0008473928571427892
6556,0.0008651785714285154
6557,0.0008821071428571311
6558,0.0008939999999999568
6559,0.0009041785714285615
6560,0.0009138214285714343
6561,0.0008870357142857444
6562,0.0008698928571429272
6563,0.0008740714285714546
6564,0.0008756785714284986
6565,0.0008857499999999265
6566,0.0008840357142857057
6567,0.0009109285714285725
6568,0.0009739285714286236
6569,0.001047750000000036
6570,0.0011137499999999737
6571,0.0012242142857143026
6572,0.0013579285714285507
6573,0.0014802857142857055
6574,0.0015546428571428501
6575,0.001628785714285641
6576,0.0015832499999999378
6577,0.0013261071428570708
6578,0.0009872142857142916
6579,0.0007733571428571752
6580,0.0006721071428571637
6581,0.000613928571428549
6582,0.0005919642857142955
6583,0.0006101785714285768
6584,0.0006352500000000459
6585,0.0006583928571427882
6586,0.0007197857142856431
6587,0.0007810714285714734
6588,0.0008286428571429281
6589,0.0008649642857143139
6590,0.0008931428571428464
6591,0.0009206785714286221
6592,0.000916821428571473
6593,0.0009015000000000534
6594,0.0009483214285714224
6595,0.0009768214285714855
6596,0.0009971785714285428
6597,0.0009807857142856591
6598,0.000937392857142884
6599,0.0009799285714285487
6600,0.001018714285714241
6601,0.001028249999999937
6602,0.0010211785714285477
6603,0.001012607142857139
6604,0.0010413214285714036
6605,0.0010556785714285358
6606,0.001049464285714257
6607,0.0010138928571428048
6608,0.0010277142857143572
6609,0.0010492500000000556
6610,0.001042285714285691
6611,0.0010318928571428846
6612,0.0010722857142857732
6613,0.0010947857142857588
6614,0.001073464285714262
6615,0.001081928571428646
6616,0.0010905000000000545
6617,0.0011054999999999436
6618,0.0011171785714285676
6619,0.0010844999999999772
6620,0.0010954285714285155
6621,0.0011601428571427874
6622,0.0011795357142857098
6623,0.0011758928571429144
6624,0.0012024642857142505
6625,0.0012509999999999926
6626,0.0012206785714285319
6627,0.0012142500000000517
6628,0.0012521785714286336
6629,0.001260321428571487
6630,0.0012582857142857356
6631,0.001289678571428508
6632,0.001317214285714284
6633,0.0013008214285714001
6634,0.0012791785714285251
6635,0.001303285714285707
6636,0.0012968571428570743
6637,0.00125700000000007
6638,0.0012586071428571139
6639,0.0012964285714285192
6640,0.0012634285714285503
6641,0.0012224999999999296
6642,0.0012500357142857053
6643,0.0012290357142857391
6644,0.0011953928571428614
6645,0.0011789999999999776
6646,0.001148142857142785
6647,0.0011323928571428101
6648,0.001105714285714297
6649,0.0010508571428570995
6650,0.0010120714285714071
6651,0.0010058571428571282
6652,0.001030500000000042
6653,0.0010284642857142908
6654,0.000986999999999938
6655,0.0009522857142857484
6656,0.0009230357142857519
6657,0.0009037500000000063
6658,0.0009349285714285774
6659,0.0009221785714286414
6660,0.0008775000000000485
6661,0.0008709642857142391
6662,0.0008905714285713628
6663,0.0008897142857142525
6664,0.0008543571428571539
6665,0.0008252142857143342
6666,0.0008746071428571867
6667,0.0009023571428571638
6668,0.0008826428571428632
6669,0.0008882142857142331
6670,0.0008893928571428741
6671,0.0008734285714285456
6672,0.0008440714285713722
6673,0.0008267142857143536
6674,0.0008656071428570706
6675,0.0008697857142857503
6676,0.000858750000000035
6677,0.0008786785714285372
6678,0.0008779285714286037
6679,0.0008581071428571262
6680,0.0008665714285713579
6681,0.00087214285714288
6682,0.0008556428571428195
6683,0.0008446071428571043
6684,0.0008499642857142728
6685,0.0008754642857142971
6686,0.0008686071428571093
6687,0.0008244642857142485
6688,0.000858750000000035
6689,0.0008913214285714487
6690,0.0008930357142856695
6691,0.0008692500000000182
6692,0.0008318571428571683
6693,0.0008474999999999661
6694,0.0008888571428571421
6695,0.0008884285714285869
6696,0.0008501785714286265
6697,0.0008525357142857563
6698,0.0008757857142856754
6699,0.000916821428571473
6700,0.000891642857142827
6701,0.0008877857142856779
6702,0.0008937857142857552
6703,0.0008665714285713579
6704,0.0008813571428571976
6705,0.000915642857142832
6706,0.0008990357142857468
6707,0.0008891785714285204
6708,0.0008741785714286315
6709,0.0008790000000000679
6710,0.0008874642857142996
6711,0.0008683928571429078
6712,0.000863785714285673
6713,0.0008572500000000158
6714,0.0008616428571428969
6715,0.000878892857142891
6716,0.0008775000000000485
6717,0.0008897142857142525
6718,0.0008917500000000039
6719,0.0008837142857143274
6720,0.0008889642857143189
6721,0.0008929285714286448
6722,0.0008816785714285759
6723,0.0008696785714285734
6724,0.0008874642857142996
6725,0.0009274285714286329
6726,0.0009053571428572026
6727,0.000894428571428512
6728,0.0008993571428571252
6729,0.0008911071428570949
6730,0.0009009642857143214
6731,0.0008954999999999761
6732,0.0008972142857143491
6733,0.0009070714285714233
6734,0.0009162857142857409
6735,0.0009423214285714973
6736,0.0009478928571428672
6737,0.000918964285714249
6738,0.0008974285714285507
6739,0.0009118928571428597
6740,0.0009451071428571822
6741,0.0009421071428571435
6742,0.000911678571428506
6743,0.0008983928571428379
6744,0.0008841428571428826
6745,0.00085092857142856
6746,0.0008386071428571792
6747,0.0008590714285714135
6748,0.0008602500000000544
6749,0.0008513571428571152
6750,0.0008438571428571708
6751,0.0008550000000000628
6752,0.0008777142857142499
6753,0.0008582142857143031
6754,0.0008205000000000748
6755,0.000846964285714234
6756,0.0008714999999999711
6757,0.0008628214285713857
6758,0.0008359285714285189
6759,0.0008493214285713638
6760,0.0008767499999999627
6761,0.0009461785714286464
6762,0.001056214285714268
6763,0.0011563928571428153
6764,0.0012957857142857623
6765,0.0014797499999999733
6766,0.0016174285714285475
6767,0.0016870714285714327
6768,0.0016884642857142751
6769,0.0015376071428572099
6770,0.0012195000000000432
6771,0.0008615357142857201
6772,0.0006817500000000365
6773,0.0006421071428570815
6774,0.0006123214285713529
6775,0.0005574642857143074
6776,0.0005471785714285256
6777,0.0006217500000000241
6778,0.000709821428571392
6779,0.0007593214285714213
6780,0.0007922142857142132
6781,0.000827571428571464
6782,0.000822428571428497
6783,0.0008458928571429222
6784,0.0008859642857142802
6785,0.0009049285714286474
6786,0.0008921785714285591
6787,0.0008753571428571202
6788,0.0008873571428571227
6789,0.0009040714285713847
6790,0.0008982857142856611
6791,0.000900107142857211
6792,0.0009272142857142793
6793,0.0009342857142856685
6794,0.000970821428571408
6795,0.0010071428571427937
6796,0.0009666428571428806
6797,0.0009582857142856735
6798,0.0009638571428571956
6799,0.0009715714285714938
6800,0.0009744642857143557
6801,0.0009917142857143496
6802,0.0009968571428571643
6803,0.0010100357142856556
6804,0.0010423928571428678
6805,0.0010502142857143429
6806,0.0010434642857143318
6807,0.0010652142857142317
6808,0.0010602857142857707
6809,0.0010170000000000203
6810,0.0010324285714286166
6811,0.0010474285714285056
6812,0.001029428571428578
6813,0.001048928571428525
6814,0.0010982142857143527
6815,0.0011333571428570974
6816,0.001146000000000009
6817,0.0011603571428571411
6818,0.0011951785714285077
6819,0.0012116785714285682
6820,0.001179857142857088
6821,0.0011779285714285136
6822,0.0012293571428571173
6823,0.0012386785714286117
6824,0.0012466071428571114
6825,0.001253035714285744
6826,0.001237928571428526
6827,0.001248428571428509
6828,0.001246928571428642
6829,0.001215214285714339
6830,0.0011894999999999608
6831,0.0012260357142857004
6832,0.0012377142857143246
6833,0.0012029999999999827
6834,0.0011886428571428504
6835,0.0011708571428571243
6836,0.0011467499999999425
6837,0.0011248928571428657
6838,0.0011188928571427884
6839,0.0011098928571428245
6840,0.0010677857142857151
6841,0.0010180714285714845
6842,0.000990857142857087
6843,0.0010145357142857137
6844,0.0010432499999999782
6845,0.0009627857142857315
6846,0.0009226071428571967
6847,0.0009191785714286027
6848,0.0008882142857142331
6849,0.0008951785714285977
6850,0.0008626071428571841
6851,0.000848250000000052
6852,0.000887678571428501
6853,0.0008670000000000653
6854,0.0008449285714286349
6855,0.0008478214285714968
6856,0.0008199642857143427
6857,0.0007870714285713985
6858,0.0007819285714285838
6859,0.0008088214285714506
6860,0.0008196428571428121
6861,0.0008040000000000142
6862,0.0007979999999999369
6863,0.0007945714285714952
6864,0.0007719642857143327
6865,0.0007841785714285367
6866,0.0008210357142856545
6867,0.0008138571428570884
6868,0.0008106428571428483
6869,0.0008133214285713563
6870,0.0007653214285714987
6871,0.0007511785714285679
6872,0.0008104285714286468
6873,0.0008211428571428314
6874,0.0007970357142856496
6875,0.000797464285714357
6876,0.0008057142857142351
6877,0.0008171785714285054
6878,0.000819749999999989
6879,0.0008128928571428011
6880,0.0008188928571428786
6881,0.0008221071428571187
6882,0.0007922142857142132
6883,0.0008052857142856799
6884,0.0007744285714286394
6885,0.0007849285714286225
6886,0.0008046428571429232
6887,0.0008106428571428483
6888,0.0007999285714285114
6889,0.0008195357142857875
6890,0.0008417142857142425
6891,0.000836464285714251
6892,0.0008377500000000688
6893,0.0008181428571427927
6894,0.0007931785714285005
6895,0.0008000357142856883
6896,0.0008016428571428845
6897,0.0008050714285714784
6898,0.0008086071428570968
6899,0.000805178571428503
6900,0.0008012142857143293
6901,0.0008012142857143293
6902,0.0008199642857143427
6903,0.0008214642857142097
6904,0.0008062499999999671
6905,0.0008079642857143402
6906,0.0008003571428572189
6907,0.0007892142857143268
6908,0.0007889999999999731
6909,0.0008256428571428895
6910,0.0008269285714285551
6911,0.0008225357142856739
6912,0.0008396785714286434
6913,0.0008227500000000277
6914,0.0008074285714286081
6915,0.0008040000000000142
6916,0.0007997142857143099
6917,0.0008094642857143596
6918,0.0008006785714285972
6919,0.0007930714285714758
6920,0.0007999285714285114
6921,0.0008246785714286022
6922,0.0008506071428571817
6923,0.0008328214285714555
6924,0.0008233928571427843
6925,0.0008323928571429003
6926,0.0008180357142857682
6927,0.0008059285714285888
6928,0.0008154642857142846
6929,0.0008359285714285189
6930,0.0008628214285713857
6931,0.000881035714285667
6932,0.0008535000000000436
6933,0.0008314285714286131
6934,0.0008486785714286072
6935,0.0008473928571427892
6936,0.0008201785714285441
6937,0.0008545714285713554
6938,0.0008903571428571614
6939,0.0009013928571428766
6940,0.0008948571428570672
6941,0.0008889642857143189
6942,0.0008584285714285045
6943,0.0008321785714285467
6944,0.0008262857142856461
6945,0.0008543571428571539
6946,0.0008371071428571598
6947,0.000812999999999978
6948,0.0008078571428571633
6949,0.0007933928571428543
6950,0.0007926428571429206
6951,0.000795749999999984
6952,0.0008153571428571078
6953,0.0008027142857143486
6954,0.0007869642857142216
6955,0.0007943571428571415
6956,0.0008020714285714396
6957,0.0007920000000000118
6958,0.0007867500000000202
6959,0.0007831071428570725
6960,0.0007842857142857136
6961,0.00076789285714283
6962,0.0007932857142856774
6963,0.0008520000000000242
6964,0.000934071428571467
6965,0.0010630714285714557
6966,0.0012043928571428251
6967,0.0013708928571428405
6968,0.0015280714285713615
6969,0.0015990000000000646
6970,0.0016522500000000662
6971,0.0016291071428571717
6972,0.001416964285714276
6973,0.001081285714285737
6974,0.0007565357142857364
6975,0.0006246428571428859
6976,0.0006066428571428061
6977,0.0005984999999999527
6978,0.0005613214285714565
6979,0.0005654999999999839
6980,0.0006316071428570983
6981,0.0006967499999999254
6982,0.0007697142857142276
6983,0.0008103214285714699
6984,0.0008193214285714338
6985,0.0008143928571428205
6986,0.0007912499999999259
6987,0.0008196428571428121
6988,0.0008398928571428448
6989,0.0008283214285713976
6990,0.0008329285714286324
6991,0.0008541428571428002
6992,0.0008635714285714714
6993,0.0008746071428571867
6994,0.000911678571428506
6995,0.0009144642857143432
6996,0.0009097499999999314
6997,0.000890035714285783
6998,0.0008845714285714378
6999,0.0009234642857143071
7000,0.0009534642857142371
7001,0.0009509999999999305
7002,0.0009387857142857265
7003,0.0009352499999999558
7004,0.0009403928571429227
7005,0.0009649285714285075
7006,0.001005428571428573
7007,0.0010086428571428132
7008,0.0010170000000000203
7009,0.0010224642857142134
7010,0.0010016785714286008
7011,0.0010158214285713792
7012,0.001039928571428561
7013,0.001044428571428619
7014,0.0010542857142856934
7015,0.0010705714285714001
7016,0.0010631785714286326
7017,0.0010573928571429088
7018,0.0010916785714285434
7019,0.001131964285714255
7020,0.0011736428571428093
7021,0.0011574642857142793
7022,0.0011134285714285953
7023,0.0011751428571428286
7024,0.001190571428571425
7025,0.0011801785714286187
7026,0.0012069642857143086
7027,0.0012228214285714602
7028,0.0012096428571428167
7029,0.001197857142857168
7030,0.0012154285714285403
7031,0.0012335357142856448
7032,0.0012206785714285319
7033,0.0012220714285713745
7034,0.0012122142857143002
7035,0.0011789999999999776
7036,0.0011828571428571268
7037,0.0011740714285713644
7038,0.0011363571428571362
7039,0.0010990714285714631
7040,0.0011126785714285095
7041,0.0011159999999999265
7042,0.0010596428571428619
7043,0.0010309285714285973
7044,0.0010309285714285973
7045,0.0009801428571429025
7046,0.000936857142857152
7047,0.0009447857142856516
7048,0.0009590357142857592
7049,0.0009313928571428067
7050,0.000915642857142832
7051,0.0009349285714285774
7052,0.0009113571428571276
7053,0.0008584285714285045
7054,0.0008446071428571043
7055,0.000812357142857069
7056,0.0007929642857142991
7057,0.0008112857142857572
7058,0.0008033571428571053
7059,0.0007891071428571499
7060,0.0008072142857142543
7061,0.000786321428571465
7062,0.0007787142857143437
7063,0.0007992857142857547
7064,0.0007886785714285948
7065,0.000772285714285711
7066,0.000738321428571455
7067,0.0007393928571429192
7068,0.0008024999999999948
7069,0.0008073214285714312
7070,0.0008006785714285972
7071,0.0007906071428571693
7072,0.000786321428571465
7073,0.0007735714285713767
7074,0.00077292857142862
7075,0.0007886785714285948
7076,0.0007821428571427852
7077,0.0007715357142857775
7078,0.000786321428571465
7079,0.0008041071428571911
7080,0.0008016428571428845
7081,0.0007719642857143327
7082,0.0007774285714285257
7083,0.0008326071428571019
7084,0.0008135357142857101
7085,0.0007941428571427878
7086,0.0007913571428571028
7087,0.0007953214285714288
7088,0.0008111785714285803
7089,0.0008052857142856799
7090,0.0007885714285714179
7091,0.0007940357142857631
7092,0.0008327142857142788
7093,0.0008657142857142475
7094,0.0008332500000000107
7095,0.0008170714285714809
7096,0.0008030357142857269
7097,0.0007841785714285367
7098,0.000795749999999984
7099,0.0007993928571429316
7100,0.0008112857142857572
7101,0.0008232857142857597
7102,0.0008231785714285829
7103,0.0008164285714285719
7104,0.0007937142857142326
7105,0.0007659642857142554
7106,0.0007887857142857716
7107,0.0008471785714285878
7108,0.000841500000000041
7109,0.0008328214285714555
7110,0.0008478214285714968
7111,0.0008168571428571271
7112,0.0007766785714285922
7113,0.0007809642857142965
7114,0.0007858928571429098
7115,0.0008165357142857488
7116,0.0008218928571429173
7117,0.0008252142857143342
7118,0.0008052857142856799
7119,0.0008139642857142653
7120,0.0008251071428571574
7121,0.0008037857142856605
7122,0.000807535714285785
7123,0.0008158928571428398
7124,0.0008142857142856436
7125,0.000813642857142887
7126,0.000785678571428556
7127,0.0008015357142857077
7128,0.0008216785714285635
7129,0.0008287499999999528
7130,0.0008178214285714144
7131,0.0007927499999999453
7132,0.0008158928571428398
7133,0.0008313214285714363
7134,0.0008349642857142316
7135,0.0008535000000000436
7136,0.0008479285714285213
7137,0.000822428571428497
7138,0.0008261785714286215
7139,0.0008062499999999671
7140,0.0008147142857143511
7141,0.000832499999999925
7142,0.0008473928571427892
7143,0.0008483571428570765
7144,0.0008398928571428448
7145,0.0008352857142857622
7146,0.000843642857142817
7147,0.0008453571428571901
7148,0.0008195357142857875
7149,0.0008518928571428473
7150,0.0009052500000000257
7151,0.0009566785714286295
7152,0.000981428571428568
7153,0.0009406071428571242
7154,0.0009059999999999592
7155,0.0008755714285714739
7156,0.0008506071428571817
7157,0.0008589642857142366
7158,0.0008739642857142777
7159,0.0008175000000000361
7160,0.0008086071428570968
7161,0.0008171785714285054
7162,0.0008258571428570909
7163,0.0008154642857142846
7164,0.0008236071428571381
7165,0.0008344285714284995
7166,0.000812357142857069
7167,0.0007972500000000034
7168,0.000795749999999984
7169,0.000805178571428503
7170,0.000819749999999989
7171,0.000813642857142887
7172,0.0008295000000000385
7173,0.0008200714285713673
7174,0.0007855714285713792
7175,0.0008040000000000142
7176,0.0008302499999999721
7177,0.0008791071428570924
7178,0.0009979285714286285
7179,0.0011281071428571059
7180,0.0012852857142857793
7181,0.001454785714285681
7182,0.0015768214285714574
7183,0.0016643571428570933
7184,0.0017388214285714149
7185,0.0016280357142857075
7186,0.001349035714285764
7187,0.0009994285714284956
7188,0.000728250000000027
7189,0.000608464285714356
7190,0.0005975357142856654
7191,0.0005910000000000082
7192,0.0005781428571428953
7193,0.0006186428571428085
7194,0.0006790714285713761
7195,0.0007225714285714804
7196,0.000781178571428498
7197,0.000816321428571395
7198,0.000815785714285663
7199,0.0008311071428570825
7200,0.000824250000000047
7201,0.0008315357142857899
7202,0.0008600357142857007
7203,0.0008650714285714908
7204,0.000881571428571399
7205,0.0008978571428571059
7206,0.0009051428571428488
7207,0.00090953571428573
7208,0.0009117857142856828
7209,0.0009431785714286077
7210,0.0009517500000000163
7211,0.0009081428571428875
7212,0.0009066428571428681
7213,0.0009384642857143482
7214,0.00095753571428574
7215,0.0009595714285714913
7216,0.0009469285714285799
7217,0.0009341785714286439
7218,0.0009588214285714056
7219,0.001002107142857156
7220,0.0010214999999999261
7221,0.001029535714285755
7222,0.001029428571428578
7223,0.001009928571428631
7224,0.0010222500000000119
7225,0.0010787142857142536
7226,0.0010766785714285021
7227,0.001049999999999989
7228,0.0010475357142856825
7229,0.001076785714285679
7230,0.001101964285714325
7231,0.0010924285714286291
7232,0.0010811785714285602
7233,0.0011269285714286172
7234,0.0011645357142856686
7235,0.0011678571428570855
7236,0.0011625000000000695
7237,0.0011903571428570712
7238,0.0012229285714286371
7239,0.001215214285714339
7240,0.001218964285714311
7241,0.001224535714285681
7242,0.0012387857142857886
7243,0.0012300000000000264
7244,0.0012142500000000517
7245,0.0012503571428570837
7246,0.0012435000000000482
7247,0.00122517857142859
7248,0.001215107142857162
7249,0.0012034285714285378
7250,0.001215214285714339
7251,0.0012001071428571208
7252,0.0011588571428571219
7253,0.0011499642857143349
7254,0.0011652857142857543
7255,0.0011438571428570806
7256,0.0011043214285714547
7257,0.0010592142857143065
7258,0.001048392857142793
7259,0.0010528928571428508
7260,0.0010118571428572056
7261,0.0009705000000000297
7262,0.0009648214285714829
7263,0.0009546428571428781
7264,0.0009233571428571302
7265,0.0008780357142857806
7266,0.0008338928571429197
7267,0.0008216785714285635
7268,0.000854892857142886
7269,0.0008718214285715017
7270,0.0008383928571428254
7271,0.0008032499999999285
7272,0.0008109642857142266
7273,0.000806892857142876
7274,0.0007865357142856664
7275,0.0008080714285713648
7276,0.0008131071428571549
7277,0.0008089285714286275
7278,0.0008012142857143293
7279,0.0007881428571428627
7280,0.000803571428571459
7281,0.0007739999999999319
7282,0.0007775357142857026
7283,0.0008086071428570968
7284,0.0008027142857143486
7285,0.0007898571428570835
7286,0.0008057142857142351
7287,0.0008088214285714506
7288,0.0007843928571428904
7289,0.0007697142857142276
7290,0.0007897500000000589
7291,0.0008154642857142846
7292,0.0008031428571429038
7293,0.0007997142857143099
7294,0.0008146071428571743
7295,0.0008140714285714422
7296,0.0007839642857143352
7297,0.0008081785714285416
7298,0.0008193214285714338
7299,0.0008064642857143208
7300,0.0008153571428571078
7301,0.0008045357142857463
7302,0.0007801071428571861
7303,0.0007744285714286394
7304,0.0007877142857143075
7305,0.0008016428571428845
7306,0.0008584285714285045
7307,0.000864321428571405
7308,0.0008305714285715027
7309,0.000824785714285779
7310,0.0008211428571428314
7311,0.0008387142857143561
7312,0.0008361428571428726
7313,0.0008251071428571574
7314,0.0008229642857142291
7315,0.0008146071428571743
7316,0.000786321428571465
7317,0.0007939285714285863
7318,0.0008257500000000663
7319,0.0008107500000000251
7320,0.0007920000000000118
7321,0.000815785714285663
7322,0.0008185714285715002
7323,0.0008073214285714312
7324,0.0008092500000000058
7325,0.0008000357142856883
7326,0.0007852500000000008
7327,0.0007939285714285863
7328,0.0008058214285714119
7329,0.0008208214285714531
7330,0.0008296071428572154
7331,0.0008349642857142316
7332,0.0008217857142857404
7333,0.0008243571428570716
7334,0.0008306785714285273
7335,0.0008183571428571465
7336,0.0007972500000000034
7337,0.0007831071428570725
7338,0.000791785714285658
7339,0.000820285714285721
7340,0.0008493214285713638
7341,0.0008458928571429222
7342,0.0008193214285714338
7343,0.0008236071428571381
7344,0.0008433214285714387
7345,0.0008173928571428592
7346,0.0008045357142857463
7347,0.0008207142857142762
7348,0.0008377500000000688
7349,0.0008117142857143124
7350,0.0007430357142857145
7351,0.000781178571428498
7352,0.0008621785714286289
7353,0.0008732142857143442
7354,0.0008452500000000133
7355,0.0008419285714285962
7356,0.0008182499999999696
7357,0.000803571428571459
7358,0.0008367857142857815
7359,0.0008664642857143333
7360,0.0008767499999999627
7361,0.0008569285714286374
7362,0.0008489999999999855
7363,0.0008652857142856923
7364,0.0008784642857143358
7365,0.0009235714285714838
7366,0.0009292500000000306
7367,0.0008919642857143576
7368,0.000871607142857148
7369,0.000905571428571404
7370,0.0009266785714285472
7371,0.0009342857142856685
7372,0.0008972142857143491
7373,0.0008821071428571311
7374,0.0008695714285713966
7375,0.0008334642857142123
7376,0.0008264999999999999
7377,0.000839785714285668
7378,0.0008501785714286265
7379,0.0008332500000000107
7380,0.0008153571428571078
7381,0.0008383928571428254
7382,0.0008177142857142375
7383,0.0008060357142857656
7384,0.000840964285714309
7385,0.0008551071428570875
7386,0.0008366785714286046
7387,0.0008188928571428786
7388,0.0008251071428571574
7389,0.0008085000000000723
7390,0.0007914642857142797
7391,0.0007929642857142991
7392,0.0008380714285714471
7393,0.0008936785714285784
7394,0.0009828214285714106
7395,0.001077321428571411
7396,0.001201285714285762
7397,0.0014018571428572103
7398,0.0015624642857143252
7399,0.0016422857142856628
7400,0.0016834285714286373
7401,0.0016384285714285138
7402,0.0014226428571428227
7403,0.0010742142857143478
7404,0.0007148571428571821
7405,0.0005773928571428095
7406,0.0006121071428571513
7407,0.0006156428571429221
7408,0.0006110357142856872
7409,0.0006336428571428497
7410,0.0006406071428572143
7411,0.0006745714285714704
7412,0.0007835357142857801
7413,0.0008365714285714278
7414,0.0008155714285714615
7415,0.0008254285714285357
7416,0.0008695714285713966
7417,0.0008993571428571252
7418,0.0009177857142857603
7419,0.0008995714285714789
7420,0.0008739642857142777
7421,0.0008686071428571093
7422,0.0008558571428571733
7423,0.0009073928571428018
7424,0.000960214285714248
7425,0.0009475714285714889
7426,0.0009287142857142985
7427,0.0009206785714286221
7428,0.0009299999999999642
7429,0.0009578571428571183
7430,0.0010028571428570894
7431,0.0009778928571427972
7432,0.0009446785714286271
7433,0.0009572142857143616
7434,0.001019249999999973
7435,0.0010217142857142799
7436,0.0009890357142856893
7437,0.001003714285714352
7438,0.0010158214285713792
7439,0.001001464285714247
7440,0.0009850714285713634
7441,0.0010363928571427903
7442,0.0010871785714286375
7443,0.0010870714285714607
7444,0.001081285714285737
7445,0.0010929642857143611
7446,0.0011050714285713882
7447,0.0011243571428571338
7448,0.0011165357142856587
7449,0.0011388214285714428
7450,0.001129821428571479
7451,0.0011334642857142743
7452,0.001197857142857168
7453,0.0012271071428571645
7454,0.0012332142857142665
7455,0.0012445714285713601
7456,0.0012103928571429025
7457,0.0012282857142856532
7458,0.0012790714285715005
7459,0.001283035714285674
7460,0.0012576428571428266
7461,0.001251749999999926
7462,0.0012447857142857137
7463,0.0012397500000000759
7464,0.0012672857142856993
7465,0.0012567857142857161
7466,0.0012203571428571537
7467,0.0011968928571428807
7468,0.001179321428571356
7469,0.001174392857142895
7470,0.0011598214285714092
7471,0.0011224285714285592
7472,0.0010930714285713858
7473,0.0010932857142857395
7474,0.0010666071428570743
7475,0.0010337142857142823
7476,0.0010469999999999503
7477,0.001013142857142871
7478,0.0009919285714285512
7479,0.0009905357142857088
7480,0.0009571071428571848
7481,0.0009015000000000534
7482,0.000912857142857147
7483,0.0009457499999999389
7484,0.0009028928571428959
7485,0.0008890714285714957
7486,0.0008687142857142861
7487,0.0008779285714286037
7488,0.0008868214285713906
7489,0.0008683928571429078
7490,0.00085092857142856
7491,0.0008516785714286459
7492,0.0008193214285714338
7493,0.000805178571428503
7494,0.0008088214285714506
7495,0.0008024999999999948
7496,0.0008060357142857656
7497,0.0008164285714285719
7498,0.0008196428571428121
7499,0.0008203928571428979
7500,0.0008306785714285273
7501,0.0008321785714285467
7502,0.0008385000000000023
7503,0.0008326071428571019
7504,0.0008241428571428701
7505,0.0008312142857142594
7506,0.0008525357142857563
7507,0.0008613214285713663
7508,0.0008416071428572179
7509,0.000813642857142887
7510,0.0008141785714286191
7511,0.0008347500000000301
7512,0.0008601428571428776
7513,0.0008725714285714352
7514,0.0008418214285714193
7515,0.0007853571428571777
7516,0.0008312142857142594
7517,0.0008551071428570875
7518,0.0008443928571429029
7519,0.0008551071428570875
7520,0.0008485714285714303
7521,0.0008535000000000436
7522,0.0008450357142856595
7523,0.0008573571428571927
7524,0.0008881071428572084
7525,0.0008848928571428161
7526,0.0008713928571427943
7527,0.0008725714285714352
7528,0.0008433214285714387
7529,0.0008282142857142207
7530,0.0008563928571429054
7531,0.0008563928571429054
7532,0.0008552142857142643
7533,0.0008619642857142753
7534,0.0008532857142856898
7535,0.0008474999999999661
7536,0.0008545714285713554
7537,0.0008371071428571598
7538,0.000836464285714251
7539,0.0008663571428571564
7540,0.0008540357142857756
7541,0.0008559642857143501
7542,0.0008725714285714352
7543,0.000839785714285668
7544,0.0008238214285714917
7545,0.0008564999999999299
7546,0.0008712857142857696
7547,0.0008332500000000107
7548,0.0008269285714285551
7549,0.0008514642857142921
7550,0.0008540357142857756
7551,0.0008539285714285988
7552,0.0008524285714285794
7553,0.000892821428571468
7554,0.000897749999999929
7555,0.0008802857142857334
7556,0.0008778214285714268
7557,0.00087214285714288
7558,0.0008498571428570959
7559,0.0008255357142857126
7560,0.000844285714285726
7561,0.0008602500000000544
7562,0.0008584285714285045
7563,0.0008632499999999409
7564,0.0008840357142857057
7565,0.0008739642857142777
7566,0.0008644285714285818
7567,0.0008479285714285213
7568,0.0008564999999999299
7569,0.0009062142857143129
7570,0.0008887499999999652
7571,0.0008797500000000014
7572,0.0008686071428571093
7573,0.0008808214285714655
7574,0.0009089999999999979
7575,0.0009066428571428681
7576,0.0009083571428570889
7577,0.0009138214285714343
7578,0.0009341785714286439
7579,0.0009375000000000609
7580,0.0009423214285714973
7581,0.0009267857142857241
7582,0.0008802857142857334
7583,0.0008959285714285313
7584,0.0009477857142856903
7585,0.0009316071428571604
7586,0.0009030000000000728
7587,0.000897749999999929
7588,0.000905035714285672
7589,0.000901714285714255
7590,0.0008741785714286315
7591,0.0008632499999999409
7592,0.0008673214285714436
7593,0.0008743928571428329
7594,0.000881571428571399
7595,0.000878892857142891
7596,0.0008707500000000376
7597,0.0008657142857142475
7598,0.0008567142857142837
7599,0.0008617500000000738
7600,0.0008488928571428086
7601,0.000840964285714309
7602,0.0008371071428571598
7603,0.0008540357142857756
7604,0.0008795357142856476
7605,0.0009581785714284966
7606,0.001032857142857172
7607,0.0011112857142856671
7608,0.001228500000000007
7609,0.0013342499999999243
7610,0.0014710714285713878
7611,0.001588714285714283
7612,0.001623321428571448
7613,0.001532999999999975
7614,0.0012928928571429006
7615,0.0010277142857143572
7616,0.000799071428571401
7617,0.0006689999999999482
7618,0.0006523928571428631
7619,0.0006186428571428085
7620,0.0006203571428571816
7621,0.0006270000000000157
7622,0.0006714642857142549
7623,0.0007810714285714734
7624,0.0008249999999999805
7625,0.0008402142857142232
7626,0.0008462142857143005
7627,0.0008686071428571093
7628,0.0008962500000000619
7629,0.0009172500000000282
7630,0.0009241071428572159
7631,0.0009006428571427908
7632,0.0009150000000000753
7633,0.0009477857142856903
7634,0.0009678214285713694
7635,0.0009604285714286017
7636,0.0009573214285713862
7637,0.0009878571428572006
7638,0.0009897857142857752
7639,0.0009665357142857037
7640,0.000972000000000049
7641,0.0009761785714285764
7642,0.0009682499999999246
7643,0.0009791785714286152
7644,0.0010136785714286033
7645,0.0010151785714286226
7646,0.0010075714285715013
7647,0.0010269642857142713
7648,0.001029535714285755
7649,0.001053428571428583
7650,0.0010753928571428364
7651,0.0010715357142856874
7652,0.0010869642857142838
7653,0.0010774285714285879
7654,0.0010637142857142124
7655,0.0010833214285714883
7656,0.0011334642857142743
7657,0.0011572499999999257
7658,0.0010820357142856706
7659,0.0011051785714285651
7660,0.0011611071428570747
7661,0.0011560714285714369
7662,0.0011537142857143072
7663,0.0011557500000000584
7664,0.0011855357142857871
7665,0.0012042857142856482
7666,0.0012275357142857196
7667,0.0012355714285713962
7668,0.0012616071428571526
7669,0.0012882857142856657
7670,0.0012782142857142378
7671,0.0012662142857142354
7672,0.0012890357142857514
7673,0.0012662142857142354
7674,0.0012335357142856448
7675,0.0012262500000000541
7676,0.001231178571428515
7677,0.0012616071428571526
7678,0.0012682499999999866
7679,0.001238571428571435
7680,0.001205678571428643
7681,0.0011461071428571859
7682,0.001146535714285741
7683,0.0011616428571428069
7684,0.0011163214285714572
7685,0.0010183928571428627
7686,0.0010275000000000035
7687,0.0011191071428571422
7688,0.0010770000000000328
7689,0.0010344642857142159
7690,0.0010100357142856556
7691,0.000965357142857215
7692,0.0009171428571428513
7693,0.0008935714285714016
7694,0.0008667857142857116
7695,0.0009150000000000753
7696,0.0009582857142856735
7697,0.0009131785714285253
7698,0.0008780357142857806
7699,0.0008899285714286062
7700,0.0008663571428571564
7701,0.0008522142857142256
7702,0.0008437499999999939
7703,0.000847607142857143
7704,0.0008650714285714908
7705,0.0008563928571429054
7706,0.0008567142857142837
7707,0.0008461071428571237
7708,0.000803571428571459
7709,0.0008112857142857572
7710,0.0008458928571429222
7711,0.0008408571428571321
7712,0.0008320714285713698
7713,0.0008296071428572154
7714,0.0008155714285714615
7715,0.0008379642857142702
7716,0.000842571428571353
7717,0.0008453571428571901
7718,0.000840964285714309
7719,0.0008258571428570909
7720,0.0008347500000000301
7721,0.0008510357142857369
7722,0.0008468571428572095
7723,0.0008412857142856873
7724,0.0008553214285714412
7725,0.0008785714285713603
7726,0.000868821428571463
7727,0.0008410714285714858
7728,0.0008137500000000639
7729,0.000827571428571464
7730,0.0008416071428572179
7731,0.000834214285714298
7732,0.000842571428571353
7733,0.0008453571428571901
7734,0.0008292857142856848
7735,0.0008493214285713638
7736,0.0008892857142856973
7737,0.0008799642857143551
7738,0.0008611071428571649
7739,0.000887678571428501
7740,0.0008657142857142475
7741,0.0008406428571429306
7742,0.0008332500000000107
7743,0.0008523214285714025
7744,0.0008699999999999518
7745,0.0008775000000000485
7746,0.0008702142857143055
7747,0.0008963571428570865
7748,0.0008917500000000039
7749,0.0008613214285713663
7750,0.0008428928571428835
7751,0.000843642857142817
7752,0.000824785714285779
7753,0.0007777500000000564
7754,0.0008231785714285829
7755,0.0009069642857142465
7756,0.000887678571428501
7757,0.0008960357142857082
7758,0.0008923928571429128
7759,0.000884357142857084
7760,0.0008923928571429128
7761,0.0008791071428570924
7762,0.0008542499999999771
7763,0.0008518928571428473
7764,0.0008573571428571927
7765,0.0008479285714285213
7766,0.0008645357142857587
7767,0.0009037500000000063
7768,0.000892285714285736
7769,0.0008625000000000074
7770,0.0008752499999999433
7771,0.0008972142857143491
7772,0.0009044999999999399
7773,0.0008911071428570949
7774,0.0008856428571429019
7775,0.0009246428571427958
7776,0.0009436071428571629
7777,0.0009302142857143179
7778,0.0009376071428570856
7779,0.0009517500000000163
7780,0.0009328928571428261
7781,0.0009341785714286439
7782,0.0009459642857142926
7783,0.0009350357142857543
7784,0.0008492142857143392
7785,0.000820285714285721
7786,0.0008440714285713722
7787,0.0008687142857142861
7788,0.0008456785714285685
7789,0.0007876071428571306
7790,0.000803571428571459
7791,0.0008868214285713906
7792,0.0009186428571428707
7793,0.0008953928571427992
7794,0.000873749999999924
7795,0.0008719285714285264
7796,0.0008532857142856898
7797,0.0008305714285715027
7798,0.0008352857142857622
7799,0.0008431071428570849
7800,0.000816964285714304
7801,0.0008454642857142147
7802,0.0008670000000000653
7803,0.0009243214285714174
7804,0.0010293214285714012
7805,0.0011077500000000486
7806,0.001239107142857167
7807,0.0013852499999999729
7808,0.0014760000000000012
7809,0.0015657857142857422
7810,0.0016421785714286383
7811,0.0015889285714286367
7812,0.0013463571428571036
7813,0.0009896785714285984
7814,0.0007144285714286269
7815,0.0006308571428571648
7816,0.000627964285714303
7817,0.0005971071428571102
7818,0.0005801785714286467
7819,0.0005992500000000384
7820,0.0006281785714285044
7821,0.0006771428571428017
7822,0.0007413214285714937
7823,0.0007927499999999453
7824,0.0008752499999999433
7825,0.0008907857142857166
7826,0.0008628214285713857
7827,0.0008732142857143442
7828,0.0008997857142856804
7829,0.0008966785714286171
7830,0.0008958214285713544
7831,0.0009249642857143263
7832,0.0009424285714285218
7833,0.0009475714285714889
7834,0.0009590357142857592
7835,0.0009685714285714551
7836,0.0009797142857143472
7837,0.0009782142857143279
7838,0.0009901071428571535
7839,0.0009914999999999959
7840,0.0009849642857143388
7841,0.0009947142857142362
7842,0.0009860357142856507
7843,0.0009737142857142698
7844,0.000992678571428637
7845,0.0010103571428571863
7846,0.001004785714285664
7847,0.0010194642857143269
7848,0.001038964285714274
7849,0.0010370357142856993
7850,0.0010028571428570894
7851,0.0009939642857143027
7852,0.0010558928571428895
7853,0.001111392857142844
7854,0.0011405357142856636
7855,0.0011625000000000695
7856,0.0011022857142857032
7857,0.001111392857142844
7858,0.001131964285714255
7859,0.001174392857142895
7860,0.0011846785714285245
7861,0.0011891785714285826
7862,0.001184357142857146
7863,0.0011943214285713973
7864,0.0012358928571429269
7865,0.0012618214285713542
7866,0.0012507857142856388
7867,0.0012496071428571502
7868,0.0012515357142857248
7869,0.0012579642857143572
7870,0.0012509999999999926
7871,0.0012459642857143547
7872,0.0012351428571428411
7873,0.0012127500000000322
7874,0.0012488571428572166
7875,0.0012598928571429318
7876,0.0012316071428570704
7877,0.0012100714285713718
7878,0.0012062142857142228
7879,0.001186071428571367
7880,0.0011680714285714393
7881,0.0011650714285714008
7882,0.0011124642857143082
7883,0.0010554642857143345
7884,0.0010382142857143404
7885,0.0010178571428571307
7886,0.0009772500000000406
7887,0.000947464285714312
7888,0.0009605357142857786
7889,0.0009291428571428538
7890,0.0008967857142856417
7891,0.000905035714285672
7892,0.000915642857142832
7893,0.0009049285714286474
7894,0.0008769642857143164
7895,0.0008420357142857731
7896,0.0008079642857143402
7897,0.0008143928571428205
7898,0.0008246785714286022
7899,0.000809678571428561
7900,0.0008398928571428448
7901,0.0008662499999999796
7902,0.0008431071428570849
7903,0.0008248928571428037
7904,0.0008125714285714228
7905,0.0008053928571428567
7906,0.0007864285714286419
7907,0.0008201785714285441
7908,0.0008559642857143501
7909,0.0008547857142857091
7910,0.0008255357142857126
7911,0.0007942499999999646
7912,0.0007843928571428904
7913,0.0007913571428571028
7914,0.0008417142857142425
7915,0.0008416071428572179
7916,0.000815785714285663
7917,0.0008126785714285997
7918,0.00081910714285708
7919,0.0008262857142856461
7920,0.0008433214285714387
7921,0.0008423571428571514
7922,0.000789642857142882
7923,0.0007848214285714456
7924,0.0008149285714285526
7925,0.0008592857142857671
7926,0.0008601428571428776
7927,0.0008446071428571043
7928,0.000843642857142817
7929,0.0008400000000000217
7930,0.0008319642857143451
7931,0.0008430000000000604
7932,0.0008512499999999384
7933,0.0008251071428571574
7934,0.0008219999999999418
7935,0.0008616428571428969
7936,0.0008990357142857468
7937,0.000878249999999982
7938,0.0008616428571428969
7939,0.0008423571428571514
7940,0.0008188928571428786
7941,0.0008208214285714531
7942,0.0008516785714286459
7943,0.0008605714285714328
7944,0.0008298214285714169
7945,0.0008278928571428424
7946,0.0008253214285713588
7947,0.0008479285714285213
7948,0.0008781428571428051
7949,0.0008588571428572119
7950,0.0008437499999999939
7951,0.0008312142857142594
7952,0.000829178571428508
7953,0.000830357142857149
7954,0.0008377500000000688
7955,0.0008276785714286408
7956,0.0008423571428571514
7957,0.0008328214285714555
7958,0.0008398928571428448
7959,0.0008502857142856511
7960,0.000848250000000052
7961,0.0008105357142856714
7962,0.0008252142857143342
7963,0.0008507142857143586
7964,0.000838178571428624
7965,0.0008472857142857647
7966,0.0008785714285713603
7967,0.0008651785714285154
7968,0.0008390357142857344
7969,0.0008345357142856764
7970,0.0008463214285714774
7971,0.0008672142857142669
7972,0.0008963571428570865
7973,0.0008929285714286448
7974,0.0008888571428571421
7975,0.0008662499999999796
7976,0.000846428571428502
7977,0.0008846785714286146
7978,0.0009489642857143314
7979,0.0009721071428570737
7980,0.0009361071428572184
7981,0.0008899285714286062
7982,0.0008858571428571033
7983,0.0009105000000000173
7984,0.0009171428571428513
7985,0.0009137142857142574
7986,0.0009009642857143214
7987,0.0008832857142857722
7988,0.0008572500000000158
7989,0.0008389285714285575
7990,0.0008300357142857706
7991,0.0008126785714285997
7992,0.0008125714285714228
7993,0.0008327142857142788
7994,0.0008014285714285308
7995,0.0008192142857142569
7996,0.0008718214285715017
7997,0.0008528571428571346
7998,0.0008296071428572154
7999,0.0008109642857142266
8000,0.0008225357142856739
8001,0.0008049642857143015
8002,0.0007913571428571028
8003,0.0008386071428571792
8004,0.0008299285714285937
8005,0.0008646428571427833
8006,0.0009594642857143144
8007,0.0010479642857142376
8008,0.0011476071428572052
8009,0.001289678571428508
8010,0.0014587500000000071
8011,0.0016106785714285366
8012,0.0016893214285713855
8013,0.0016949999999999322
8014,0.0015338571428570853
8015,0.0012082499999999743
8016,0.0008771785714285179
8017,0.0006934285714285084
8018,0.0006588214285714956
8019,0.0006071785714285382
8020,0.0005423571428570894
8021,0.0005497500000000092
8022,0.0006193928571428943
8023,0.0006595714285714292
8024,0.0007362857142857037
8025,0.0008195357142857875
8026,0.0008569285714286374
8027,0.0008282142857142207
8028,0.0008239285714285164
8029,0.0008473928571427892
8030,0.0008645357142857587
8031,0.0009016071428570781
8032,0.000902785714285719
8033,0.000903428571428628
8034,0.0009081428571428875
8035,0.0008899285714286062
8036,0.000903428571428628
8037,0.0009211071428571773
8038,0.0009475714285714889
8039,0.0009709285714285849
8040,0.0009600000000000465
8041,0.0009643928571429277
8042,0.0009517500000000163
8043,0.0009550714285714333
8044,0.000985392857142894
8045,0.0009838928571428746
8046,0.0009873214285714684
8047,0.0010003928571427829
8048,0.0010088571428571668
8049,0.000985928571428626
8050,0.0009984642857143607
8051,0.0010447499999999975
8052,0.0010596428571428619
8053,0.000985928571428626
8054,0.0009607499999999801
8055,0.001040035714285738
8056,0.0011166428571428356
8057,0.0011042142857142778
8058,0.0010800000000000714
8059,0.0010916785714285434
8060,0.0011207142857143383
8061,0.0011329285714285423
8062,0.0011278928571429045
8063,0.0011396785714285532
8064,0.001170000000000014
8065,0.0011800714285714418
8066,0.0012014999999999632
8067,0.0012429642857143162
8068,0.0012446785714285368
8069,0.00123074999999996
8070,0.001236321428571482
8071,0.0012426428571427855
8072,0.001249821428571504
8073,0.001234499999999932
8074,0.0012602142857143102
8075,0.0012828214285714725
8076,0.0012721071428571358
8077,0.0012579642857143572
8078,0.001231285714285692
8079,0.0011923928571428227
8080,0.0011569285714285473
8081,0.001154357142857216
8082,0.001174392857142895
8083,0.001143214285714324
8084,0.001096821428571358
8085,0.0010730357142857067
8086,0.0010465714285713952
8087,0.0010459285714286386
8088,0.001033928571428636
8089,0.0009666428571428806
8090,0.0009453214285713837
8091,0.0009293571428572075
8092,0.0009035357142856526
8093,0.0009070714285714233
8094,0.0009141428571428126
8095,0.0008906785714285397
8096,0.0008814642857142222
8097,0.0008579999999999493
8098,0.0007987500000000226
8099,0.0008044285714285694
8100,0.0008543571428571539
8101,0.0008474999999999661
8102,0.0008083928571428954
8103,0.0007821428571427852
8104,0.0007906071428571693
8105,0.000836464285714251
8106,0.0008351785714285853
8107,0.0008319642857143451
8108,0.0008526428571429332
8109,0.0008434285714286156
8110,0.0008213571428571852
8111,0.0008243571428570716
8112,0.0007999285714285114
8113,0.0007634999999999488
8114,0.0007931785714285005
8115,0.0007892142857143268
8116,0.0008023928571428181
8117,0.0008162142857142182
8118,0.0008019642857142629
8119,0.0008058214285714119
8120,0.0007965000000000698
8121,0.0008080714285713648
8122,0.0008400000000000217
8123,0.0008350714285714085
8124,0.000836999999999983
8125,0.0008405357142857538
8126,0.0008192142857142569
8127,0.0007950000000000504
8128,0.0007809642857142965
8129,0.0007768928571427938
8130,0.0007941428571427878
8131,0.0008219999999999418
8132,0.0008079642857143402
8133,0.0007962857142857161
8134,0.0008268214285713782
8135,0.0008696785714285734
8136,0.0008720357142857032
8137,0.0008468571428572095
8138,0.0008186785714285248
8139,0.0008432142857142618
8140,0.0008693571428571951
8141,0.0008558571428571733
8142,0.0008374285714285383
8143,0.0008139642857142653
8144,0.0008153571428571078
8145,0.000829178571428508
8146,0.0008353928571427868
8147,0.0008180357142857682
8148,0.0008339999999999443
8149,0.0008491071428571624
8150,0.0008317499999999915
8151,0.0007945714285714952
8152,0.0007981071428571138
8153,0.0008228571428572044
8154,0.0008491071428571624
8155,0.0008508214285713832
8156,0.000809035714285652
8157,0.000803571428571459
8158,0.0008334642857142123
8159,0.0008498571428570959
8160,0.0008391428571429113
8161,0.0008229642857142291
8162,0.0008223214285714725
8163,0.0008266071428571768
8164,0.0007973571428571801
8165,0.0007943571428571415
8166,0.0008200714285713673
8167,0.0008379642857142702
8168,0.0008539285714285988
8169,0.0008391428571429113
8170,0.0008432142857142618
8171,0.0008523214285714025
8172,0.0008517857142856704
8173,0.0008481428571428751
8174,0.0008421428571427978
8175,0.0008500714285714496
8176,0.0008734285714285456
8177,0.0008628214285713857
8178,0.0008405357142857538
8179,0.0008354999999999637
8180,0.0008518928571428473
8181,0.0008751428571429187
8182,0.0008979642857142828
8183,0.0009142499999999895
8184,0.0009225000000000198
8185,0.0009230357142857519
8186,0.0009218571428571108
8187,0.0009265714285713703
8188,0.0009271071428571024
8189,0.0009041785714285615
8190,0.0008693571428571951
8191,0.0008505000000000048
8192,0.000844285714285726
8193,0.0008416071428572179
8194,0.0008243571428570716
8195,0.000791785714285658
8196,0.0007997142857143099
8197,0.0008405357142857538
8198,0.0008581071428571262
8199,0.0008696785714285734
8200,0.0008434285714286156
8201,0.0008020714285714396
8202,0.0007962857142857161
8203,0.0008306785714285273
8204,0.0008417142857142425
8205,0.0008403214285714
8206,0.0008293928571428617
8207,0.000824785714285779
8208,0.0008217857142857404
8209,0.0008031428571429038
8210,0.0008339999999999443
8211,0.0008954999999999761
8212,0.0009732857142857146
8213,0.0011097857142856478
8214,0.0012694285714286277
8215,0.0014210357142857787
8216,0.0015733928571428635
8217,0.0016614642857142314
8218,0.0016768928571428278
8219,0.001611535714285647
8220,0.0013909285714285196
8221,0.0010451785714285526
8222,0.0007810714285714734
8223,0.0006905357142856465
8224,0.0006129642857142617
8225,0.0005571428571429291
8226,0.0005487857142857219
8227,0.0005898214285713672
8228,0.0006783214285714426
8229,0.0007491428571428165
8230,0.0007371428571428141
8231,0.0007591071428570676
8232,0.0008304642857143258
8233,0.0008522142857142256
8234,0.0008550000000000628
8235,0.0008434285714286156
8236,0.0008668928571428885
8237,0.0008823214285714849
8238,0.0008718214285715017
8239,0.0008535000000000436
8240,0.0008890714285714957
8241,0.0009518571428571932
8242,0.0009348214285714005
8243,0.0009218571428571108
8244,0.0009192857142857795
8245,0.0009394285714286355
8246,0.0009534642857142371
8247,0.0009316071428571604
8248,0.0009497142857142649
8249,0.0009581785714284966
8250,0.0009321428571428924
8251,0.0009369642857143288
8252,0.0009524999999999498
8253,0.000985928571428626
8254,0.000988071428571402
8255,0.0009746785714285571
8256,0.0010024285714285344
8257,0.001008107142857081
8258,0.0010378928571428097
8259,0.0010408928571428483
8260,0.001028249999999937
8261,0.0010588928571429283
8262,0.0010848214285713554
8263,0.0010755000000000133
8264,0.0010804285714286267
8265,0.0011067857142857613
8266,0.0011053928571429189
8267,0.0011422500000000367
8268,0.001183285714285682
8269,0.0011837142857142372
8270,0.0011631428571428262
8271,0.0011607857142856965
8272,0.0011601428571427874
8273,0.0011739642857143398
8274,0.0011911071428571572
8275,0.001183285714285682
8276,0.0011887500000000272
8277,0.0012408214285713878
8278,0.0012640714285714592
8279,0.0012327857142857112
8280,0.0012473571428571971
8281,0.0012722142857143127
8282,0.0012428571428571393
8283,0.0012207857142857088
8284,0.001213499999999966
8285,0.0012121071428571233
8286,0.0011886428571428504
8287,0.0011374285714286004
8288,0.0011221071428571807
8289,0.0011161071428571034
8290,0.0010715357142856874
8291,0.0010334999999999286
8292,0.001042714285714246
8293,0.0010519285714285637
8294,0.0010191428571427962
8295,0.0009488571428571545
8296,0.0009231428571429286
8297,0.0009294642857142321
8298,0.0009179999999999617
8299,0.0009132857142857022
8300,0.000887678571428501
8301,0.0008606785714286096
8302,0.0008533928571428667
8303,0.0008311071428570825
8304,0.0008154642857142846
8305,0.0008243571428570716
8306,0.0008155714285714615
8307,0.0008246785714286022
8308,0.0008127857142857766
8309,0.0007831071428570725
8310,0.0007793571428571003
8311,0.0007815000000000286
8312,0.0008343214285714749
8313,0.0008556428571428195
8314,0.0008229642857142291
8315,0.000789642857142882
8316,0.000783000000000048
8317,0.0007850357142856471
8318,0.0007828928571428711
8319,0.0007784999999999899
8320,0.0007855714285713792
8321,0.0008066785714285224
8322,0.0008140714285714422
8323,0.0007834285714286032
8324,0.0007950000000000504
8325,0.0007979999999999369
8326,0.0008040000000000142
8327,0.0008074285714286081
8328,0.0007873928571429292
8329,0.0007941428571427878
8330,0.0007826785714285173
8331,0.0007800000000000093
8332,0.0008094642857143596
8333,0.000830892857142881
8334,0.0008243571428570716
8335,0.0008048571428571246
8336,0.0008243571428570716
8337,0.0008331428571428339
8338,0.0008178214285714144
8339,0.0008020714285714396
8340,0.0007810714285714734
8341,0.0007902857142856387
8342,0.0008146071428571743
8343,0.0008426785714285297
8344,0.0008590714285714135
8345,0.0008350714285714085
8346,0.0008212500000000083
8347,0.0008254285714285357
8348,0.0008139642857142653
8349,0.0008212500000000083
8350,0.000828107142857196
8351,0.000820285714285721
8352,0.0008061428571427903
8353,0.0008117142857143124
8354,0.0008571428571428389
8355,0.0008330357142856571
8356,0.0008086071428570968
8357,0.0008201785714285441
8358,0.0008280000000000192
8359,0.0008435357142856402
8360,0.0008105357142856714
8361,0.0008077499999999864
8362,0.0008045357142857463
8363,0.0008122500000000445
8364,0.0008109642857142266
8365,0.0007918928571428349
8366,0.0008106428571428483
8367,0.000824250000000047
8368,0.0008302499999999721
8369,0.0008282142857142207
8370,0.0007994999999999562
8371,0.000782357142857139
8372,0.0008092500000000058
8373,0.0008413928571428641
8374,0.0008286428571429281
8375,0.0008254285714285357
8376,0.0008346428571428532
8377,0.0008284285714285744
8378,0.0008311071428570825
8379,0.0008382857142856487
8380,0.0008557499999999964
8381,0.0008640000000000266
8382,0.0008525357142857563
8383,0.0008404285714285769
8384,0.0008752499999999433
8385,0.0008906785714285397
8386,0.0008539285714285988
8387,0.0008374285714285383
8388,0.0008577857142857479
8389,0.0008616428571428969
8390,0.0008590714285714135
8391,0.0008875714285714765
8392,0.0009289285714285001
8393,0.0009174642857142296
8394,0.0009048214285714705
8395,0.0009002142857142356
8396,0.0008913214285714487
8397,0.0008713928571427943
8398,0.0008979642857142828
8399,0.0009035357142856526
8400,0.0008856428571429019
8401,0.0008440714285713722
8402,0.0008217857142857404
8403,0.0008310000000000579
8404,0.0008225357142856739
8405,0.0008206071428570993
8406,0.0008248928571428037
8407,0.0008329285714286324
8408,0.0008371071428571598
8409,0.0008127857142857766
8410,0.0008067857142856992
8411,0.000841500000000041
8412,0.0008554285714286181
8413,0.0008626071428571841
8414,0.0008539285714285988
8415,0.0008205000000000748
8416,0.0008087142857142737
8417,0.0008043214285713926
8418,0.0008110714285714035
8419,0.0008756785714284986
8420,0.0009841071428570761
8421,0.0011237142857142247
8422,0.0012698571428571828
8423,0.0014418214285713913
8424,0.0015800357142856975
8425,0.0016597500000000106
8426,0.0017122499999999263
8427,0.0016666071428571984
8428,0.0014043214285713646
8429,0.001031571428571354
8430,0.000755035714285717
8431,0.0006430714285713687
8432,0.0005878928571427926
8433,0.0005577857142856857
8434,0.0005484642857143436
8435,0.00061510714285719
8436,0.0007163571428572015
8437,0.0007787142857143437
8438,0.0007796785714286309
8439,0.0007765714285714153
8440,0.0008110714285714035
8441,0.0008367857142857815
8442,0.000836464285714251
8443,0.0008626071428571841
8444,0.0009074999999999785
8445,0.0009079285714285337
8446,0.0008874642857142996
8447,0.0008980714285714595
8448,0.0009153214285714536
8449,0.0009192857142857795
8450,0.0009396428571428369
8451,0.0009749999999999354
8452,0.0009388928571429034
8453,0.000918964285714249
8454,0.0009043928571429153
8455,0.0009231428571429286
8456,0.0009490714285713559
8457,0.0009722142857142505
8458,0.0010013571428570702
8459,0.0010137857142857802
8460,0.0009899999999999766
8461,0.0009865714285713827
8462,0.0010051071428571947
8463,0.0010024285714285344
8464,0.0009801428571429025
8465,0.0009821785714285015
8466,0.0010311428571427989
8467,0.0010459285714286386
8468,0.0010614642857142596
8469,0.0010798928571428945
8470,0.0010958571428570708
8471,0.0011038928571428994
8472,0.0010964999999999797
8473,0.001088464285714303
8474,0.0010793571428571625
8475,0.0011071071428571397
8476,0.0011661428571428647
8477,0.0011754642857143593
8478,0.0012027857142857812
8479,0.0012005357142856761
8480,0.0012204642857143305
8481,0.001221321428571441
8482,0.0012402857142856558
8483,0.0012462857142857332
8484,0.0012208928571428856
8485,0.001227857142857098
8486,0.0012356785714285731
8487,0.0012426428571427855
8488,0.0012298928571428495
8489,0.0012008571428572066
8490,0.0012143571428570763
8491,0.0012444642857143355
8492,0.0012475714285713987
8493,0.0012178928571428469
8494,0.0011997857142857424
8495,0.0011835000000000357
8496,0.0011447142857143433
8497,0.0011251071428570673
8498,0.0011167500000000125
8499,0.001073571428571439
8500,0.0010631785714286326
8501,0.0010276071428571803
8502,0.00101935714285715
8503,0.000986464285714358
8504,0.0009562500000000743
8505,0.000970285714285676
8506,0.0009655714285714164
8507,0.0009282857142857433
8508,0.0009035357142856526
8509,0.0008656071428570706
8510,0.0008249999999999805
8511,0.0008629285714285626
8512,0.0008690357142856645
8513,0.000841500000000041
8514,0.0008586428571428583
8515,0.0008267142857143536
8516,0.0007771071428571474
8517,0.0008181428571427927
8518,0.0008584285714285045
8519,0.000834214285714298
8520,0.000813642857142887
8521,0.0008180357142857682
8522,0.0008013214285713539
8523,0.0008080714285713648
8524,0.0008087142857142737
8525,0.0007962857142857161
8526,0.0008105357142856714
8527,0.0007973571428571801
8528,0.0007994999999999562
8529,0.0008064642857143208
8530,0.0008151428571429063
8531,0.0008071071428570776
8532,0.0008049642857143015
8533,0.0008049642857143015
8534,0.0008362500000000494
8535,0.0008243571428570716
8536,0.0007984285714286443
8537,0.0008215714285713866
8538,0.0008487857142857841
8539,0.0008592857142857671
8540,0.0008134285714285332
8541,0.0007865357142856664
8542,0.0008404285714285769
8543,0.0008424642857143283
8544,0.0008219999999999418
8545,0.0008316428571428146
8546,0.0008286428571429281
8547,0.0008266071428571768
8548,0.0008300357142857706
8549,0.000881035714285667
8550,0.0008769642857143164
8551,0.0008315357142857899
8552,0.0008186785714285248
8553,0.0008104285714286468
8554,0.0008092500000000058
8555,0.0008301428571427952
8556,0.0008451428571428364
8557,0.0008359285714285189
8558,0.0008240357142856933
8559,0.0008125714285714228
8560,0.0008360357142856958
8561,0.0008502857142856511
8562,0.0008466428571428557
8563,0.0008455714285713916
8564,0.0008233928571427843
8565,0.0007892142857143268
8566,0.00082092857142863
8567,0.0008438571428571708
8568,0.0008212500000000083
8569,0.0008200714285713673
8570,0.0008427857142857066
8571,0.0008667857142857116
8572,0.0008501785714286265
8573,0.0008463214285714774
8574,0.0008395714285714665
8575,0.0008443928571429029
8576,0.0008434285714286156
8577,0.0008219999999999418
8578,0.0008067857142856992
8579,0.0008366785714286046
8580,0.0008586428571428583
8581,0.0008573571428571927
8582,0.0008634642857142945
8583,0.0008818928571429297
8584,0.0008650714285714908
8585,0.0008566071428571068
8586,0.0008743928571428329
8587,0.000878892857142891
8588,0.0008447142857142812
8589,0.0008314285714286131
8590,0.0008530714285714884
8591,0.0008867142857142137
8592,0.0008985000000000147
8593,0.0009157500000000088
8594,0.0009204642857142683
8595,0.0009207857142856467
8596,0.0009279642857142128
8597,0.0009259285714286136
8598,0.0008920714285713822
8599,0.0008847857142856392
8600,0.0008621785714286289
8601,0.0008401071428571986
8602,0.0008382857142856487
8603,0.0008479285714285213
8604,0.0008552142857142643
8605,0.0008318571428571683
8606,0.0008083928571428954
8607,0.0008315357142857899
8608,0.0008611071428571649
8609,0.0008412857142856873
8610,0.0008206071428570993
8611,0.0008371071428571598
8612,0.0008089285714286275
8613,0.0008529642857143115
8614,0.0008695714285713966
8615,0.0008362500000000494
8616,0.0008288571428571296
8617,0.0008365714285714278
8618,0.000846964285714234
8619,0.0008943214285714873
8620,0.0009560357142857206
8621,0.0010206428571428157
8622,0.0011308928571427909
8623,0.0012961071428571407
8624,0.001433678571428538
8625,0.0015369642857143008
8626,0.0015879642857143494
8627,0.0015968571428571364
8628,0.0014707500000000096
8629,0.0011491071428570722
8630,0.0008305714285715027
8631,0.0006708214285714981
8632,0.0006195000000000712
8633,0.0005811428571427818
8634,0.0005518928571427851
8635,0.0005682857142856689
8636,0.0006079285714286239
8637,0.0006392142857142196
8638,0.0006832500000000559
8639,0.000762857142857192
8640,0.0008194285714286106
8641,0.0008665714285713579
8642,0.0008981785714286364
8643,0.0008684999999999325
8644,0.0008623928571428305
8645,0.0008698928571429272
8646,0.000874285714285656
8647,0.000891642857142827
8648,0.0009170357142856744
8649,0.0009310714285714283
8650,0.0009492857142857097
8651,0.0009476785714285134
8652,0.0009497142857142649
8653,0.0009422142857143204
8654,0.0009407142857143011
8655,0.0009489642857143314
8656,0.0009676071428571678
8657,0.0009657857142857702
8658,0.0009794999999999934
8659,0.000994178571428504
8660,0.000985392857142894
8661,0.0009715714285714938
8662,0.0009697499999999439
8663,0.0009967499999999874
8664,0.0010255714285714289
8665,0.001028785714285669
8666,0.0010265357142857162
8667,0.0010359642857142352
8668,0.0010449642857143513
8669,0.0010692857142857346
8670,0.001070785714285754
8671,0.0010770000000000328
8672,0.0010993928571428415
8673,0.0010895357142857672
8674,0.0010890000000000353
8675,0.001128642857142838
8676,0.0011256428571427993
8677,0.0011069999999999628
8678,0.0011449285714285448
8679,0.0011889642857142288
8680,0.001184464285714323
8681,0.0011947499999999524
8682,0.00118778571428574
8683,0.0011929285714285546
8684,0.0012160714285714494
8685,0.0012178928571428469
8686,0.0012159642857142725
8687,0.0012514285714285479
8688,0.001262464285714263
8689,0.0012595714285714012
8690,0.0012403928571428325
8691,0.0011974285714286127
8692,0.0011784642857142456
8693,0.001176535714285671
8694,0.0011660357142856878
8695,0.0011424642857142382
8696,0.0011396785714285532
8697,0.0011395714285713763
8698,0.0011075357142856948
8699,0.0010983214285713774
8700,0.0010691785714285577
8701,0.0010251428571428738
8702,0.001005321428571396
8703,0.0009837857142856977
8704,0.0009751071428571123
8705,0.0009631071428571099
8706,0.0009646071428571292
8707,0.0009247499999999726
8708,0.0009031071428570975
8709,0.0009130714285715008
8710,0.0009348214285714005
8711,0.0008629285714285626
8712,0.000800250000000042
8713,0.0008456785714285685
8714,0.0008772857142856947
8715,0.0008698928571429272
8716,0.0008613214285713663
8717,0.000830357142857149
8718,0.0008092500000000058
8719,0.0008098928571429147
8720,0.0008459999999999468
8721,0.000832499999999925
8722,0.0007969285714286249
8723,0.0008213571428571852
8724,0.0008354999999999637
8725,0.000824250000000047
8726,0.0008222142857142956
8727,0.0008086071428570968
8728,0.0008042142857142157
8729,0.0008276785714286408
8730,0.0008419285714285962
8731,0.0008466428571428557
8732,0.0008314285714286131
8733,0.0008198571428571658
8734,0.0008343214285714749
8735,0.0008646428571427833
8736,0.0008380714285714471
8737,0.0008321785714285467
8738,0.0008407499999999552
8739,0.0008102142857142931
8740,0.0008165357142857488
8741,0.000829178571428508
8742,0.0008408571428571321
8743,0.0008428928571428835
8744,0.0008430000000000604
8745,0.000868821428571463
8746,0.0008311071428570825
8747,0.0008311071428570825
8748,0.0008352857142857622
8749,0.0008311071428570825
8750,0.0008647499999999602
8751,0.0008816785714285759
8752,0.0008417142857142425
8753,0.0008317499999999915
8754,0.0008638928571428498
8755,0.0008448214285714581
8756,0.0008310000000000579
8757,0.0008517857142856704
8758,0.000850392857142828
8759,0.0008411785714285105
8760,0.0008693571428571951
8761,0.0008834999999999736
8762,0.0008579999999999493
8763,0.0008363571428570741
8764,0.0008260714285714447
8765,0.0008351785714285853
8766,0.0008428928571428835
8767,0.0008433214285714387
8768,0.0008708571428572144
8769,0.0009008571428571445
8770,0.0008780357142857806
8771,0.0008522142857142256
8772,0.00085092857142856
8773,0.000857678571428571
8774,0.0008786785714285372
8775,0.0009049285714286474
8776,0.0008939999999999568
8777,0.0008630357142857393
8778,0.0008780357142857806
8779,0.0009121071428572135
8780,0.0009028928571428959
8781,0.000903428571428628
8782,0.000918964285714249
8783,0.0009082500000000644
8784,0.0009133928571428791
8785,0.0008901428571428077
8786,0.0008838214285715042
8787,0.0009068571428570697
8788,0.0008998928571428572
8789,0.0008897142857142525
8790,0.000864321428571405
8791,0.0008423571428571514
8792,0.0008496428571428944
8793,0.0008683928571429078
8794,0.000873749999999924
8795,0.0008371071428571598
8796,0.0008257500000000663
8797,0.0008196428571428121
8798,0.0008295000000000385
8799,0.0008454642857142147
8800,0.0008493214285713638
8801,0.0008329285714286324
8802,0.0008261785714286215
8803,0.0008507142857143586
8804,0.0008493214285713638
8805,0.0008502857142856511
8806,0.0008903571428571614
8807,0.0009204642857142683
8808,0.0009611785714285353
8809,0.0010320000000000615
8810,0.0011667857142857738
8811,0.0013249285714285821
8812,0.0014394642857142616
8813,0.0014775000000000205
8814,0.0015384642857143203
8815,0.0015369642857143008
8816,0.0013106785714286267
8817,0.0009803571428571038
8818,0.0007315714285714442
8819,0.0006574285714285009
8820,0.0006626785714286447
8821,0.0006043928571428532
8822,0.0005662500000000696
8823,0.0005513571428572054
8824,0.0006007500000000578
8825,0.0007020000000000692
8826,0.0007728214285714431
8827,0.0008009999999999756
8828,0.0008156785714286384
8829,0.0008512499999999384
8830,0.0008851071428571698
8831,0.0008985000000000147
8832,0.0009036428571428294
8833,0.0009218571428571108
8834,0.0009348214285714005
8835,0.0009371785714285304
8836,0.0009299999999999642
8837,0.0009467142857142262
8838,0.0009372857142857071
8839,0.0009291428571428538
8840,0.0009559285714285437
8841,0.0009328928571428261
8842,0.0009190714285714259
8843,0.0009489642857143314
8844,0.0009739285714286236
8845,0.0010062857142856833
8846,0.0010213928571429015
8847,0.0010275000000000035
8848,0.0010259999999999842
8849,0.0010028571428570894
8850,0.0010096071428571005
8851,0.0010432499999999782
8852,0.001036071428571412
8853,0.0010286785714286445
8854,0.0010488214285715002
8855,0.0010613571428570827
8856,0.0010615714285714362
8857,0.0010833214285714883
8858,0.0011032499999999905
8859,0.001101964285714325
8860,0.0010960714285714243
8861,0.0011418214285714816
8862,0.0011583214285713897
8863,0.0011533928571429287
8864,0.001157142857142901
8865,0.0011657142857143096
8866,0.0011774999999999583
8867,0.0012100714285713718
8868,0.0012333214285714434
8869,0.0012231428571428385
8870,0.0012016071428571401
8871,0.0012028928571428058
8872,0.001241892857142852
8873,0.0012521785714286336
8874,0.001236214285714305
8875,0.001258499999999937
8876,0.00126257142857144
8877,0.0012259285714285235
8878,0.0012319285714286008
8879,0.0012359999999999513
8880,0.0012084642857143279
8881,0.0011958214285714165
8882,0.0012025714285714274
8883,0.0011845714285714998
8884,0.0011597142857142323
8885,0.0011084999999999821
8886,0.0010930714285713858
8887,0.0011033571428571674
8888,0.0010657499999999639
8889,0.001030607142857219
8890,0.0009985714285713852
8891,0.0009844285714286068
8892,0.0009668571428570821
8893,0.0009433928571428091
8894,0.0009233571428571302
8895,0.0008986071428571916
8896,0.0008899285714286062
8897,0.000901714285714255
8898,0.0009361071428572184
8899,0.0008859642857142802
8900,0.0008208214285714531
8901,0.0008330357142856571
8902,0.0008378571428570935
8903,0.0008540357142857756
8904,0.000842571428571353
8905,0.0008262857142856461
8906,0.0008543571428571539
8907,0.000854892857142886
8908,0.0008206071428570993
8909,0.0008208214285714531
8910,0.0008322857142857236
8911,0.0008151428571429063
8912,0.0007952142857142519
8913,0.0008458928571429222
8914,0.0008663571428571564
8915,0.0008286428571429281
8916,0.0008141785714286191
8917,0.0008076428571428095
8918,0.00078171428571423
8919,0.0007868571428571971
8920,0.0008465357142856788
8921,0.0008392499999999359
8922,0.0007768928571427938
8923,0.0007942499999999646
8924,0.0008641071428572035
8925,0.0008489999999999855
8926,0.0008206071428570993
8927,0.0008437499999999939
8928,0.0008673214285714436
8929,0.0008304642857143258
8930,0.0008024999999999948
8931,0.0008302499999999721
8932,0.0008751428571429187
8933,0.0008709642857142391
8934,0.0008466428571428557
8935,0.0008338928571429197
8936,0.0008331428571428339
8937,0.0008134285714285332
8938,0.0008192142857142569
8939,0.0008175000000000361
8940,0.0008045357142857463
8941,0.0008109642857142266
8942,0.0008244642857142485
8943,0.0008190000000000554
8944,0.0008244642857142485
8945,0.0008521071428572011
8946,0.0008495357142857176
8947,0.0008404285714285769
8948,0.0008382857142856487
8949,0.0008558571428571733
8950,0.0008608928571428111
8951,0.0008466428571428557
8952,0.0008295000000000385
8953,0.0008300357142857706
8954,0.0008094642857143596
8955,0.0007943571428571415
8956,0.0008093571428571827
8957,0.0008423571428571514
8958,0.000878249999999982
8959,0.0008461071428571237
8960,0.0008243571428570716
8961,0.0008311071428570825
8962,0.0008613214285713663
8963,0.0008808214285714655
8964,0.0008638928571428498
8965,0.0008538214285714219
8966,0.0008483571428570765
8967,0.0008349642857142316
8968,0.0008182499999999696
8969,0.000853714285714245
8970,0.0008914285714286255
8971,0.0008942142857143104
8972,0.0008804999999999349
8973,0.0008699999999999518
8974,0.0008684999999999325
8975,0.0008889642857143189
8976,0.0008986071428571916
8977,0.0008514642857142921
8978,0.000853714285714245
8979,0.0008356071428571405
8980,0.000781178571428498
8981,0.0007767857142857691
8982,0.0007803214285713876
8983,0.000843642857142817
8984,0.000873749999999924
8985,0.0008533928571428667
8986,0.0008483571428570765
8987,0.000832499999999925
8988,0.0007989642857142242
8989,0.0007966071428570944
8990,0.0008031428571429038
8991,0.0007904999999999924
8992,0.0008013214285713539
8993,0.0007928571428571222
8994,0.0007992857142857547
8995,0.0007928571428571222
8996,0.0008050714285714784
8997,0.0009179999999999617
8998,0.0010025357142857112
8999,0.0010541785714285165
9000,0.0011841428571427923
9001,0.0013024285714285965
9002,0.0014199642857143147
9003,0.0015746785714285292
9004,0.0016348928571428953
9005,0.001591392857142791
9006,0.0013839642857143071
9007,0.0010301785714285116
9008,0.0007479642857143278
9009,0.0006341785714285818
9010,0.0005989285714285079
9011,0.000545357142857128
9012,0.0005062500000000572
9013,0.0005615357142856579
9014,0.000633428571428496
9015,0.0006988928571428537
9016,0.000743785714285648
9017,0.0007521428571428552
9018,0.0007773214285715012
9019,0.0007991785714285778
9020,0.0007735714285713767
9021,0.000783000000000048
9022,0.0008947500000000425
9023,0.0008974285714285507
9024,0.0008511428571429138
9025,0.0008620714285714522
9026,0.0008950714285714209
9027,0.0008597142857143223
9028,0.0008770714285714933
9029,0.0009005357142857662
9030,0.0008941071428571336
9031,0.0009004285714285893
9032,0.0009113571428571276
9033,0.0009087857142856441
9034,0.0009033214285714511
9035,0.0008983928571428379
9036,0.0009242142857142406
9037,0.0009656785714285933
9038,0.0009784285714285294
9039,0.0009804642857142807
9040,0.0009895714285714215
9041,0.0009779999999999741
9042,0.0009313928571428067
9043,0.0009273214285714561
9044,0.0009736071428570929
9045,0.0010104642857142107
9046,0.0010033928571428216
9047,0.001013142857142871
9048,0.0010379999999999866
9049,0.0010345714285713928
9050,0.0010364999999999671
9051,0.001039500000000006
9052,0.0010511785714286302
9053,0.001101321428571416
9054,0.001109142857142891
9055,0.001123178571428645
9056,0.0011674285714285304
9057,0.0011567142857143457
9058,0.0011457857142856552
9059,0.0011468571428571194
9060,0.0011602499999999643
9061,0.0011639999999999366
9062,0.001169892857142837
9063,0.001152642857142843
9064,0.0011440714285714344
9065,0.0012238928571429244
9066,0.0012354642857142193
9067,0.0011963571428571485
9068,0.0011706428571429228
9069,0.0011486785714285171
9070,0.0011486785714285171
9071,0.001140428571428639
9072,0.0011405357142856636
9073,0.0011167500000000125
9074,0.0010923214285714522
9075,0.0010690714285713809
9076,0.0010450714285713757
9077,0.00101935714285715
9078,0.0009884999999999573
9079,0.0009711428571427864
9080,0.0009619285714286211
9081,0.000951428571428638
9082,0.0009416785714285883
9083,0.0008973214285713738
9084,0.0008488928571428086
9085,0.0008554285714286181
9086,0.0008318571428571683
9087,0.0008091428571428289
9088,0.0008149285714285526
9089,0.0008122500000000445
9090,0.0008105357142856714
9091,0.0007713214285714238
9092,0.0007840714285713598
9093,0.0007855714285713792
9094,0.0007847142857142688
9095,0.0008106428571428483
9096,0.0008040000000000142
9097,0.0007746428571428408
9098,0.0007702499999999597
9099,0.0007577142857142251
9100,0.0007721785714285343
9101,0.0007765714285714153
9102,0.0007493571428571703
9103,0.0007797857142856555
9104,0.0007797857142856555
9105,0.0007938214285714095
9106,0.0007904999999999924
9107,0.0007686428571429157
9108,0.0007614642857143496
9109,0.0007486071428570844
9110,0.000735000000000038
9111,0.0007546071428571618
9112,0.0007848214285714456
9113,0.0007853571428571777
9114,0.0007963928571428929
9115,0.0008055000000000336
9116,0.0007903928571428155
9117,0.0007756071428571281
9118,0.0007707857142856918
9119,0.0007760357142856833
9120,0.0007881428571428627
9121,0.0007733571428571752
9122,0.0007800000000000093
9123,0.0007876071428571306
9124,0.0007926428571429206
9125,0.0007967142857142713
9126,0.0007748571428571946
9127,0.0007837499999999815
9128,0.0007600714285713549
9129,0.0007869642857142216
9130,0.0008088214285714506
9131,0.000779035714285722
9132,0.0007780714285714347
9133,0.0007871785714285754
9134,0.0007907142857143461
9135,0.0008052857142856799
9136,0.0008073214285714312
9137,0.0008171785714285054
9138,0.0008300357142857706
9139,0.000813642857142887
9140,0.0008234999999999612
9141,0.0007998214285714868
9142,0.0007552500000000708
9143,0.0007597499999999765
9144,0.000782357142857139
9145,0.0007976785714285586
9146,0.0008009999999999756
9147,0.0007743214285714625
9148,0.0007315714285714442
9149,0.0007803214285713876
9150,0.0008300357142857706
9151,0.0008088214285714506
9152,0.0007956428571428071
9153,0.0007910357142857245
9154,0.0007866428571428433
9155,0.0008085000000000723
9156,0.0008149285714285526
9157,0.0007937142857142326
9158,0.0007816071428572055
9159,0.0007831071428570725
9160,0.0008087142857142737
9161,0.000824250000000047
9162,0.0008301428571427952
9163,0.0008167499999999502
9164,0.000795107142857075
9165,0.0008080714285713648
9166,0.0008261785714286215
9167,0.0008438571428571708
9168,0.000847607142857143
9169,0.0008539285714285988
9170,0.0009053571428572026
9171,0.0009143571428571664
9172,0.0008697857142857503
9173,0.0008395714285714665
9174,0.0008406428571429306
9175,0.0008371071428571598
9176,0.0008124642857142459
9177,0.0008034642857142821
9178,0.000800250000000042
9179,0.0008097857142857379
9180,0.0008062499999999671
9181,0.0007914642857142797
9182,0.0007813928571428517
9183,0.0007911428571429014
9184,0.0008009999999999756
9185,0.0007952142857142519
9186,0.00076789285714283
9187,0.0007602857142857086
9188,0.0007971428571428265
9189,0.0008081785714285416
9190,0.0008160000000000167
9191,0.000793500000000031
9192,0.0007788214285713682
9193,0.0007898571428570835
9194,0.0008006785714285972
9195,0.0008540357142857756
9196,0.0009423214285714973
9197,0.001020000000000059
9198,0.001130357142857211
9199,0.0013063928571429224
9200,0.001461535714285692
9201,0.0015546428571428501
9202,0.0016596428571428337
9203,0.0016526785714286213
9204,0.0014357142857142893
9205,0.0011139642857143275
9206,0.0008203928571428979
9207,0.0006799285714286388
9208,0.0006258214285713746
9209,0.0005528571428570724
9210,0.0005033571428571954
9211,0.0005216785714285013
9212,0.0005869285714285053
9213,0.0006493928571428244
9214,0.0007192500000000633
9215,0.0007597499999999765
9216,0.0008212500000000083
9217,0.0008359285714285189
9218,0.0008257500000000663
9219,0.0008170714285714809
9220,0.0008266071428571768
9221,0.0008419285714285962
9222,0.0008395714285714665
9223,0.0008561785714285516
9224,0.0008806071428571118
9225,0.0008559642857143501
9226,0.0008836071428571505
9227,0.000930107142857141
9228,0.0009192857142857795
9229,0.0009059999999999592
9230,0.0009069642857142465
9231,0.0009069642857142465
9232,0.0009223928571428429
9233,0.0009466071428572016
9234,0.0009367499999999751
9235,0.0009521785714285715
9236,0.0009364285714285968
9237,0.000932357142857094
9238,0.0009372857142857071
9239,0.0009605357142857786
9240,0.00099492857142859
9241,0.0009527142857143036
9242,0.0009683571428571014
9243,0.001032107142857086
9244,0.0010172142857142218
9245,0.0009906428571428857
9246,0.0010123928571427853
9247,0.0010639285714285661
9248,0.0010770000000000328
9249,0.001050107142857166
9250,0.001044000000000064
9251,0.0010756071428571902
9252,0.001113107142857217
9253,0.0011166428571428356
9254,0.0011033571428571674
9255,0.0011188928571427884
9256,0.0011585357142857434
9257,0.001176535714285671
9258,0.001178892857142801
9259,0.0012010714285714081
9260,0.0012316071428570704
9261,0.0012147857142857836
9262,0.0012075000000000408
9263,0.001204500000000002
9264,0.0012091071428570847
9265,0.001211892857142922
9266,0.0011577857142856577
9267,0.00113657142857149
9268,0.0011486785714285171
9269,0.001140321428571462
9270,0.001129821428571479
9271,0.001132607142857164
9272,0.0011043214285714547
9273,0.00106735714285716
9274,0.00106178571428579
9275,0.0010639285714285661
9276,0.001030500000000042
9277,0.0009891428571428662
9278,0.0009717857142856953
9279,0.0009663214285715022
9280,0.0009298928571427873
9281,0.0009215357142857325
9282,0.000903428571428628
9283,0.0008600357142857007
9284,0.000815785714285663
9285,0.0008150357142857294
9286,0.0008468571428572095
9287,0.0008206071428570993
9288,0.0007904999999999924
9289,0.0008020714285714396
9290,0.000799071428571401
9291,0.0008016428571428845
9292,0.0007838571428571584
9293,0.000759535714285775
9294,0.0007763571428572139
9295,0.0007930714285714758
9296,0.0008127857142857766
9297,0.0007927499999999453
9298,0.0007881428571428627
9299,0.0007734642857143521
9300,0.0007528928571427887
9301,0.0007622142857142832
9302,0.0007529999999999656
9303,0.0007868571428571971
9304,0.0007938214285714095
9305,0.0007756071428571281
9306,0.0007707857142856918
9307,0.0007491428571428165
9308,0.0007751785714285729
9309,0.0008149285714285526
9310,0.0007906071428571693
9311,0.0007602857142857086
9312,0.0007568571428571147
9313,0.000768428571428562
9314,0.0007950000000000504
9315,0.0008004642857142435
9316,0.0007955357142857825
9317,0.0008137500000000639
9318,0.0008023928571428181
9319,0.000781178571428498
9320,0.0007923214285713901
9321,0.0008236071428571381
9322,0.0008215714285713866
9323,0.0007933928571428543
9324,0.0007804285714285645
9325,0.0007902857142856387
9326,0.0007766785714285922
9327,0.0007834285714286032
9328,0.000819749999999989
9329,0.000799071428571401
9330,0.0007869642857142216
9331,0.0008083928571428954
9332,0.0007821428571427852
9333,0.0007664999999999875
9334,0.0007881428571428627
9335,0.0007869642857142216
9336,0.0008065714285714977
9337,0.0008116071428571355
9338,0.0007920000000000118
9339,0.0008024999999999948
9340,0.0008026071428571717
9341,0.000785678571428556
9342,0.0007858928571429098
9343,0.0007959642857143377
9344,0.0007939285714285863
9345,0.0007938214285714095
9346,0.0008146071428571743
9347,0.000801857142857086
9348,0.0007742142857142856
9349,0.0007826785714285173
9350,0.000798535714285669
9351,0.0008081785714285416
9352,0.0008105357142856714
9353,0.0007792500000000757
9354,0.0007643571428572114
9355,0.000806892857142876
9356,0.0008146071428571743
9357,0.000789642857142882
9358,0.0007731428571428214
9359,0.0007705714285714903
9360,0.000797464285714357
9361,0.0008424642857143283
9362,0.0008175000000000361
9363,0.0007892142857143268
9364,0.0007945714285714952
9365,0.0008128928571428011
9366,0.0008258571428570909
9367,0.0008252142857143342
9368,0.0008313214285714363
9369,0.0008578928571429246
9370,0.0008707500000000376
9371,0.0008472857142857647
9372,0.0008255357142857126
9373,0.0008526428571429332
9374,0.0008581071428571262
9375,0.0008574642857142172
9376,0.0008726785714286121
9377,0.0008880000000000317
9378,0.0008821071428571311
9379,0.0008585357142856814
9380,0.0008456785714285685
9381,0.0008426785714285297
9382,0.0008354999999999637
9383,0.0008164285714285719
9384,0.0007939285714285863
9385,0.0008150357142857294
9386,0.0007956428571428071
9387,0.0007716428571428022
9388,0.0007741071428571087
9389,0.0008082857142857185
9390,0.0008003571428572189
9391,0.0007880357142856858
9392,0.0008026071428571717
9393,0.0008138571428570884
9394,0.0007771071428571474
9395,0.000793500000000031
9396,0.0007815000000000286
9397,0.0007630714285713936
9398,0.0007978928571429122
9399,0.0008057142857142351
9400,0.0008014285714285308
9401,0.0008578928571429246
9402,0.0008990357142857468
9403,0.000961392857142889
9404,0.0011008928571428608
9405,0.0012984642857142704
9406,0.0014411785714286347
9407,0.001562571428571502
9408,0.0016274999999999753
9409,0.0016448571428571463
9410,0.0015551785714285821
9411,0.001298250000000069
9412,0.0009502499999999969
9413,0.0007014642857143371
9414,0.0006190714285713637
9415,0.0005677499999999368
9416,0.0005326071428571919
9417,0.000555964285714288
9418,0.0006142499999999274
9419,0.0006628928571428463
9420,0.000699857142857141
9421,0.0007248214285714332
9422,0.0007725000000000648
9423,0.000791785714285658
9424,0.000798535714285669
9425,0.0008462142857143005
9426,0.0009032142857142742
9427,0.0008932500000000231
9428,0.0008981785714286364
9429,0.0008880000000000317
9430,0.0008567142857142837
9431,0.0008597142857143223
9432,0.0008937857142857552
9433,0.0009199285714285363
9434,0.0009176785714285834
9435,0.0009087857142856441
9436,0.0009253928571428816
9437,0.0009362142857142431
9438,0.0009303214285714948
9439,0.0009266785714285472
9440,0.0009210000000000004
9441,0.0009277500000000114
9442,0.000944142857142895
9443,0.0009800357142857256
9444,0.0009796071428571703
9445,0.000985928571428626
9446,0.0009980357142856532
9447,0.000992142857142905
9448,0.0009774642857142421
9449,0.0009983571428571838
9450,0.0010180714285714845
9451,0.0010481785714285914
9452,0.001064035714285743
9453,0.0010540714285714918
9454,0.001047214285714304
9455,0.0010808571428571818
9456,0.001100785714285684
9457,0.001081928571428646
9458,0.0011216785714286256
9459,0.0011602499999999643
9460,0.0011686071428571715
9461,0.0011630357142856493
9462,0.001143642857142879
9463,0.0011852142857142565
9464,0.0012241071428571258
9465,0.0011814642857142844
9466,0.0011949642857143061
9467,0.0012230357142856616
9468,0.0012019285714285185
9469,0.001221214285714264
9470,0.0012208928571428856
9471,0.0012233571428571922
9472,0.0012215357142856423
9473,0.0011789999999999776
9474,0.0011836071428572125
9475,0.0011883214285714721
9476,0.0011763214285714697
9477,0.0011770714285714032
9478,0.001143750000000056
9479,0.0011309999999999678
9480,0.0011216785714286256
9481,0.0010893214285714135
9482,0.0010551428571428038
9483,0.0010390714285714506
9484,0.0009962142857142555
9485,0.0009673928571428142
9486,0.0009764999999999548
9487,0.0009651428571428612
9488,0.0009219642857142877
9489,0.0008923928571429128
9490,0.0008841428571428826
9491,0.0008746071428571867
9492,0.000886178571428634
9493,0.0008980714285714595
9494,0.0008611071428571649
9495,0.0008244642857142485
9496,0.00078171428571423
9497,0.0008117142857143124
9498,0.0008520000000000242
9499,0.0008349642857142316
9500,0.0008150357142857294
9501,0.0008139642857142653
9502,0.0008070000000000529
9503,0.0007895357142857051
9504,0.0007758214285714818
9505,0.0007765714285714153
9506,0.0007597499999999765
9507,0.0007747500000000177
9508,0.0008020714285714396
9509,0.0008028214285713733
9510,0.0007793571428571003
9511,0.0007932857142856774
9512,0.0007970357142856496
9513,0.0007857857142857329
9514,0.0007859999999999344
9515,0.0007761428571428601
9516,0.0007865357142856664
9517,0.0007730357142856447
9518,0.0007631785714285704
9519,0.0008199642857143427
9520,0.0008444999999999274
9521,0.000847607142857143
9522,0.0008386071428571792
9523,0.0008094642857143596
9524,0.0007959642857143377
9525,0.0008024999999999948
9526,0.0008155714285714615
9527,0.0008345357142856764
9528,0.0008300357142857706
9529,0.0008008928571427987
9530,0.0008193214285714338
9531,0.0008368928571428062
9532,0.0008307857142857042
9533,0.0008078571428571633
9534,0.0007958571428571609
9535,0.0008091428571428289
9536,0.0008296071428572154
9537,0.0008078571428571633
9538,0.0007959642857143377
9539,0.0008050714285714784
9540,0.0008082857142857185
9541,0.0008089285714286275
9542,0.0008368928571428062
9543,0.0008398928571428448
9544,0.0008193214285714338
9545,0.0008102142857142931
9546,0.00080292857142855
9547,0.0007885714285714179
9548,0.000803571428571459
9549,0.0008060357142857656
9550,0.0007880357142856858
9551,0.0007978928571429122
9552,0.0008513571428571152
9553,0.0008430000000000604
9554,0.000827571428571464
9555,0.0008422499999999745
9556,0.0008295000000000385
9557,0.0007960714285713623
9558,0.0007904999999999924
9559,0.0007858928571429098
9560,0.0007576071428572006
9561,0.0008107500000000251
9562,0.0008673214285714436
9563,0.0008463214285714774
9564,0.0008249999999999805
9565,0.0008334642857142123
9566,0.0008625000000000074
9567,0.000864321428571405
9568,0.0008680714285713773
9569,0.0008628214285713857
9570,0.0008472857142857647
9571,0.0008327142857142788
9572,0.0008267142857143536
9573,0.0008478214285714968
9574,0.0008644285714285818
9575,0.0008395714285714665
9576,0.0008356071428571405
9577,0.0008679642857143526
9578,0.0008875714285714765
9579,0.0009048214285714705
9580,0.000916821428571473
9581,0.0008989285714285699
9582,0.0008353928571427868
9583,0.0008206071428570993
9584,0.0008360357142856958
9585,0.0008259642857142678
9586,0.0008341071428571212
9587,0.0008378571428570935
9588,0.0008038928571428373
9589,0.0007899642857142603
9590,0.0008027142857143486
9591,0.0008007857142857741
9592,0.0007977857142857353
9593,0.0008164285714285719
9594,0.0008413928571428641
9595,0.0008299285714285937
9596,0.0008088214285714506
9597,0.0007720714285713574
9598,0.0007795714285714541
9599,0.0008062499999999671
9600,0.0008536071428570681
9601,0.0009120000000000366
9602,0.0009742500000000019
9603,0.0010643571428571212
9604,0.0011882142857142953
9605,0.0013256785714285157
9606,0.0014626071428571561
9607,0.0015597857142856649
9608,0.0016091785714285173
9609,0.0015349285714285495
9610,0.0012784285714285914
9611,0.0009548571428570796
9612,0.0007225714285714804
9613,0.0006238928571428001
9614,0.0005650714285714287
9615,0.000541499999999979
9616,0.0005028214285714633
9617,0.0005256428571428273
9618,0.0006124285714285296
9619,0.0007342499999999522
9620,0.0007660714285714323
9621,0.0007551428571428939
9622,0.0008066785714285224
9623,0.0008518928571428473
9624,0.0008311071428570825
9625,0.0008354999999999637
9626,0.0008578928571429246
9627,0.0008748214285713881
9628,0.0009011785714285229
9629,0.0008934642857142247
9630,0.0008906785714285397
9631,0.0009069642857142465
9632,0.0009033214285714511
9633,0.0009076071428571554
9634,0.000940178571428569
9635,0.0009393214285714586
9636,0.0009035357142856526
9637,0.0009386785714285496
9638,0.0009788571428570845
9639,0.000958607142857204
9640,0.0009472499999999582
9641,0.0009491785714285328
9642,0.0009722142857142505
9643,0.000986999999999938
9644,0.0009825000000000322
9645,0.000994821428571413
9646,0.0010034999999999985
9647,0.00101432142857136
9648,0.0010177499999999538
9649,0.0009965357142857861
9650,0.0010202142857142604
9651,0.0010622142857143453
9652,0.0010581428571428424
9653,0.0010490357142857018
9654,0.0010526785714284972
9655,0.0010606071428571492
9656,0.001094035714285673
9657,0.001100249999999952
9658,0.001109035714285714
9659,0.0011511428571428237
9660,0.0011725714285714974
9661,0.0011928214285713778
9662,0.0011986071428571016
9663,0.0011883214285714721
9664,0.0011799642857142649
9665,0.0011863928571428975
9666,0.0012019285714285185
9667,0.0011947499999999524
9668,0.0011852142857142565
9669,0.0012339642857143523
9670,0.0012292499999999405
9671,0.001190464285714248
9672,0.0012077142857142421
9673,0.0012121071428571233
9674,0.0011847857142857014
9675,0.001154357142857216
9676,0.0011555357142857049
9677,0.0011461071428571859
9678,0.0011179285714285011
9679,0.0011097857142856478
9680,0.0010887857142856815
9681,0.0010431428571428013
9682,0.0010288928571428459
9683,0.0010224642857142134
9684,0.0010186071428572164
9685,0.0010219285714286334
9686,0.0009683571428571014
9687,0.0009006428571427908
9688,0.00090953571428573
9689,0.0008974285714285507
9690,0.0008554285714286181
9691,0.0008439642857143477
9692,0.0008663571428571564
9693,0.000876107142857206
9694,0.0008707500000000376
9695,0.0008470714285714109
9696,0.0008462142857143005
9697,0.0008552142857142643
9698,0.0008526428571429332
9699,0.0008319642857143451
9700,0.0008341071428571212
9701,0.0008405357142857538
9702,0.0008266071428571768
9703,0.0008060357142857656
9704,0.0008192142857142569
9705,0.0008531785714285129
9706,0.0008670000000000653
9707,0.0008166428571429257
9708,0.0008012142857143293
9709,0.0008052857142856799
9710,0.0008239285714285164
9711,0.0008393571428571127
9712,0.0008367857142857815
9713,0.0008529642857143115
9714,0.000854892857142886
9715,0.0007982142857142905
9716,0.000768428571428562
9717,0.0007982142857142905
9718,0.0008351785714285853
9719,0.0008461071428571237
9720,0.0008732142857143442
9721,0.0008644285714285818
9722,0.0008513571428571152
9723,0.0008326071428571019
9724,0.0008240357142856933
9725,0.0008392499999999359
9726,0.0008629285714285626
9727,0.0008545714285713554
9728,0.0008542499999999771
9729,0.0008768571428571395
9730,0.0008826428571428632
9731,0.0008753571428571202
9732,0.0008574642857142172
9733,0.0008523214285714025
9734,0.000846428571428502
9735,0.0008428928571428835
9736,0.0008260714285714447
9737,0.0008437499999999939
9738,0.000882857142857217
9739,0.0008910000000000703
9740,0.0008869285714285675
9741,0.0008792142857142693
9742,0.0008488928571428086
9743,0.0008257500000000663
9744,0.0008618571428570984
9745,0.0008811428571428438
9746,0.0008662499999999796
9747,0.000850392857142828
9748,0.0008614285714285432
9749,0.0008878928571428548
9750,0.0008796428571428245
9751,0.0008872499999999458
9752,0.0008703214285714824
9753,0.0008812500000000207
9754,0.0008903571428571614
9755,0.0008910000000000703
9756,0.0009255000000000584
9757,0.0009188571428570721
9758,0.0008816785714285759
9759,0.000881035714285667
9760,0.0008802857142857334
9761,0.000895607142857153
9762,0.0009252857142857047
9763,0.0009219642857142877
9764,0.0009284999999999449
9765,0.0009455357142857374
9766,0.0009440357142857181
9767,0.0009274285714286329
9768,0.0009120000000000366
9769,0.0009152142857142768
9770,0.0009052500000000257
9771,0.0008938928571429321
9772,0.0008834999999999736
9773,0.0009143571428571664
9774,0.0008901428571428077
9775,0.0008590714285714135
9776,0.0008326071428571019
9777,0.0008187857142857017
9778,0.0009032142857142742
9779,0.0009410357142856794
9780,0.0009008571428571445
9781,0.0008725714285714352
9782,0.0008614285714285432
9783,0.000894964285714244
9784,0.0009086785714286196
9785,0.0008885357142857637
9786,0.0008711785714285928
9787,0.000850392857142828
9788,0.0009220714285714646
9789,0.0010096071428571005
9790,0.0010808571428571818
9791,0.0012099642857143474
9792,0.0013353214285713884
9793,0.0014288571428571015
9794,0.0015011785714286472
9795,0.0015584999999999991
9796,0.001520785714285771
9797,0.0013045714285713724
9798,0.0010967142857143334
9799,0.0008668928571428885
9800,0.0007130357142857845
9801,0.0006746785714286473
9802,0.0006427499999999903
9803,0.0006009642857142593
9804,0.0006071785714285382
9805,0.0006601071428571613
9806,0.0007175357142856902
9807,0.0007580357142857557
9808,0.0008295000000000385
9809,0.0008691428571428413
9810,0.0008867142857142137
9811,0.0009038571428571832
9812,0.0008892857142856973
9813,0.0008783571428571589
9814,0.0009316071428571604
9815,0.000978535714285706
9816,0.000974785714285734
9817,0.0009805714285714576
9818,0.000990857142857087
9819,0.0010038214285713767
9820,0.0009943928571428578
9821,0.0009724285714286042
9822,0.0009935357142857473
9823,0.001023321428571476
9824,0.0010250357142856969
9825,0.0010320000000000615
9826,0.001025464285714252
9827,0.0010309285714285973
9828,0.001057285714285732
9829,0.0010717500000000412
9830,0.0010613571428570827
9831,0.0010383214285713648
9832,0.0010585714285713977
9833,0.0010995000000000184
9834,0.00109178571428572
9835,0.0010948928571427835
9836,0.0011163214285714572
9837,0.0011156785714285483
9838,0.0011134285714285953
9839,0.0011340000000000065
9840,0.001138607142857089
9841,0.0011500714285713595
9842,0.001187678571428563
9843,0.001194535714285751
9844,0.0011859642857143424
9845,0.0012005357142856761
9846,0.0012227142857142834
9847,0.0012169285714285598
9848,0.0012451071428570921
9849,0.0012789642857143236
9850,0.0012660000000000338
9851,0.001270928571428647
9852,0.001289249999999953
9853,0.0012788571428571467
9854,0.0013027499999999747
9855,0.001314321428571422
9856,0.001293857142857188
9857,0.0012425357142857609
9858,0.001234607142857109
9859,0.0013258928571428694
9860,0.001320535714285701
9861,0.001297071428571428
9862,0.001283035714285674
9863,0.0012386785714286117
9864,0.0012076071428572175
9865,0.0011823214285713948
9866,0.0011644285714286439
9867,0.001140428571428639
9868,0.001159928571428586
9869,0.0011747142857142733
9870,0.0011145000000000595
9871,0.001057285714285732
9872,0.0010474285714285056
9873,0.0010513928571428315
9874,0.0010396071428571828
9875,0.000985392857142894
9876,0.0009349285714285774
9877,0.0009166071428571192
9878,0.0009246428571427958
9879,0.0008718214285715017
9880,0.0008783571428571589
9881,0.0009423214285714973
9882,0.0009573214285713862
9883,0.0009495000000000634
9884,0.0009321428571428924
9885,0.0009081428571428875
9886,0.000912214285714238
9887,0.0009018214285714318
9888,0.0008906785714285397
9889,0.0008939999999999568
9890,0.0008811428571428438
9891,0.0008718214285715017
9892,0.0008833928571427967
9893,0.000884999999999993
9894,0.0008948571428570672
9895,0.0009018214285714318
9896,0.0008986071428571916
9897,0.0009033214285714511
9898,0.0008814642857142222
9899,0.0008758928571428523
9900,0.0008842500000000594
9901,0.0008887499999999652
9902,0.000907821428571357
9903,0.0008943214285714873
9904,0.0008755714285714739
9905,0.000899464285714302
9906,0.0009093214285713762
9907,0.0008878928571428548
9908,0.0008712857142857696
9909,0.0008936785714285784
9910,0.0009146785714285447
9911,0.0009011785714285229
9912,0.0008957142857143298
9913,0.0008924999999999374
9914,0.0009379285714286161
9915,0.0009324642857142709
9916,0.0009199285714285363
9917,0.0009298928571427873
9918,0.000916821428571473
9919,0.0008756785714284986
9920,0.0008787857142857141
9921,0.0008885357142857637
9922,0.0009082500000000644
9923,0.0009251785714285278
9924,0.0009338571428571133
9925,0.0009328928571428261
9926,0.0009360000000000416
9927,0.0009199285714285363
9928,0.0009087857142856441
9929,0.0009152142857142768
9930,0.0009241071428572159
9931,0.0009259285714286136
9932,0.0009324642857142709
9933,0.0008913214285714487
9934,0.0008866071428571892
9935,0.0009427500000000525
9936,0.0009291428571428538
9937,0.0009160714285713872
9938,0.0009139285714286112
9939,0.000926249999999992
9940,0.0009410357142856794
9941,0.0009642857142857508
9942,0.0009703928571428528
9943,0.0009421071428571435
9944,0.0009137142857142574
9945,0.0009131785714285253
9946,0.000955285714285787
9947,0.0009526071428571267
9948,0.0009663214285715022
9949,0.0009825000000000322
9950,0.0009945000000000346
9951,0.0009930000000000154
9952,0.0009792857142856398
9953,0.0009612857142857122
9954,0.0009425357142856987
9955,0.00093075000000005
9956,0.0009379285714286161
9957,0.0009242142857142406
9958,0.0009206785714286221
9959,0.000918964285714249
9960,0.0009015000000000534
9961,0.0008983928571428379
9962,0.0008974285714285507
9963,0.000916821428571473
9964,0.000936857142857152
9965,0.0008983928571428379
9966,0.0008857499999999265
9967,0.0008838214285715042
9968,0.000908892857142821
9969,0.0009080357142857106
9970,0.0008851071428571698
9971,0.0008784642857143358
9972,0.0008937857142857552
9973,0.0009347142857142237
9974,0.0010309285714285973
9975,0.0011001428571429273
9976,0.0011989285714286322
9977,0.0013509642857143385
9978,0.001488964285714291
9979,0.0016096071428570724
9980,0.0016724999999999466
9981,0.0016537499999999333
9982,0.0015593571428571095
9983,0.0012707142857142932
9984,0.0009164999999999423
9985,0.000713142857142809
9986,0.0006695357142856803
9987,0.0006508928571428437
9988,0.0006441428571428328
9989,0.0006444642857142112
9990,0.0006584999999999651
9991,0.0007154999999999388
9992,0.0007948928571428736
9993,0.0008522142857142256
9994,0.0008963571428570865
9995,0.0009216428571429094
9996,0.0009266785714285472
9997,0.0009194999999999811
9998,0.0009263571428571689
9999,0.0009266785714285472
10000,0.0009436071428571629
10001,0.0009667500000000574
10002,0.0009492857142857097
10003,0.0009551785714286102
10004,0.0009923571428571063
10005,0.0009794999999999934
10006,0.0009425357142856987
10007,0.0009616071428570905
10008,0.0010118571428572056
10009,0.0010426071428570691
10010,0.0010717500000000412
10011,0.001048392857142793
10012,0.0010146428571428906
10013,0.0010178571428571307
10014,0.0010310357142857742
10015,0.001012607142857139
10016,0.001012607142857139
10017,0.0010543928571428703
10018,0.001083428571428513
10019,0.0010910357142857865
10020,0.0010894285714285904
10021,0.001094571428571405
10022,0.0011244642857143106
10023,0.0011307857142857662
10024,0.0011373214285714235
10025,0.0011222142857143576
10026,0.0011188928571427884
10027,0.0011457857142856552
10028,0.0011948571428571292
10029,0.0012155357142857172
10030,0.0011987142857142784
10031,0.0011958214285714165
10032,0.001214464285714253
10033,0.0012354642857142193
10034,0.0012544285714285864
10035,0.0012521785714286336
10036,0.0012451071428570921
10037,0.0012565714285713626
10038,0.0012861428571428898
10039,0.0012889285714285745
10040,0.0012574285714286252
10041,0.0012482142857143076
10042,0.0012589285714286445
10043,0.001279821428571434
10044,0.001284321428571492
10045,0.0012986785714286242
10046,0.0012992142857143562
10047,0.0012528214285713903
10048,0.001216821428571383
10049,0.001186607142857099
10050,0.0011373214285714235
10051,0.0011371071428570698
10052,0.0011376428571428017
10053,0.0011172857142857445
10054,0.0010998214285713966
10055,0.00108857142857148
10056,0.001065107142857207
10057,0.0010057499999999513
10058,0.0009627857142857315
10059,0.0009611785714285353
10060,0.0009754285714286429
10061,0.000987107142857115
10062,0.0009723214285714273
10063,0.0009172500000000282
10064,0.0008967857142856417
10065,0.0009109285714285725
10066,0.0009062142857143129
10067,0.0009093214285713762
10068,0.0009094285714285531
10069,0.0008877857142856779
10070,0.0008736428571428994
10071,0.0008760000000000291
10072,0.0008919642857143576
10073,0.0008813571428571976
10074,0.0008484642857142534
10075,0.0008542499999999771
10076,0.0008453571428571901
10077,0.000862714285714361
10078,0.0008402142857142232
10079,0.000824250000000047
10080,0.0008625000000000074
10081,0.0008733214285713688
10082,0.0008563928571429054
10083,0.0008356071428571405
10084,0.0008731071428571673
10085,0.0008780357142857806
10086,0.0008527499999999577
10087,0.0008471785714285878
10088,0.0008518928571428473
10089,0.0008546785714285323
10090,0.0008762142857142306
10091,0.0008873571428571227
10092,0.000862714285714361
10093,0.000858750000000035
10094,0.0008714999999999711
10095,0.0008797500000000014
10096,0.0008606785714286096
10097,0.0008367857142857815
10098,0.0008803928571429103
10099,0.0009155357142856551
10100,0.0008919642857143576
10101,0.0009039642857143601
10102,0.0009037500000000063
10103,0.0008857499999999265
10104,0.0008606785714286096
10105,0.0008795357142856476
10106,0.000884999999999993
10107,0.0008566071428571068
10108,0.0008488928571428086
10109,0.0008687142857142861
10110,0.0008842500000000594
10111,0.0008804999999999349
10112,0.0008775000000000485
10113,0.0008714999999999711
10114,0.0008978571428571059
10115,0.000908892857142821
10116,0.0008987142857142163
10117,0.0008695714285713966
10118,0.0008591785714285903
10119,0.0008833928571427967
10120,0.0008941071428571336
10121,0.0008976428571429043
10122,0.0009221785714286414
10123,0.0009238928571428623
10124,0.0009164999999999423
10125,0.0009191785714286027
10126,0.0009085714285714427
10127,0.0008992499999999483
10128,0.0009024642857143407
10129,0.0009410357142856794
10130,0.000943499999999986
10131,0.0009314999999999836
10132,0.0009443571428570964
10133,0.0009515357142856625
10134,0.0009450000000000054
10135,0.0009342857142856685
10136,0.0009387857142857265
10137,0.0009460714285714695
10138,0.0009749999999999354
10139,0.0010003928571427829
10140,0.0009899999999999766
10141,0.000946821428571403
10142,0.000944142857142895
10143,0.0009376071428570856
10144,0.0009047142857142936
10145,0.0009183214285714924
10146,0.0009098571428571083
10147,0.0008833928571427967
10148,0.0008858571428571033
10149,0.0009013928571428766
10150,0.0008781428571428051
10151,0.000842571428571353
10152,0.0008422499999999745
10153,0.0008866071428571892
10154,0.0008804999999999349
10155,0.0008676428571428221
10156,0.0008807142857142886
10157,0.000899464285714302
10158,0.0008313214285714363
10159,0.0008274642857142872
10160,0.0008562857142857285
10161,0.0008966785714286171
10162,0.0009592499999999608
10163,0.0010224642857142134
10164,0.0011097857142856478
10165,0.0012361071428571282
10166,0.00140742857142858
10167,0.0015634285714286125
10168,0.0016612500000000299
10169,0.0017102142857143272
10170,0.0017171785714285397
10171,0.001543499999999958
10172,0.001169892857142837
10173,0.0008019642857142629
10174,0.0006866785714284974
10175,0.0007053214285714863
10176,0.0006519642857143079
10177,0.0005881071428571464
10178,0.000623357142857068
10179,0.0007025357142856491
10180,0.0007531071428571425
10181,0.0007914642857142797
10182,0.000836464285714251
10183,0.0008658214285714244
10184,0.00086710714285709
10185,0.0008793214285714462
10186,0.0009039642857143601
10187,0.0009009642857143214
10188,0.0009028928571428959
10189,0.0009190714285714259
10190,0.0009176785714285834
10191,0.0009302142857143179
10192,0.0009370714285713535
10193,0.0009377142857142623
10194,0.0009491785714285328
10195,0.0009538928571427923
10196,0.000952928571428505
10197,0.000968678571428632
10198,0.0009728571428571594
10199,0.0010008214285714904
10200,0.001026642857142893
10201,0.0010207499999999926
10202,0.0010222500000000119
10203,0.0010006071428571366
10204,0.0009972857142857196
10205,0.0010235357142856774
10206,0.0010418571428571356
10207,0.0010643571428571212
10208,0.0010503214285713673
10209,0.0010141071428571584
10210,0.0010356428571428567
10211,0.0010821428571428475
10212,0.0010982142857143527
10213,0.0010753928571428364
10214,0.0010858928571428196
10215,0.001107428571428518
10216,0.0011101071428571783
10217,0.0011245714285714875
10218,0.0011583214285713897
10219,0.00116335714285718
10220,0.0011996785714285657
10221,0.0011968928571428807
10222,0.0011955000000000381
10223,0.0011943214285713973
10224,0.001179321428571356
10225,0.0011921785714286211
10226,0.0012183214285714022
10227,0.0012537857142856776
10228,0.0012626785714286168
10229,0.0012614999999999757
10230,0.0012514285714285479
10231,0.0012487500000000398
10232,0.001237392857142794
10233,0.0012186428571429328
10234,0.0012215357142856423
10235,0.0012049285714285571
10236,0.0011763214285714697
10237,0.0011792142857143314
10238,0.0011911071428571572
10239,0.0011539285714285085
10240,0.001119321428571496
10241,0.001096285714285778
10242,0.0010684285714286242
10243,0.0010336071428571055
10244,0.001053964285714315
10245,0.0010699285714286435
10246,0.0010097142857142772
10247,0.0009643928571429277
10248,0.0009346071428571991
10249,0.0009098571428571083
10250,0.0008884285714285869
10251,0.0008697857142857503
10252,0.0008836071428571505
10253,0.0008816785714285759
10254,0.0008642142857142282
10255,0.0008345357142856764
10256,0.0008286428571429281
10257,0.0008298214285714169
10258,0.0008301428571427952
10259,0.0008243571428570716
10260,0.0008164285714285719
10261,0.0008168571428571271
10262,0.000822428571428497
10263,0.0008379642857142702
10264,0.0008239285714285164
10265,0.0007976785714285586
10266,0.000795749999999984
10267,0.0008120357142856907
10268,0.0008106428571428483
10269,0.0008089285714286275
10270,0.0008286428571429281
10271,0.000858750000000035
10272,0.000806892857142876
10273,0.0007916785714286334
10274,0.0008093571428571827
10275,0.0008113928571427819
10276,0.000781178571428498
10277,0.000776250000000037
10278,0.000764464285714236
10279,0.0008210357142856545
10280,0.0008847857142856392
10281,0.0008500714285714496
10282,0.0008343214285714749
10283,0.0008300357142857706
10284,0.0008255357142857126
10285,0.0008274642857142872
10286,0.0008009999999999756
10287,0.0008036785714286359
10288,0.0008323928571429003
10289,0.0008389285714285575
10290,0.0008334642857142123
10291,0.0008329285714286324
10292,0.0008135357142857101
10293,0.0008021785714286165
10294,0.000803571428571459
10295,0.0008316428571428146
10296,0.0008311071428570825
10297,0.0008385000000000023
10298,0.0008150357142857294
10299,0.0007903928571428155
10300,0.000803571428571459
10301,0.0008690357142856645
10302,0.0008868214285713906
10303,0.0008746071428571867
10304,0.0008446071428571043
10305,0.0008144999999999974
10306,0.000783000000000048
10307,0.0008024999999999948
10308,0.0008493214285713638
10309,0.0008657142857142475
10310,0.0008088214285714506
10311,0.0008112857142857572
10312,0.0008323928571429003
10313,0.0008282142857142207
10314,0.0008373214285713614
10315,0.0008139642857142653
10316,0.0008093571428571827
10317,0.0008487857142857841
10318,0.0008435357142856402
10319,0.0008117142857143124
10320,0.0008151428571429063
10321,0.000827035714285732
10322,0.0008430000000000604
10323,0.0008417142857142425
10324,0.0008499642857142728
10325,0.0008416071428572179
10326,0.0008679642857143526
10327,0.0008670000000000653
10328,0.0008514642857142921
10329,0.0008695714285713966
10330,0.0008996785714285035
10331,0.0008890714285714957
10332,0.000884999999999993
10333,0.0009147857142857216
10334,0.0008988214285713931
10335,0.000887678571428501
10336,0.0008837142857143274
10337,0.0008692500000000182
10338,0.0008630357142857393
10339,0.0008288571428571296
10340,0.0008011071428571524
10341,0.0008045357142857463
10342,0.0008354999999999637
10343,0.0008351785714285853
10344,0.0008037857142856605
10345,0.0008056071428572104
10346,0.0007936071428572079
10347,0.0008038928571428373
10348,0.0008079642857143402
10349,0.000795107142857075
10350,0.0008131071428571549
10351,0.0008050714285714784
10352,0.0008013214285713539
10353,0.000795749999999984
10354,0.0007768928571427938
10355,0.000775071428571396
10356,0.0007948928571428736
10357,0.0008508214285713832
10358,0.0009648214285714829
10359,0.0011075357142856948
10360,0.0012459642857143547
10361,0.001410749999999997
10362,0.0015778928571429215
10363,0.0016612500000000299
10364,0.0017051785714285372
10365,0.0016497857142857596
10366,0.0013804285714285364
10367,0.0009744642857143557
10368,0.0006855000000000087
10369,0.0005959285714286215
10370,0.0005648571428570749
10371,0.0005496428571428323
10372,0.0005351785714285232
10373,0.0005820000000000444
10374,0.0006395357142857502
10375,0.0006901071428570914
10376,0.0007522500000000321
10377,0.0007672500000000732
10378,0.000779035714285722
10379,0.0007933928571428543
10380,0.0008016428571428845
10381,0.0008168571428571271
10382,0.0008223214285714725
10383,0.0008331428571428339
10384,0.0008498571428570959
10385,0.0008480357142856982
10386,0.0008592857142857671
10387,0.0008765357142857612
10388,0.000857035714285662
10389,0.0008488928571428086
10390,0.0008457857142857453
10391,0.0008419285714285962
10392,0.0008748214285713881
10393,0.0008938928571429321
10394,0.0009011785714285229
10395,0.0009173571428572051
10396,0.0009220714285714646
10397,0.000925607142857083
10398,0.0009497142857142649
10399,0.0009707142857142312
10400,0.0009760714285713996
10401,0.0009580714285714719
10402,0.0009533571428572124
10403,0.0009609642857143338
10404,0.0009482142857142455
10405,0.0009528214285714805
10406,0.0009822857142856784
10407,0.0009905357142857088
10408,0.0009965357142857861
10409,0.0010345714285713928
10410,0.0010524642857142957
10411,0.0010412142857142267
10412,0.0010452857142857295
10413,0.0010770000000000328
10414,0.0010939285714284962
10415,0.0010870714285714607
10416,0.0010672499999999831
10417,0.0011159999999999265
10418,0.0011240357142857553
10419,0.0011271428571428186
10420,0.001153178571428575
10421,0.0011569285714285473
10422,0.0011537142857143072
10423,0.0011366785714285144
10424,0.0011382857142857108
10425,0.0011333571428570974
10426,0.0011149285714286148
10427,0.0011611071428570747
10428,0.0011642142857142903
10429,0.0011194285714285204
10430,0.0010814999999999384
10431,0.0010921071428570985
10432,0.0011134285714285953
10433,0.001096821428571358
10434,0.0010492500000000556
10435,0.001023321428571476
10436,0.0010264285714285393
10437,0.0009955714285714988
10438,0.0009681428571428999
10439,0.0009398571428571907
10440,0.0009162857142857409
10441,0.0008906785714285397
10442,0.0008917500000000039
10443,0.0008520000000000242
10444,0.0008139642857142653
10445,0.0008143928571428205
10446,0.0007973571428571801
10447,0.0007795714285714541
10448,0.0007599642857143303
10449,0.000775714285714305
10450,0.0007642500000000345
10451,0.0007082142857143481
10452,0.0007011428571428066
10453,0.0007319999999999994
10454,0.0007136785714285411
10455,0.0007078928571428174
10456,0.0007297500000000464
10457,0.0007192500000000633
10458,0.0006962142857143456
10459,0.000685285714285655
10460,0.0006986785714285
10461,0.0007201071428571737
10462,0.0007153928571429142
10463,0.0007310357142857121
10464,0.0007157142857142925
10465,0.0006970714285714561
10466,0.0007228928571428587
10467,0.0007189285714285327
10468,0.0006963214285713702
10469,0.0007116428571427898
10470,0.0007151785714285605
10471,0.0006799285714286388
10472,0.0006727500000000727
10473,0.0006972857142856575
10474,0.0007208571428571072
10475,0.0007356428571427947
10476,0.0007324285714285546
10477,0.0007327499999999329
10478,0.0007105714285714778
10479,0.0007034999999999363
10480,0.0007248214285714332
10481,0.0007400357142856759
10482,0.0007239642857143228
10483,0.0006961071428571688
10484,0.0007135714285713642
10485,0.0007296428571428696
10486,0.0007225714285714804
10487,0.0007129285714286076
10488,0.0006917142857142876
10489,0.0006952500000000583
10490,0.0007192500000000633
10491,0.0007268571428571847
10492,0.0007239642857143228
10493,0.0007405714285714079
10494,0.0007337142857142202
10495,0.000733285714285665
10496,0.0007325357142857313
10497,0.0007148571428571821
10498,0.0007309285714285352
10499,0.000745607142857198
10500,0.0007558928571428274
10501,0.000761142857142819
10502,0.0007045714285714005
10503,0.0006983571428571216
10504,0.0007143214285714501
10505,0.0007039285714286438
10506,0.0006811071428571275
10507,0.0006676071428571058
10508,0.0006984642857142985
10509,0.0007130357142857845
10510,0.0007355357142857701
10511,0.0007337142857142202
10512,0.0007258928571428974
10513,0.0007285714285714055
10514,0.0007235357142857676
10515,0.0007457142857142226
10516,0.0007441071428571787
10517,0.0007225714285714804
10518,0.0007344642857143059
10519,0.0007093928571428368
10520,0.0007343571428571291
10521,0.0007648928571427912
10522,0.0007592142857142445
10523,0.0007569642857142916
10524,0.0007240714285714996
10525,0.000742285714285781
10526,0.000781178571428498
10527,0.0007725000000000648
10528,0.0008048571428571246
10529,0.0008376428571428919
10530,0.0008180357142857682
10531,0.000809035714285652
10532,0.0007804285714285645
10533,0.0007668214285713658
10534,0.0007460357142857532
10535,0.0007602857142857086
10536,0.000750535714285659
10537,0.0007154999999999388
10538,0.0006968571428571023
10539,0.0006849642857142767
10540,0.0007062857142857735
10541,0.0007245000000000549
10542,0.0007348928571428611
10543,0.0006898928571428899
10544,0.0006847500000000752
10545,0.0007017857142857156
10546,0.0007217142857142176
10547,0.000744428571428557
10548,0.0007147500000000053
10549,0.0006979285714285665
10550,0.0006982499999999448
10551,0.0007039285714286438
10552,0.0007288928571427838
10553,0.0007660714285714323
10554,0.0008585357142856814
10555,0.0009328928571428261
10556,0.0010353214285714785
10557,0.0012325714285713575
10558,0.0014121428571428397
10559,0.001499571428571451
10560,0.0015653571428571869
10561,0.0015953571428571171
10562,0.001376892857142918
10563,0.0009762857142857533
10564,0.0006515357142857527
10565,0.0005089285714285653
10566,0.0004664999999999253
10567,0.00044325000000000614
10568,0.0004229999999999734
10569,0.00046853571428567673
10570,0.000545357142857128
10571,0.0005967857142857319
10572,0.0006573214285714764
10573,0.00070371428571429
10574,0.0007251428571428115
10575,0.0007363928571428805
10576,0.0007301785714286016
10577,0.0007343571428571291
10578,0.0007640357142856808
10579,0.0007954285714286056
10580,0.0008021785714286165
10581,0.0007971428571428265
10582,0.0007889999999999731
10583,0.0008133214285713563
10584,0.0008343214285714749
10585,0.0008374285714285383
10586,0.000822428571428497
10587,0.0008099999999999393
10588,0.0008076428571428095
10589,0.0007996071428571331
10590,0.0008365714285714278
10591,0.0008862857142856585
10592,0.0008673214285714436
10593,0.0008634642857142945
10594,0.0008711785714285928
10595,0.0008720357142857032
10596,0.0008914285714286255
10597,0.0008806071428571118
10598,0.0008683928571429078
10599,0.0008897142857142525
10600,0.0008993571428571252
10601,0.0009033214285714511
10602,0.0009259285714286136
10603,0.0009583928571428504
10604,0.0009526071428571267
10605,0.0009364285714285968
10606,0.0009308571428570746
10607,0.0009437142857143398
10608,0.0010443214285714422
10609,0.0010697142857142897
10610,0.0010281428571429123
10611,0.0010401428571429148
10612,0.0010320000000000615
10613,0.0010464642857142183
10614,0.0010568571428571768
10615,0.0010484999999999698
10616,0.0010947857142857588
10617,0.0011166428571428356
10618,0.0011075357142856948
10619,0.0010922142857142754
10620,0.0010727142857143285
10621,0.0010838571428570683
10622,0.001081285714285737
10623,0.0010504285714285442
10624,0.0010589999999999528
10625,0.0010530000000000277
10626,0.0010521428571429172
10627,0.0010814999999999384
10628,0.0010749642857142813
10629,0.001031571428571354
10630,0.0010061785714285064
10631,0.0009893571428570677
10632,0.0009562500000000743
10633,0.000950785714285729
10634,0.0009509999999999305
10635,0.0009157500000000088
10636,0.000874928571428565
10637,0.0008578928571429246
10638,0.0008347500000000301
10639,0.0008214642857142097
10640,0.0008060357142857656
10641,0.0008047499999999478
10642,0.0007918928571428349
10643,0.0007481785714285292
10644,0.0007408928571427863
10645,0.0007405714285714079
10646,0.0007046785714285773
10647,0.0006997499999999641
10648,0.0007256785714285436
10649,0.0007191428571428864
10650,0.0006844285714285446
10651,0.0006662142857142633
10652,0.0006756428571427823
10653,0.0007018928571428923
10654,0.0007020000000000692
10655,0.0006634285714285783
10656,0.0006789642857143516
10657,0.0007251428571428115
10658,0.0007148571428571821
10659,0.0007118571428571434
10660,0.0007030714285713812
10661,0.0006683571428571915
10662,0.0006896785714285362
10663,0.0007078928571428174
10664,0.000687107142857205
10665,0.000692571428571398
10666,0.0007095000000000137
10667,0.000680357142857194
10668,0.0006903214285714451
10669,0.0007192500000000633
10670,0.0007096071428571906
10671,0.0007036071428571132
10672,0.0006988928571428537
10673,0.0007173214285714888
10674,0.0007283571428572039
10675,0.0007074642857142622
10676,0.0006752142857142271
10677,0.0006695357142856803
10678,0.0006878571428571385
10679,0.0007160357142856709
10680,0.0007182857142857761
10681,0.0007181785714285992
10682,0.0007118571428571434
10683,0.0007145357142856515
10684,0.0007203214285713752
10685,0.0006704999999999676
10686,0.0006649285714285977
10687,0.0007309285714285352
10688,0.0007324285714285546
10689,0.0007398214285714744
10690,0.0007397142857142975
10691,0.0007186071428571544
10692,0.0007008214285714283
10693,0.000689249999999981
10694,0.0007174285714285133
10695,0.0007365000000000573
10696,0.0007420714285714272
10697,0.0007156071428571157
10698,0.0007036071428571132
10699,0.0007027500000000027
10700,0.000724392857142878
10701,0.0007375714285713693
10702,0.0007273928571429166
10703,0.0007077857142856407
10704,0.0007182857142857761
10705,0.0007318928571428225
10706,0.0007264285714286294
10707,0.0007071428571428839
10708,0.0007261071428570988
10709,0.0007266428571428309
10710,0.0007179642857142454
10711,0.0007168928571427812
10712,0.0007378928571428998
10713,0.0007473214285714188
10714,0.0007468928571428636
10715,0.0007372499999999908
10716,0.0007496785714285486
10717,0.0007761428571428601
10718,0.0007792500000000757
10719,0.0007499999999999269
10720,0.0007447499999999354
10721,0.0008134285714285332
10722,0.000830357142857149
10723,0.0007601785714285317
10724,0.0007576071428572006
10725,0.000761785714285728
10726,0.0007321071428571761
10727,0.0007021071428570939
10728,0.0007145357142856515
10729,0.0007608214285714407
10730,0.0007373571428571677
10731,0.000717107142857135
10732,0.0007048928571429311
10733,0.0006986785714285
10734,0.0006872142857142295
10735,0.0007236428571427922
10736,0.0007403571428572064
10737,0.0007206428571429058
10738,0.000738321428571455
10739,0.0007225714285714804
10740,0.0007130357142857845
10741,0.0007113214285714113
10742,0.0006996428571427872
10743,0.0007220357142857483
10744,0.0007909285714285476
10745,0.0008619642857142753
10746,0.0009070714285714233
10747,0.0009937499999999489
10748,0.0011401071428571083
10749,0.0012782142857142378
10750,0.0013714285714285727
10751,0.0014301428571429195
10752,0.0014433214285714108
10753,0.0012714642857142267
10754,0.000959678571428516
10755,0.0006725357142857189
10756,0.0005298214285713547
10757,0.0005108571428571399
10758,0.0005021785714285545
10759,0.00046510714285708286
10760,0.0004511785714285058
10761,0.00047871428571428154
10762,0.0005517857142857606
10763,0.0006077142857142701
10764,0.0006439285714286314
10765,0.0006982499999999448
10766,0.0007231071428572123
10767,0.0007493571428571703
10768,0.0007561071428571812
10769,0.000754499999999985
10770,0.0007711071428570701
10771,0.0007888928571427962
10772,0.000812999999999978
10773,0.0008283214285713976
10774,0.0008067857142856992
10775,0.0008142857142856436
10776,0.0008236071428571381
10777,0.0008195357142857875
10778,0.0008377500000000688
10779,0.0008507142857143586
10780,0.0008394642857142896
10781,0.0008448214285714581
10782,0.0008477142857143199
10783,0.0008391428571429113
10784,0.0008450357142856595
10785,0.0008913214285714487
10786,0.0009109285714285725
10787,0.0008839285714285288
10788,0.000871607142857148
10789,0.0008709642857142391
10790,0.0008804999999999349
10791,0.0009248571428571495
10792,0.0009556071428571654
10793,0.0009485357142857762
10794,0.0009371785714285304
10795,0.0009631071428571099
10796,0.0009773571428572175
10797,0.0009737142857142698
10798,0.0009867857142857365
10799,0.0010119642857142302
10800,0.0010052142857142194
10801,0.0010285714285714676
10802,0.0010446428571428206
10803,0.001050642857142898
10804,0.00106178571428579
10805,0.0010487142857143234
10806,0.0010720714285714194
10807,0.0010964999999999797
10808,0.001080107142857096
10809,0.001104107142857101
10810,0.0010998214285713966
10811,0.0010692857142857346
10812,0.0010742142857143478
10813,0.001111928571428576
10814,0.0011135357142857722
10815,0.0010757142857142148
10816,0.0010705714285714001
10817,0.00104935714285708
10818,0.0010564285714286215
10819,0.001056642857142823
10820,0.0010183928571428627
10821,0.0009690000000000103
10822,0.0009679285714285463
10823,0.0010032857142856448
10824,0.000973071428571361
10825,0.0009056785714285809
10826,0.0008968928571428186
10827,0.0008871428571429213
10828,0.0008664642857143333
10829,0.0008339999999999443
10830,0.0008184642857143234
10831,0.0008354999999999637
10832,0.0008240357142856933
10833,0.0007797857142856555
10834,0.000765642857142877
10835,0.0007655357142857002
10836,0.0007516071428571231
10837,0.0007497857142857255
10838,0.0007423928571428055
10839,0.0007230000000000356
10840,0.00070928571428566
10841,0.0006848571428570998
10842,0.0007074642857142622
10843,0.0007256785714285436
10844,0.0006972857142856575
10845,0.000688607142857072
10846,0.0007303928571428031
10847,0.0007340357142857507
10848,0.0006830357142857021
10849,0.0006801428571428403
10850,0.0006841071428571663
10851,0.0007067142857143287
10852,0.0007157142857142925
10853,0.0007030714285713812
10854,0.0007199999999999968
10855,0.0007313571428570904
10856,0.0007203214285713752
10857,0.000709821428571392
10858,0.0007166785714285798
10859,0.0007112142857142345
10860,0.0007090714285714585
10861,0.000726535714285654
10862,0.0007151785714285605
10863,0.0007028571428571796
10864,0.0007163571428572015
10865,0.0007367142857142589
10866,0.0007436785714286235
10867,0.0007248214285714332
10868,0.0007209642857142841
10869,0.0007312500000000658
10870,0.0007060714285714198
10871,0.0007274999999999413
10872,0.000727178571428563
10873,0.000744428571428557
10874,0.0007388571428571871
10875,0.0007144285714286269
10876,0.0007163571428572015
10877,0.0007239642857143228
10878,0.0007117499999999665
10879,0.0007280357142856734
10880,0.0007687499999999403
10881,0.0007461428571429301
10882,0.000705964285714243
10883,0.0007312500000000658
10884,0.0007627500000000153
10885,0.0007435714285714466
10886,0.0007287857142857591
10887,0.0007341428571429276
10888,0.0007315714285714442
10889,0.0007404642857142311
10890,0.0007222499999999497
10891,0.0007372499999999908
10892,0.0007707857142856918
10893,0.0007554642857142722
10894,0.0007534285714285208
10895,0.0007658571428570785
10896,0.0007773214285715012
10897,0.0007596428571427997
10898,0.000761142857142819
10899,0.0007713214285714238
10900,0.0007632857142857472
10901,0.0007563214285713826
10902,0.0007558928571428274
10903,0.000792428571428567
10904,0.0008467500000000326
10905,0.0007836428571428046
10906,0.0007402500000000296
10907,0.0007804285714285645
10908,0.0008206071428570993
10909,0.0008020714285714396
10910,0.0007952142857142519
10911,0.0007473214285714188
10912,0.0007173214285714888
10913,0.0007168928571427812
10914,0.0007093928571428368
10915,0.0007041428571428452
10916,0.0006940714285714173
10917,0.0007277142857142951
10918,0.0007512857142857448
10919,0.0007381071428571013
10920,0.0007250357142857869
10921,0.0007217142857142176
10922,0.0007013571428571603
10923,0.0006575357142856778
10924,0.0006679285714286363
10925,0.0007212857142856624
10926,0.000744428571428557
10927,0.0007514999999999462
10928,0.0007801071428571861
10929,0.0008756785714284986
10930,0.000986464285714358
10931,0.0010949999999999604
10932,0.0012124285714285017
10933,0.0013292142857142864
10934,0.0014192142857142288
10935,0.0014526428571429051
10936,0.0013878214285714563
10937,0.0011627142857142708
10938,0.0007973571428571801
10939,0.0005695714285714867
10940,0.0005050714285714163
10941,0.00046350000000003886
10942,0.0004465714285714232
10943,0.00043435714285706696
10944,0.0004524642857143237
10945,0.0005091428571429191
10946,0.0005689285714285778
10947,0.0006337500000000265
10948,0.0006889285714286026
10949,0.000733285714285665
10950,0.0007734642857143521
10951,0.0007616785714285511
10952,0.0007213928571428393
10953,0.0007460357142857532
10954,0.000779035714285722
10955,0.0007937142857142326
10956,0.0008001428571428651
10957,0.0007793571428571003
10958,0.0007788214285713682
10959,0.0008027142857143486
10960,0.0008178214285714144
10961,0.0007998214285714868
10962,0.0008099999999999393
10963,0.0008353928571427868
10964,0.0008593928571427918
10965,0.0008611071428571649
10966,0.0008642142857142282
10967,0.0008596071428571455
10968,0.0008763214285714075
10969,0.0008834999999999736
10970,0.0008673214285714436
10971,0.0008812500000000207
10972,0.0008914285714286255
10973,0.0009143571428571664
10974,0.0009105000000000173
10975,0.000901714285714255
10976,0.0009188571428570721
10977,0.000956892857142831
10978,0.0009882857142857557
10979,0.0009658928571427948
10980,0.0009817499999999464
10981,0.0010056428571429267
10982,0.0009882857142857557
10983,0.0010224642857142134
10984,0.0010564285714286215
10985,0.0010151785714286226
10986,0.0010212857142857246
10987,0.0010452857142857295
10988,0.0010578214285714641
10989,0.0010631785714286326
10990,0.0010666071428570743
10991,0.001070678571428577
10992,0.0010637142857142124
10993,0.001096821428571358
10994,0.0011374285714286004
10995,0.0011301428571428573
10996,0.0011344285714285616
10997,0.0011224285714285592
10998,0.0010655357142857623
10999,0.001069499999999936
11000,0.0010727142857143285
11001,0.0010469999999999503
11002,0.0010257857142857826
11003,0.0010469999999999503
11004,0.0010283571428571139
11005,0.0009899999999999766
11006,0.0009644999999999523
11007,0.0009576428571429168
11008,0.0009278571428571881
11009,0.0009076071428571554
11010,0.000892821428571468
11011,0.0008657142857142475
11012,0.0008508214285713832
11013,0.0008347500000000301
11014,0.0008001428571428651
11015,0.0007798928571428324
11016,0.0007753928571429266
11017,0.0007345714285714828
11018,0.0007207499999999304
11019,0.000737678571428546
11020,0.0007501071428571038
11021,0.0007408928571427863
11022,0.0006955714285714367
11023,0.0007012499999999835
11024,0.0007133571428571628
11025,0.0006809999999999507
11026,0.0006533571428571504
11027,0.000657964285714233
11028,0.0006819642857142379
11029,0.0006882857142856937
11030,0.0006743571428571166
11031,0.0006842142857143431
11032,0.0007000714285714947
11033,0.0007040357142856684
11034,0.0006993214285714089
11035,0.0006601071428571613
11036,0.0006492857142856475
11037,0.0006855000000000087
11038,0.0006846428571428983
11039,0.000680357142857194
11040,0.0007084285714285495
11041,0.0007133571428571628
11042,0.0006934285714285084
11043,0.000655178571428548
11044,0.0006826071428571469
11045,0.0007000714285714947
11046,0.0006727500000000727
11047,0.0007040357142856684
11048,0.0007193571428570879
11049,0.0007005000000000499
11050,0.000711000000000033
11051,0.0007373571428571677
11052,0.0007370357142857894
11053,0.000712607142857077
11054,0.0007062857142857735
11055,0.0006827142857143238
11056,0.0006752142857142271
11057,0.0007082142857143481
11058,0.0007302857142857785
11059,0.0007217142857142176
11060,0.0006990000000000305
11061,0.0006902142857142682
11062,0.0007008214285714283
11063,0.0007093928571428368
11064,0.0006867857142856743
11065,0.0006796071428571082
11066,0.0006934285714285084
11067,0.0007300714285714248
11068,0.00073049999999998
11069,0.0007150714285713836
11070,0.0007112142857142345
11071,0.0006883928571428706
11072,0.0006827142857143238
11073,0.0007038214285714669
11074,0.0007158214285714694
11075,0.0007058571428572183
11076,0.000689249999999981
11077,0.0006941785714285942
11078,0.0007194642857142648
11079,0.0007219285714285714
11080,0.0006703928571427907
11081,0.0006811071428571275
11082,0.0007464642857143084
11083,0.0007345714285714828
11084,0.0007078928571428174
11085,0.0007245000000000549
11086,0.0007519285714285014
11087,0.0007224642857143035
11088,0.0006867857142856743
11089,0.0007099285714285689
11090,0.0007494642857143471
11091,0.0007583571428571341
11092,0.0007342499999999522
11093,0.0007014642857143371
11094,0.000717750000000044
11095,0.0007555714285714491
11096,0.0007653214285714987
11097,0.0007516071428571231
11098,0.000776250000000037
11099,0.0008079642857143402
11100,0.0007873928571429292
11101,0.0007645714285714129
11102,0.0007630714285713936
11103,0.000748392857142883
11104,0.0007153928571429142
11105,0.0006861428571429177
11106,0.0006768214285714232
11107,0.0006919285714286413
11108,0.0007173214285714888
11109,0.0006967499999999254
11110,0.0006910714285713786
11111,0.0007236428571427922
11112,0.0007038214285714669
11113,0.000690428571428622
11114,0.0007140000000000717
11115,0.0006979285714285665
11116,0.0007102499999999473
11117,0.0007264285714286294
11118,0.0007041428571428452
11119,0.0006805714285713955
11120,0.0006894642857143347
11121,0.0006876428571427847
11122,0.0007038214285714669
11123,0.0007769999999999705
11124,0.0008787857142857141
11125,0.0010213928571429015
11126,0.0012143571428570763
11127,0.0013765714285713874
11128,0.0014689285714286119
11129,0.001544571428571422
11130,0.001561928571428593
11131,0.0014033571428570773
11132,0.001105714285714297
11133,0.0007430357142857145
11134,0.0005360357142857858
11135,0.0004924285714285048
11136,0.00043939285714285705
11137,0.0004281428571427881
11138,0.0004425000000000726
11139,0.0004823571428570769
11140,0.0005429999999999982
11141,0.0005750357142856798
11142,0.0006184285714286071
11143,0.000657964285714233
11144,0.0007027500000000027
11145,0.0007502142857142806
11146,0.0007385357142856565
11147,0.0007241785714285243
11148,0.000737678571428546
11149,0.0007344642857143059
11150,0.0007491428571428165
11151,0.0007698214285714045
11152,0.0007943571428571415
11153,0.0007958571428571609
11154,0.0007882500000000396
11155,0.0007804285714285645
11156,0.0008055000000000336
11157,0.0008085000000000723
11158,0.0008067857142856992
11159,0.0008264999999999999
11160,0.0008363571428570741
11161,0.000846964285714234
11162,0.0008571428571428389
11163,0.0008259642857142678
11164,0.0008043214285713926
11165,0.0008403214285714
11166,0.0008869285714285675
11167,0.0008780357142857806
11168,0.0008678571428571757
11169,0.0008750357142857419
11170,0.0008893928571428741
11171,0.000902249999999987
11172,0.0008996785714285035
11173,0.0009058928571427824
11174,0.0009326785714286245
11175,0.0009439285714285412
11176,0.0009411428571428563
11177,0.0009637500000000187
11178,0.0010117500000000287
11179,0.0010263214285713624
11180,0.0009956785714285235
11181,0.0009980357142856532
11182,0.0010397142857143597
11183,0.001047214285714304
11184,0.0010275000000000035
11185,0.0010279285714285586
11186,0.001042714285714246
11187,0.001055571428571359
11188,0.001123178571428645
11189,0.001135392857142849
11190,0.0010960714285714243
11191,0.0010898571428571457
11192,0.0011059285714284986
11193,0.001090714285714256
11194,0.0010524642857142957
11195,0.0010711071428571321
11196,0.0010650000000000301
11197,0.0010719642857142425
11198,0.001064035714285743
11199,0.0010212857142857246
11200,0.0009866785714285596
11201,0.0009657857142857702
11202,0.0009506785714285521
11203,0.0009260357142856382
11204,0.0008831785714285953
11205,0.0008459999999999468
11206,0.0008571428571428389
11207,0.0008322857142857236
11208,0.0008138571428570884
11209,0.0008009999999999756
11210,0.0007586785714285124
11211,0.0007546071428571618
11212,0.0007660714285714323
11213,0.0007435714285714466
11214,0.000720428571428552
11215,0.000704357142857199
11216,0.0007181785714285992
11217,0.0007174285714285133
11218,0.0006859285714285639
11219,0.0006916071428571107
11220,0.0007168928571427812
11221,0.0007113214285714113
11222,0.0006969642857142792
11223,0.0006686785714285699
11224,0.0006701785714285892
11225,0.0006559285714286339
11226,0.0006295714285714991
11227,0.0006788571428571747
11228,0.0007023214285714475
11229,0.0006863571428571191
11230,0.0006704999999999676
11231,0.0006703928571427907
11232,0.0006874285714285833
11233,0.0006793928571429068
11234,0.0006750000000000256
11235,0.0006926785714285749
11236,0.0006932142857143069
11237,0.0006703928571427907
11238,0.0006618214285713821
11239,0.0006786428571428209
11240,0.0006796071428571082
11241,0.0007250357142857869
11242,0.0007221428571429252
11243,0.0007008214285714283
11244,0.0006738214285713846
11245,0.0006865714285714729
11246,0.0007017857142857156
11247,0.0006850714285714535
11248,0.0006703928571427907
11249,0.0006593571428570755
11250,0.0006907500000000003
11251,0.0007056428571428646
11252,0.000724392857142878
11253,0.0007122857142856986
11254,0.0007069285714285303
11255,0.0007226785714285049
11256,0.0007107857142856793
11257,0.000713785714285718
11258,0.0007189285714285327
11259,0.0006885000000000474
11260,0.0006611785714286255
11261,0.0006385714285714629
11262,0.0006686785714285699
11263,0.0007108928571428562
11264,0.0006950357142857046
11265,0.0006799285714286388
11266,0.0007056428571428646
11267,0.0007215000000000162
11268,0.0007020000000000692
11269,0.0006877499999999616
11270,0.0006967499999999254
11271,0.0006917142857142876
11272,0.0006980357142857432
11273,0.0006954642857142598
11274,0.000658607142857142
11275,0.0006482142857143357
11276,0.0007074642857142622
11277,0.0007333928571428418
11278,0.0007002857142856962
11279,0.0006911785714285555
11280,0.0006993214285714089
11281,0.0006848571428570998
11282,0.0006905357142856465
11283,0.000713142857142809
11284,0.000728250000000027
11285,0.0007158214285714694
11286,0.0007024285714286244
11287,0.0007295357142856927
11288,0.0007319999999999994
11289,0.0007193571428570879
11290,0.0007390714285713886
11291,0.0007441071428571787
11292,0.0007407857142857616
11293,0.0007371428571428141
11294,0.0007558928571428274
11295,0.0007734642857143521
11296,0.0007772142857143243
11297,0.0007666071428571643
11298,0.0007743214285714625
11299,0.0007720714285713574
11300,0.0007453928571428443
11301,0.0006952500000000583
11302,0.0006812142857143044
11303,0.000723214285714237
11304,0.0007261071428570988
11305,0.0006959999999999919
11306,0.0006971785714286328
11307,0.0006865714285714729
11308,0.0006698571428572109
11309,0.0006581785714285868
11310,0.0006801428571428403
11311,0.0007264285714286294
11312,0.0007062857142857735
11313,0.0006932142857143069
11314,0.0007011428571428066
11315,0.0007078928571428174
11316,0.0006887142857142489
11317,0.000648535714285714
11318,0.0006615000000000038
11319,0.0007071428571428839
11320,0.0007642500000000345
11321,0.0008306785714285273
11322,0.0008906785714285397
11323,0.001044000000000064
11324,0.001259785714285755
11325,0.0014279999999999911
11326,0.0015257142857142319
11327,0.0015562500000000463
11328,0.0015257142857142319
11329,0.001335428571428565
11330,0.0010062857142856833
11331,0.0007069285714285303
11332,0.0005688214285714009
11333,0.0005065714285714355
11334,0.00042267857142859504
11335,0.000381428571428596
11336,0.0004714285714285385
11337,0.0005303571428570868
11338,0.000584464285714351
11339,0.0006107142857143088
11340,0.0006278571428571261
11341,0.0006723214285713653
11342,0.0007103571428571241
11343,0.0007101428571429226
11344,0.000683142857142879
11345,0.0007032857142857348
11346,0.0007489285714286151
11347,0.0007641428571428577
11348,0.0007566428571429133
11349,0.0007705714285714903
11350,0.0007898571428570835
11351,0.0007900714285714372
11352,0.0007839642857143352
11353,0.0007654285714285233
11354,0.0007703571428571365
11355,0.0008057142857142351
11356,0.0008287499999999528
11357,0.0008221071428571187
11358,0.0008339999999999443
11359,0.0008226428571428508
11360,0.0008296071428572154
11361,0.0008656071428570706
11362,0.0008538214285714219
11363,0.0008564999999999299
11364,0.0008995714285714789
11365,0.0008939999999999568
11366,0.0008862857142856585
11367,0.0008983928571428379
11368,0.0008921785714285591
11369,0.0009013928571428766
11370,0.0009163928571429178
11371,0.0009246428571427958
11372,0.0009183214285714924
11373,0.0009276428571428345
11374,0.0009320357142857156
11375,0.0009787500000000599
11376,0.0009748928571429109
11377,0.0009818571428571233
11378,0.0010236428571428543
11379,0.0010257857142857826
11380,0.0010080000000000564
11381,0.0010479642857142376
11382,0.001073464285714262
11383,0.0010577142857142873
11384,0.0010390714285714506
11385,0.001085250000000063
11386,0.0011139642857143275
11387,0.0010990714285714631
11388,0.0010742142857143478
11389,0.0010716428571428643
11390,0.0010989642857142862
11391,0.001081928571428646
11392,0.001094571428571405
11393,0.0010948928571427835
11394,0.0010578214285714641
11395,0.0010150714285714457
11396,0.0009994285714284956
11397,0.000984642857142808
11398,0.0009804642857142807
11399,0.0009618214285714442
11400,0.00092014285714289
11401,0.0009043928571429153
11402,0.0008912142857142718
11403,0.0008796428571428245
11404,0.0008520000000000242
11405,0.0008077499999999864
11406,0.0007855714285713792
11407,0.0007732499999999983
11408,0.0007963928571428929
11409,0.0007761428571428601
11410,0.0007307142857143337
11411,0.0007382142857142781
11412,0.0007352142857142395
11413,0.0007184999999999775
11414,0.000689785714285713
11415,0.0006774642857143322
11416,0.0006628928571428463
11417,0.0006745714285714704
11418,0.0006842142857143431
11419,0.0006583928571427882
11420,0.0006742499999999398
11421,0.0006842142857143431
11422,0.0006647142857142439
11423,0.0006848571428570998
11424,0.0006799285714286388
11425,0.0006483214285713602
11426,0.0006712500000000533
11427,0.0006792857142857299
11428,0.0006561428571428353
11429,0.0006481071428571588
11430,0.0006523928571428631
11431,0.0006350357142856922
11432,0.0006468214285714932
11433,0.000690428571428622
11434,0.0006800357142856634
11435,0.0006568928571429212
11436,0.0007010357142857819
11437,0.0007123928571428755
11438,0.0006888214285714258
11439,0.0006786428571428209
11440,0.0006973928571428344
11441,0.0006990000000000305
11442,0.0006808928571429261
11443,0.0006706071428571444
11444,0.000658607142857142
11445,0.0006516428571429296
11446,0.0006686785714285699
11447,0.000689785714285713
11448,0.0007120714285714972
11449,0.0007217142857142176
11450,0.0006910714285713786
11451,0.0006736071428571831
11452,0.0006742499999999398
11453,0.000687107142857205
11454,0.0006863571428571191
11455,0.000654642857142816
11456,0.0006476785714286036
11457,0.0006823928571427931
11458,0.0006933214285714837
11459,0.0007068214285713534
11460,0.0007038214285714669
11461,0.000697607142857188
11462,0.0006889285714286026
11463,0.0006622499999999373
11464,0.0006775714285713568
11465,0.000676392857142868
11466,0.0006853928571428318
11467,0.0007062857142857735
11468,0.0007112142857142345
11469,0.0007482857142857061
11470,0.0007143214285714501
11471,0.0006635357142857551
11472,0.0006623571428571142
11473,0.0006895714285713593
11474,0.0007390714285713886
11475,0.0007207499999999304
11476,0.0006914999999999338
11477,0.0006729642857142741
11478,0.0006799285714286388
11479,0.0007042500000000221
11480,0.0007048928571429311
11481,0.0006962142857143456
11482,0.000685285714285655
11483,0.0006948214285715031
11484,0.0006700714285714124
11485,0.0006496071428571781
11486,0.0006522857142856862
11487,0.0007108928571428562
11488,0.0007440000000000018
11489,0.0007107857142856793
11490,0.0006865714285714729
11491,0.0006972857142856575
11492,0.0007107857142856793
11493,0.0006953571428570829
11494,0.0007018928571428923
11495,0.0007006071428570745
11496,0.0007014642857143371
11497,0.0007086428571429033
11498,0.0007502142857142806
11499,0.000783000000000048
11500,0.000752357142857209
11501,0.0007832142857142494
11502,0.0008119285714285139
11503,0.0007936071428572079
11504,0.0007881428571428627
11505,0.0007826785714285173
11506,0.0007568571428571147
11507,0.0007671428571428963
11508,0.0007682142857143605
11509,0.0007090714285714585
11510,0.0007041428571428452
11511,0.0007324285714285546
11512,0.0007296428571428696
11513,0.0006978214285713896
11514,0.0006891428571428041
11515,0.0007224642857143035
11516,0.0006924642857142211
11517,0.0006731785714286279
11518,0.0006950357142857046
11519,0.0006727500000000727
11520,0.0006769285714286001
11521,0.0007027500000000027
11522,0.0006952500000000583
11523,0.0006893571428571578
11524,0.0006771428571428017
11525,0.0006774642857143322
11526,0.0006692142857143019
11527,0.0006818571428572134
11528,0.0007408928571427863
11529,0.0008276785714286408
11530,0.0009000000000000341
11531,0.001049999999999989
11532,0.0012755357142857297
11533,0.0014405357142857258
11534,0.0015299999999999361
11535,0.0015673928571427861
11536,0.0015475714285714608
11537,0.0013610357142857664
11538,0.0009999642857142278
11539,0.0006401785714285069
11540,0.0004928571428572123
11541,0.0004896428571428199
11542,0.00043039285714289327
11543,0.0003744642857142314
11544,0.00043992857142858915
11545,0.0005360357142857858
11546,0.0005809285714285802
11547,0.0006035357142857427
11548,0.0006616071428571807
11549,0.0007012499999999835
11550,0.00070928571428566
11551,0.0007128214285714307
11552,0.0007196785714286185
11553,0.0007312500000000658
11554,0.0007567499999999378
11555,0.0007728214285714431
11556,0.00077292857142862
11557,0.0007878214285714844
11558,0.0007864285714286419
11559,0.0007719642857143327
11560,0.0007839642857143352
11561,0.0007692857142856724
11562,0.0007847142857142688
11563,0.0008122500000000445
11564,0.000806892857142876
11565,0.0007944642857143183
11566,0.0008274642857142872
11567,0.0008302499999999721
11568,0.000836464285714251
11569,0.0008326071428571019
11570,0.0008670000000000653
11571,0.0008675357142856452
11572,0.0008683928571429078
11573,0.0008696785714285734
11574,0.0008733214285713688
11575,0.0008981785714286364
11576,0.0009322500000000693
11577,0.0009379285714286161
11578,0.0009447857142856516
11579,0.000942857142857077
11580,0.0009328928571428261
11581,0.0009110357142857493
11582,0.000933428571428558
11583,0.0010001785714285813
11584,0.0010165714285714652
11585,0.00100317857142862
11586,0.0010196785714285284
11587,0.0010358571428572105
11588,0.0010512857142856546
11589,0.0010638214285713893
11590,0.001074107142857171
11591,0.0010930714285713858
11592,0.0011222142857143576
11593,0.0011104285714285567
11594,0.0010687500000000024
11595,0.001090821428571433
11596,0.001100785714285684
11597,0.001082999999999958
11598,0.0010948928571427835
11599,0.0010891071428572121
11600,0.0011030357142857892
11601,0.0011097857142856478
11602,0.0010831071428571346
11603,0.0010618928571428147
11604,0.0010414285714285805
11605,0.0010214999999999261
11606,0.0010106785714285645
11607,0.0009788571428570845
11608,0.0009665357142857037
11609,0.000929571428571409
11610,0.0008941071428571336
11611,0.0009077142857143323
11612,0.0008923928571429128
11613,0.000873749999999924
11614,0.0008564999999999299
11615,0.00082092857142863
11616,0.0007975714285713817
11617,0.0007867500000000202
11618,0.000744428571428557
11619,0.0007152857142857373
11620,0.0007264285714286294
11621,0.0007654285714285233
11622,0.0007686428571429157
11623,0.00073049999999998
11624,0.0007176428571428671
11625,0.0007123928571428755
11626,0.0006820714285714148
11627,0.000690964285714354
11628,0.0007540714285714298
11629,0.0007246071428570795
11630,0.0006743571428571166
11631,0.000673071428571451
11632,0.0006811071428571275
11633,0.00068249999999997
11634,0.0006694285714285034
11635,0.0007011428571428066
11636,0.0007254642857143422
11637,0.0006962142857143456
11638,0.0007005000000000499
11639,0.00070928571428566
11640,0.0006923571428571966
11641,0.0006830357142857021
11642,0.0006914999999999338
11643,0.0007134642857143397
11644,0.0007130357142857845
11645,0.0007283571428572039
11646,0.0007501071428571038
11647,0.0007367142857142589
11648,0.0006880714285714922
11649,0.0006916071428571107
11650,0.0007280357142856734
11651,0.0007356428571427947
11652,0.0007225714285714804
11653,0.0007040357142856684
11654,0.0006893571428571578
11655,0.0007184999999999775
11656,0.0007497857142857255
11657,0.0007513928571429217
11658,0.0007352142857142395
11659,0.0007457142857142226
11660,0.0007443214285713801
11661,0.00071989285714282
11662,0.0007036071428571132
11663,0.0006973928571428344
11664,0.0007299642857142479
11665,0.0007482857142857061
11666,0.0007525714285714104
11667,0.0007570714285714685
11668,0.0007434642857142697
11669,0.0007020000000000692
11670,0.0007172142857143119
11671,0.0007337142857142202
11672,0.0007293214285714912
11673,0.0007191428571428864
11674,0.0007351071428572149
11675,0.000748392857142883
11676,0.0007390714285713886
11677,0.0007315714285714442
11678,0.0007591071428570676
11679,0.0007669285714285427
11680,0.0007341428571429276
11681,0.0007348928571428611
11682,0.0007721785714285343
11683,0.0007672500000000732
11684,0.0007431428571428914
11685,0.000733285714285665
11686,0.0007278214285714718
11687,0.000723857142857146
11688,0.0007190357142857096
11689,0.0007183928571428006
11690,0.0007329642857142866
11691,0.0007438928571428249
11692,0.0007489285714286151
11693,0.0007361785714285268
11694,0.0007209642857142841
11695,0.000736607142857082
11696,0.0007642500000000345
11697,0.0007748571428571946
11698,0.0007668214285713658
11699,0.0007525714285714104
11700,0.0007404642857142311
11701,0.0007329642857142866
11702,0.0007361785714285268
11703,0.0007315714285714442
11704,0.0007659642857142554
11705,0.0007895357142857051
11706,0.000795107142857075
11707,0.0008188928571428786
11708,0.0007877142857143075
11709,0.000778392857142813
11710,0.0008009999999999756
11711,0.0008283214285713976
11712,0.0008306785714285273
11713,0.0008031428571429038
11714,0.000824250000000047
11715,0.000868178571428554
11716,0.0008658214285714244
11717,0.00085092857142856
11718,0.0008312142857142594
11719,0.0008262857142856461
11720,0.0008097857142857379
11721,0.0007941428571427878
11722,0.000752357142857209
11723,0.000716464285714226
11724,0.000739928571428499
11725,0.0007914642857142797
11726,0.0007599642857143303
11727,0.000742285714285781
11728,0.0007683214285713851
11729,0.0007840714285713598
11730,0.0007947857142856967
11731,0.000778392857142813
11732,0.0007682142857143605
11733,0.0007599642857143303
11734,0.0007552500000000708
11735,0.0007542857142857835
11736,0.0007751785714285729
11737,0.0007564285714285595
11738,0.0007387500000000102
11739,0.0007697142857142276
11740,0.0008343214285714749
11741,0.0009366428571427983
11742,0.0010468928571429257
11743,0.0011911071428571572
11744,0.001327714285714267
11745,0.0014450357142857838
11746,0.0015137142857142294
11747,0.0015696428571428912
11748,0.0014826428571428352
11749,0.001162607142857094
11750,0.0008143928571428205
11751,0.0006237857142857755
11752,0.0005677499999999368
11753,0.0005418214285713573
11754,0.0004877142857142453
11755,0.00047507142857148617
11756,0.0004963928571428308
11757,0.0005617500000000117
11758,0.0006496071428571781
11759,0.0007263214285714526
11760,0.0007614642857143496
11761,0.0007723928571428879
11762,0.0008359285714285189
11763,0.0008463214285714774
11764,0.0007903928571428155
11765,0.000799071428571401
11766,0.0008360357142856958
11767,0.0008234999999999612
11768,0.0008396785714286434
11769,0.0008523214285714025
11770,0.0008432142857142618
11771,0.000860357142857079
11772,0.0009194999999999811
11773,0.0009133928571428791
11774,0.0008950714285714209
11775,0.0009092142857143517
11776,0.0009131785714285253
11777,0.0008973214285713738
11778,0.000903428571428628
11779,0.0009142499999999895
11780,0.000933428571428558
11781,0.0009491785714285328
11782,0.0009349285714285774
11783,0.0009321428571428924
11784,0.0009607499999999801
11785,0.0009612857142857122
11786,0.0009639642857142203
11787,0.0009793928571428165
11788,0.0009891428571428662
11789,0.000980249999999927
11790,0.0009867857142857365
11791,0.0010176428571429291
11792,0.001022142857142835
11793,0.0010387500000000724
11794,0.0010726071428571516
11795,0.0010682142857142704
11796,0.0010629642857142789
11797,0.0010966071428571565
11798,0.0010930714285713858
11799,0.0010999285714285735
11800,0.0011243571428571338
11801,0.0011433214285715009
11802,0.0011529642857142214
11803,0.0011635714285713813
11804,0.0011583214285713897
11805,0.0011524285714286414
11806,0.0011441785714286113
11807,0.0011450357142857217
11808,0.001177285714285757
11809,0.0011676428571428842
11810,0.001159285714285677
11811,0.0011425714285714151
11812,0.0011316428571428766
11813,0.0011457857142856552
11814,0.00113474999999994
11815,0.0011198571428570757
11816,0.0010894285714285904
11817,0.0010743214285713724
11818,0.0010726071428571516
11819,0.00104614285714284
11820,0.0010214999999999261
11821,0.0010063928571428602
11822,0.0009857142857142723
11823,0.0009722142857142505
11824,0.0009489642857143314
11825,0.0008988214285713931
11826,0.0008923928571429128
11827,0.0009065357142856913
11828,0.0008937857142857552
11829,0.0008768571428571395
11830,0.0008530714285714884
11831,0.0008312142857142594
11832,0.0007813928571428517
11833,0.0007956428571428071
11834,0.0007996071428571331
11835,0.0008185714285715002
11836,0.0008332500000000107
11837,0.0008226428571428508
11838,0.0008020714285714396
11839,0.0007705714285714903
11840,0.0007372499999999908
11841,0.0007419642857142504
11842,0.0007847142857142688
11843,0.0007864285714286419
11844,0.0007885714285714179
11845,0.000772285714285711
11846,0.0007748571428571946
11847,0.0007786071428571668
11848,0.0007509642857142142
11849,0.0007570714285714685
11850,0.0007874999999999537
11851,0.0007668214285713658
11852,0.0007472142857142419
11853,0.0007921071428571887
11854,0.0008172857142856823
11855,0.0008061428571427903
11856,0.0007839642857143352
11857,0.0007708928571428686
11858,0.0007810714285714734
11859,0.0007655357142857002
11860,0.0007539642857142529
11861,0.0007805357142857413
11862,0.0007994999999999562
11863,0.000812357142857069
11864,0.0008095714285713841
11865,0.0007947857142856967
11866,0.0007956428571428071
11867,0.0007798928571428324
11868,0.0007808571428571197
11869,0.0007825714285714928
11870,0.000762857142857192
11871,0.000806357142857144
11872,0.0008321785714285467
11873,0.0008193214285714338
11874,0.0008032499999999285
11875,0.0007904999999999924
11876,0.0007866428571428433
11877,0.0007886785714285948
11878,0.0008182499999999696
11879,0.0008207142857142762
11880,0.000795107142857075
11881,0.000797464285714357
11882,0.0007824642857143159
11883,0.0007796785714286309
11884,0.0007903928571428155
11885,0.0007803214285713876
11886,0.0007624285714286368
11887,0.0007748571428571946
11888,0.0008105357142856714
11889,0.0008111785714285803
11890,0.0007954285714286056
11891,0.0007833214285714263
11892,0.0007552500000000708
11893,0.0007782857142857885
11894,0.0008137500000000639
11895,0.0008119285714285139
11896,0.0007822499999999621
11897,0.0007782857142857885
11898,0.0008271428571429088
11899,0.0008246785714286022
11900,0.0007966071428570944
11901,0.0007923214285713901
11902,0.0007938214285714095
11903,0.0007988571428571995
11904,0.0008210357142856545
11905,0.0008154642857142846
11906,0.0008259642857142678
11907,0.0008532857142856898
11908,0.0008313214285714363
11909,0.0008215714285713866
11910,0.0008195357142857875
11911,0.000801857142857086
11912,0.0008137500000000639
11913,0.0008404285714285769
11914,0.0008628214285713857
11915,0.0008656071428570706
11916,0.0008361428571428726
11917,0.0008313214285714363
11918,0.0008471785714285878
11919,0.0008495357142857176
11920,0.0008323928571429003
11921,0.000836464285714251
11922,0.0008237142857143149
11923,0.0007876071428571306
11924,0.0007754999999999513
11925,0.0007853571428571777
11926,0.0007950000000000504
11927,0.0007960714285713623
11928,0.0008045357142857463
11929,0.0008110714285714035
11930,0.0007810714285714734
11931,0.0007843928571428904
11932,0.0007864285714286419
11933,0.0007706785714285149
11934,0.0007671428571428963
11935,0.0007600714285713549
11936,0.0007748571428571946
11937,0.0007818214285714069
11938,0.0007839642857143352
11939,0.0008217857142857404
11940,0.0008674285714286205
11941,0.0009755357142856675
11942,0.0010807500000000049
11943,0.0012173571428571149
11944,0.0013524642857143578
11945,0.0014356071428571124
11946,0.0014899285714285782
11947,0.001524107142857188
11948,0.0014137500000000359
11949,0.0011050714285713882
11950,0.000798535714285669
11951,0.0006087857142857343
11952,0.0005123571428571592
11953,0.0004839642857142731
11954,0.0004957500000000741
11955,0.000521357142857123
11956,0.0005643214285714951
11957,0.0006198214285714495
11958,0.000676392857142868
11959,0.0006888214285714258
11960,0.0006959999999999919
11961,0.0007348928571428611
11962,0.0007849285714286225
11963,0.0008101071428571162
11964,0.0008316428571428146
11965,0.0008486785714286072
11966,0.0008441785714285491
11967,0.0008124642857142459
11968,0.0008086071428570968
11969,0.0008372142857143367
11970,0.0008718214285715017
11971,0.000912857142857147
11972,0.0008957142857143298
11973,0.0008660357142857781
11974,0.0008920714285713822
11975,0.0009217499999999339
11976,0.0009047142857142936
11977,0.0009183214285714924
11978,0.0009309642857142515
11979,0.0009272142857142793
11980,0.0009296785714285858
11981,0.0009174642857142296
11982,0.0009178928571427848
11983,0.0009536785714285909
11984,0.0009936428571429242
11985,0.000974142857142825
11986,0.0009625714285713778
11987,0.0009548571428570796
11988,0.0009463928571428478
11989,0.0009764999999999548
11990,0.0009829285714285873
11991,0.0009742500000000019
11992,0.0010227857142857438
11993,0.0010577142857142873
11994,0.001038857142857097
11995,0.001037785714285785
11996,0.0010696071428571128
11997,0.0010732500000000605
11998,0.0010972500000000654
11999,0.0011088214285713605
12000,0.0010999285714285735
12001,0.0010983214285713774
12002,0.0010949999999999604
12003,0.0011629285714286246
12004,0.0011997857142857424
12005,0.0011730000000000527
12006,0.0011501785714285364
12007,0.0011557500000000584
12008,0.0011659285714285112
12009,0.0011582142857142128
12010,0.001172678571428522
12011,0.0011629285714286246
12012,0.0011223214285713823
12013,0.0010747499999999275
12014,0.0010508571428570995
12015,0.0010753928571428364
12016,0.0011053928571429189
12017,0.0010558928571428895
12018,0.001045607142857108
12019,0.001072821428571353
12020,0.0010000714285714047
12021,0.0009536785714285909
12022,0.0009433928571428091
12023,0.0009321428571428924
12024,0.0009103928571428404
12025,0.0008707500000000376
12026,0.0008529642857143115
12027,0.000827035714285732
12028,0.0008114999999999587
12029,0.000806892857142876
12030,0.000789642857142882
12031,0.0007677857142856531
12032,0.0007743214285714625
12033,0.0007619999999999294
12034,0.0007325357142857313
12035,0.0007317857142856456
12036,0.0007702499999999597
12037,0.0007866428571428433
12038,0.0007697142857142276
12039,0.0007460357142857532
12040,0.0007457142857142226
12041,0.0007307142857143337
12042,0.000756214285714358
12043,0.0007569642857142916
12044,0.0007421785714286041
12045,0.0007426071428571593
12046,0.0007647857142857666
12047,0.0007826785714285173
12048,0.0007297500000000464
12049,0.000700392857142873
12050,0.0007182857142857761
12051,0.0007086428571429033
12052,0.0006818571428572134
12053,0.0007097142857142152
12054,0.0007375714285713693
12055,0.0007413214285714937
12056,0.0007565357142857364
12057,0.0007653214285714987
12058,0.0007625357142856615
12059,0.0007482857142857061
12060,0.0007470000000000405
12061,0.000739928571428499
12062,0.0007470000000000405
12063,0.0007649999999999681
12064,0.0007581428571429325
12065,0.0007489285714286151
12066,0.0007288928571427838
12067,0.0007312500000000658
12068,0.0007535357142856977
12069,0.0007897500000000589
12070,0.0007626428571428384
12071,0.0007455000000000211
12072,0.0007406785714285848
12073,0.0007340357142857507
12074,0.0007179642857142454
12075,0.0007365000000000573
12076,0.0007586785714285124
12077,0.0007731428571428214
12078,0.0007936071428572079
12079,0.0007659642857142554
12080,0.0007598571428571534
12081,0.0007609285714286175
12082,0.0007430357142857145
12083,0.0007336071428571955
12084,0.0007398214285714744
12085,0.0007486071428570844
12086,0.0007397142857142975
12087,0.0007354285714285932
12088,0.0007615714285713742
12089,0.0007525714285714104
12090,0.0007599642857143303
12091,0.0007481785714285292
12092,0.0007287857142857591
12093,0.0007421785714286041
12094,0.000761142857142819
12095,0.0007557857142856505
12096,0.0007441071428571787
12097,0.0007463571428571315
12098,0.0007612499999999959
12099,0.0007473214285714188
12100,0.0007534285714285208
12101,0.0007605000000000623
12102,0.000742285714285781
12103,0.000733821428571397
12104,0.0007221428571429252
12105,0.0007196785714286185
12106,0.0007474285714285957
12107,0.0008000357142856883
12108,0.0007978928571429122
12109,0.0007879285714285089
12110,0.0007929642857142991
12111,0.0007711071428570701
12112,0.0007528928571427887
12113,0.0007769999999999705
12114,0.0008142857142856436
12115,0.0008110714285714035
12116,0.0008287499999999528
12117,0.0008350714285714085
12118,0.0008034642857142821
12119,0.0007622142857142832
12120,0.0007732499999999983
12121,0.0007802142857142107
12122,0.0007664999999999875
12123,0.0007546071428571618
12124,0.0007768928571427938
12125,0.000757821428571402
12126,0.0007323214285713777
12127,0.0007331785714286403
12128,0.0007605000000000623
12129,0.0007756071428571281
12130,0.0007543928571428081
12131,0.0007387500000000102
12132,0.0007325357142857313
12133,0.0007319999999999994
12134,0.0007249285714286101
12135,0.0007162500000000246
12136,0.0007154999999999388
12137,0.0007138928571428949
12138,0.0006872142857142295
12139,0.0007023214285714475
12140,0.0007943571428571415
12141,0.0008762142857142306
12142,0.0009450000000000054
12143,0.0010503214285713673
12144,0.0012119999999999464
12145,0.0013615714285714984
12146,0.0014468571428571816
12147,0.0015101785714286109
12148,0.0015383571428571434
12149,0.0013689642857142661
12150,0.0010244999999999647
12151,0.0007295357142856927
12152,0.0006157499999999467
12153,0.0005792142857143594
12154,0.0005028214285714633
12155,0.00042321428571432713
12156,0.00038732142857149653
12157,0.0004623214285713979
12158,0.0006042857142856763
12159,0.0006768214285714232
12160,0.0007174285714285133
12161,0.0007239642857143228
12162,0.0007327499999999329
12163,0.0007501071428571038
12164,0.0007886785714285948
12165,0.0007907142857143461
12166,0.0007613571428571728
12167,0.0007491428571428165
12168,0.0007622142857142832
12169,0.0007944642857143183
12170,0.0008196428571428121
12171,0.0008162142857142182
12172,0.0008227500000000277
12173,0.000838178571428624
12174,0.0008443928571429029
12175,0.0008229642857142291
12176,0.000799071428571401
12177,0.000807535714285785
12178,0.0008383928571428254
12179,0.0008775000000000485
12180,0.0008842500000000594
12181,0.0008891785714285204
12182,0.0009030000000000728
12183,0.0008987142857142163
12184,0.0009345000000000222
12185,0.000944142857142895
12186,0.0009266785714285472
12187,0.0009231428571429286
12188,0.0009652500000000381
12189,0.0009736071428570929
12190,0.0009326785714286245
12191,0.0009459642857142926
12192,0.000973071428571361
12193,0.0009966428571428106
12194,0.0009877500000000238
12195,0.0009995357142856725
12196,0.0010073571428571475
12197,0.001002107142857156
12198,0.0010152857142856472
12199,0.0010275000000000035
12200,0.00102675000000007
12201,0.0010639285714285661
12202,0.0011156785714285483
12203,0.0011281071428571059
12204,0.0011502857142857133
12205,0.0011377499999999786
12206,0.0011136428571427968
12207,0.001100785714285684
12208,0.0010856785714286183
12209,0.0010963928571428028
12210,0.0011003571428571288
12211,0.0011088214285713605
12212,0.001103571428571369
12213,0.0011096785714286232
12214,0.0010944642857142282
12215,0.0010882499999999493
12216,0.0010783928571428752
12217,0.001061250000000058
12218,0.0010635000000000108
12219,0.001009821428571454
12220,0.0009422142857143204
12221,0.0008990357142857468
12222,0.0009214285714285556
12223,0.0009624642857143531
12224,0.0009065357142856913
12225,0.0008623928571428305
12226,0.0008149285714285526
12227,0.000797464285714357
12228,0.0008067857142856992
12229,0.0007970357142856496
12230,0.0007721785714285343
12231,0.0007328571428571098
12232,0.0007130357142857845
12233,0.0007247142857142563
12234,0.0007173214285714888
12235,0.0007107857142856793
12236,0.0007022142857142708
12237,0.000690964285714354
12238,0.0006809999999999507
12239,0.0006661071428570864
12240,0.0007117499999999665
12241,0.0007429285714285376
12242,0.000717750000000044
12243,0.0006910714285713786
12244,0.0006943928571427957
12245,0.0006832500000000559
12246,0.0006908571428571772
12247,0.0007138928571428949
12248,0.0007032857142857348
12249,0.0007015714285713618
12250,0.0007136785714285411
12251,0.0006954642857142598
12252,0.0006932142857143069
12253,0.0006994285714285858
12254,0.0006879642857143154
12255,0.0006796071428571082
12256,0.0006756428571427823
12257,0.0006809999999999507
12258,0.0006736071428571831
12259,0.0007032857142857348
12260,0.0007257857142857205
12261,0.0007321071428571761
12262,0.0006920357142856659
12263,0.0006671785714285506
12264,0.0006768214285714232
12265,0.0007039285714286438
12266,0.0007134642857143397
12267,0.0007182857142857761
12268,0.0007247142857142563
12269,0.0007041428571428452
12270,0.0006816428571428596
12271,0.0007132499999999859
12272,0.0007058571428572183
12273,0.0007036071428571132
12274,0.0007193571428570879
12275,0.0007480714285715047
12276,0.0007521428571428552
12277,0.0007249285714286101
12278,0.0006996428571427872
12279,0.0007237499999999691
12280,0.0007295357142856927
12281,0.0006895714285713593
12282,0.0006786428571428209
12283,0.0006799285714286388
12284,0.0006913928571429093
12285,0.0006993214285714089
12286,0.0007089642857142816
12287,0.0007093928571428368
12288,0.0007102499999999473
12289,0.0007061785714285966
12290,0.0007046785714285773
12291,0.0006856071428571856
12292,0.0006677142857142826
12293,0.000727178571428563
12294,0.0007470000000000405
12295,0.0007168928571427812
12296,0.0006693214285714788
12297,0.0006778928571428874
12298,0.0007134642857143397
12299,0.0007020000000000692
12300,0.0006962142857143456
12301,0.0007396071428571206
12302,0.0007480714285715047
12303,0.0007097142857142152
12304,0.0007051071428571325
12305,0.0006805714285713955
12306,0.0006968571428571023
12307,0.000731142857142889
12308,0.0007281428571428503
12309,0.0007273928571429166
12310,0.0007266428571428309
12311,0.0007202142857143506
12312,0.0007251428571428115
12313,0.0007344642857143059
12314,0.0007254642857143422
12315,0.0007176428571428671
12316,0.0007352142857142395
12317,0.0007470000000000405
12318,0.0007966071428570944
12319,0.0007898571428570835
12320,0.0007733571428571752
12321,0.0008101071428571162
12322,0.0008006785714285972
12323,0.0007794642857142772
12324,0.0007634999999999488
12325,0.0007453928571428443
12326,0.0007476428571427971
12327,0.0007354285714285932
12328,0.0007034999999999363
12329,0.0007073571428570855
12330,0.0007247142857142563
12331,0.0007152857142857373
12332,0.0006775714285713568
12333,0.0006754285714285808
12334,0.0006887142857142489
12335,0.0007249285714286101
12336,0.0007384285714286319
12337,0.0007256785714285436
12338,0.0007027500000000027
12339,0.0007025357142856491
12340,0.0007077857142856407
12341,0.0006799285714286388
12342,0.0006800357142856634
12343,0.0006923571428571966
12344,0.0006860357142857408
12345,0.0007053214285714863
12346,0.000779035714285722
12347,0.0008818928571429297
12348,0.0010117500000000287
12349,0.0011854285714286102
12350,0.0013735714285715009
12351,0.0014891785714286447
12352,0.0015150000000000473
12353,0.001540714285714273
12354,0.0014251071428571294
12355,0.0011110714285714656
12356,0.0007539642857142529
12357,0.0005352857142857001
12358,0.0004960714285714525
12359,0.0004758214285714197
12360,0.0004025357142857392
12361,0.0004020000000000071
12362,0.0004892142857142647
12363,0.0005497500000000092
12364,0.0006092142857142895
12365,0.0006490714285714461
12366,0.0006727500000000727
12367,0.0007100357142857458
12368,0.0007605000000000623
12369,0.0007642500000000345
12370,0.000748392857142883
12371,0.000759535714285775
12372,0.0007503214285714575
12373,0.0007154999999999388
12374,0.000726535714285654
12375,0.0007793571428571003
12376,0.0008059285714285888
12377,0.0008091428571428289
12378,0.0007902857142856387
12379,0.0007878214285714844
12380,0.0008122500000000445
12381,0.0008213571428571852
12382,0.0008177142857142375
12383,0.0008347500000000301
12384,0.0008560714285713747
12385,0.0008418214285714193
12386,0.0008322857142857236
12387,0.0008795357142856476
12388,0.0008799642857143551
12389,0.0008651785714285154
12390,0.0008763214285714075
12391,0.0008998928571428572
12392,0.0009120000000000366
12393,0.0009115714285714814
12394,0.0009113571428571276
12395,0.0009191785714286027
12396,0.0009485357142857762
12397,0.0009317142857143373
12398,0.0009358928571428647
12399,0.0009783214285713525
12400,0.000987107142857115
12401,0.0009912857142856423
12402,0.0010204285714286142
12403,0.0010105714285713876
12404,0.0010323214285714397
12405,0.0010488214285715002
12406,0.0010149642857142688
12407,0.0010371428571428762
12408,0.001064035714285743
12409,0.0010811785714285602
12410,0.0010686428571428255
12411,0.0010938214285714715
12412,0.0011154642857143468
12413,0.001094571428571405
12414,0.0010984285714285542
12415,0.0011333571428570974
12416,0.0011281071428571059
12417,0.0010733571428570851
12418,0.0010805357142856511
12419,0.0010792499999999856
12420,0.0010318928571428846
12421,0.0010185000000000396
12422,0.0010309285714285973
12423,0.0010264285714285393
12424,0.0009905357142857088
12425,0.000960214285714248
12426,0.0009337499999999365
12427,0.0009064285714285145
12428,0.0009143571428571664
12429,0.0009146785714285447
12430,0.0008840357142857057
12431,0.0008321785714285467
12432,0.0007953214285714288
12433,0.0007581428571429325
12434,0.000747749999999974
12435,0.0007613571428571728
12436,0.0007661785714286091
12437,0.0007448571428571122
12438,0.0007169999999999581
12439,0.0007218214285713945
12440,0.0007141071428570963
12441,0.0006933214285714837
12442,0.0006997499999999641
12443,0.0007183928571428006
12444,0.0006717857142857854
12445,0.0006549642857143466
12446,0.0006726428571428958
12447,0.0006813214285714813
12448,0.0006900000000000668
12449,0.0006968571428571023
12450,0.0006981428571429201
12451,0.00067371428571436
12452,0.0006837857142857879
12453,0.0006715714285714317
12454,0.000664607142857067
12455,0.0007062857142857735
12456,0.0007022142857142708
12457,0.0007024285714286244
12458,0.0006988928571428537
12459,0.0006929999999999532
12460,0.0006941785714285942
12461,0.000673071428571451
12462,0.0007000714285714947
12463,0.0007179642857142454
12464,0.0007179642857142454
12465,0.0007062857142857735
12466,0.0007132499999999859
12467,0.0007166785714285798
12468,0.0006850714285714535
12469,0.0006882857142856937
12470,0.0007130357142857845
12471,0.0007418571428570736
12472,0.000745607142857198
12473,0.0007163571428572015
12474,0.0007069285714285303
12475,0.0007328571428571098
12476,0.000724392857142878
12477,0.0007020000000000692
12478,0.0007314642857142673
12479,0.0007167857142857567
12480,0.0006957857142857904
12481,0.0006933214285714837
12482,0.00070928571428566
12483,0.0007216071428571931
12484,0.0006872142857142295
12485,0.0006901071428570914
12486,0.0007424999999999824
12487,0.0007493571428571703
12488,0.0007440000000000018
12489,0.0007458214285713995
12490,0.0007202142857143506
12491,0.0007195714285714416
12492,0.0007354285714285932
12493,0.0007426071428571593
12494,0.0007371428571428141
12495,0.0007331785714286403
12496,0.0007156071428571157
12497,0.0006940714285714173
12498,0.0007539642857142529
12499,0.0007413214285714937
12500,0.0007117499999999665
12501,0.0007237499999999691
12502,0.0007543928571428081
12503,0.0007314642857142673
12504,0.0007101428571429226
12505,0.0007521428571428552
12506,0.0007610357142856421
12507,0.0007407857142857616
12508,0.0007286785714285823
12509,0.0007319999999999994
12510,0.0007433571428570928
12511,0.000741642857142872
12512,0.0007432500000000683
12513,0.0007420714285714272
12514,0.0007358571428571484
12515,0.0007490357142856396
12516,0.0007420714285714272
12517,0.0007911428571429014
12518,0.0008111785714285803
12519,0.0007791428571428989
12520,0.0007666071428571643
12521,0.0007607142857142638
12522,0.0007513928571429217
12523,0.0007707857142856918
12524,0.0007959642857143377
12525,0.0008083928571428954
12526,0.000829178571428508
12527,0.0008380714285714471
12528,0.0008287499999999528
12529,0.0008064642857143208
12530,0.0008165357142857488
12531,0.0008352857142857622
12532,0.0008152499999999309
12533,0.0008046428571429232
12534,0.000788464285714241
12535,0.0007754999999999513
12536,0.0007643571428572114
12537,0.0007488214285714382
12538,0.0007352142857142395
12539,0.000717107142857135
12540,0.0007508571428571896
12541,0.000754499999999985
12542,0.0007492499999999934
12543,0.000778392857142813
12544,0.0007791428571428989
12545,0.0007300714285714248
12546,0.0007101428571429226
12547,0.0007288928571427838
12548,0.0007509642857142142
12549,0.0007565357142857364
12550,0.0007551428571428939
12551,0.0007629642857142167
12552,0.0008183571428571465
12553,0.0009120000000000366
12554,0.001036178571428589
12555,0.0011577857142856577
12556,0.0013014642857143092
12557,0.0014495357142856895
12558,0.001537928571428588
12559,0.0015966428571427826
12560,0.0015638571428571676
12561,0.0013664999999999593
12562,0.001053964285714315
12563,0.000748392857142883
12564,0.0005993571428572153
12565,0.0005366785714285426
12566,0.00048417857142862684
12567,0.0004518214285714147
12568,0.0004961785714286294
12569,0.0005823214285714227
12570,0.0006598928571428075
12571,0.0007561071428571812
12572,0.0007608214285714407
12573,0.0007588928571428661
12574,0.0007916785714286334
12575,0.0007960714285713623
12576,0.0008156785714286384
12577,0.0008040000000000142
12578,0.0008093571428571827
12579,0.0008040000000000142
12580,0.0008147142857143511
12581,0.0008310000000000579
12582,0.0008391428571429113
12583,0.0008408571428571321
12584,0.0008605714285714328
12585,0.0008786785714285372
12586,0.0008976428571429043
12587,0.0009200357142857131
12588,0.000903428571428628
12589,0.0009071785714286002
12590,0.0009127499999999701
12591,0.0009150000000000753
12592,0.0009196071428571579
12593,0.0009080357142857106
12594,0.0009212142857143541
12595,0.0009425357142856987
12596,0.0009654642857142396
12597,0.000964714285714306
12598,0.0009894642857142446
12599,0.0009992142857142942
12600,0.0009767142857143086
12601,0.0009656785714285933
12602,0.0009945000000000346
12603,0.001014857142857092
12604,0.0010070357142857693
12605,0.0010194642857143269
12606,0.0010479642857142376
12607,0.0010646785714284997
12608,0.0010731428571428836
12609,0.0010654285714285854
12610,0.0010951071428571373
12611,0.001149214285714249
12612,0.0011317500000000535
12613,0.0011196428571428742
12614,0.0011562857142856384
12615,0.0011974285714286127
12616,0.0011635714285713813
12617,0.0011388214285714428
12618,0.0011724642857143205
12619,0.0011842499999999692
12620,0.001166678571428597
12621,0.001149321428571426
12622,0.0011643214285714672
12623,0.0011746071428570966
12624,0.0011588571428571219
12625,0.001135392857142849
12626,0.0011182500000000318
12627,0.001115249999999993
12628,0.0011125714285714849
12629,0.0010697142857142897
12630,0.001043892857142887
12631,0.0010278214285713817
12632,0.0009868928571429134
12633,0.0010040357142857305
12634,0.0010210714285713708
12635,0.0009691071428571872
12636,0.0009618214285714442
12637,0.0009636428571428419
12638,0.00093075000000005
12639,0.0008997857142856804
12640,0.0008501785714286265
12641,0.0008437499999999939
12642,0.0008419285714285962
12643,0.0008205000000000748
12644,0.0008337857142857428
12645,0.0008026071428571717
12646,0.0007933928571428543
12647,0.0007907142857143461
12648,0.0007782857142857885
12649,0.0007488214285714382
12650,0.000754499999999985
12651,0.000762857142857192
12652,0.0007527857142857642
12653,0.000743785714285648
12654,0.0007424999999999824
12655,0.0007438928571428249
12656,0.000726535714285654
12657,0.0007427142857143362
12658,0.0007576071428572006
12659,0.0007404642857142311
12660,0.0007572857142856699
12661,0.000775714285714305
12662,0.0007682142857143605
12663,0.0007571785714286453
12664,0.0007577142857142251
12665,0.0007674642857142748
12666,0.000765107142857145
12667,0.0007809642857142965
12668,0.0007810714285714734
12669,0.0007818214285714069
12670,0.0007781785714286116
12671,0.0007429285714285376
12672,0.0007159285714286463
12673,0.0007314642857142673
12674,0.00078171428571423
12675,0.0007815000000000286
12676,0.0007903928571428155
12677,0.0008144999999999974
12678,0.0007845000000000673
12679,0.0007567499999999378
12680,0.0007664999999999875
12681,0.0007733571428571752
12682,0.000782357142857139
12683,0.000785678571428556
12684,0.0007662857142857859
12685,0.000772285714285711
12686,0.0007933928571428543
12687,0.0007787142857143437
12688,0.0007793571428571003
12689,0.0007853571428571777
12690,0.0007953214285714288
12691,0.0007933928571428543
12692,0.0007734642857143521
12693,0.0007487142857142613
12694,0.0007586785714285124
12695,0.0007725000000000648
12696,0.0007959642857143377
12697,0.0008248928571428037
12698,0.0008120357142856907
12699,0.0007579285714285789
12700,0.0007557857142856505
12701,0.0007950000000000504
12702,0.0007771071428571474
12703,0.0007540714285714298
12704,0.0007909285714285476
12705,0.0008013214285713539
12706,0.0007961785714285392
12707,0.0007874999999999537
12708,0.0007580357142857557
12709,0.0007516071428571231
12710,0.0007403571428572064
12711,0.0007776428571428795
12712,0.0007819285714285838
12713,0.0007585714285714877
12714,0.0007984285714286443
12715,0.0007959642857143377
12716,0.0007874999999999537
12717,0.0007719642857143327
12718,0.0007666071428571643
12719,0.0007877142857143075
12720,0.0007932857142856774
12721,0.0007597499999999765
12722,0.0007622142857142832
12723,0.0008140714285714422
12724,0.0008110714285714035
12725,0.0008186785714285248
12726,0.0008036785714286359
12727,0.0007986428571428458
12728,0.0008216785714285635
12729,0.0008187857142857017
12730,0.000807535714285785
12731,0.0008141785714286191
12732,0.0008047499999999478
12733,0.0008098928571429147
12734,0.0008602500000000544
12735,0.0008600357142857007
12736,0.0008526428571429332
12737,0.0008466428571428557
12738,0.000847607142857143
12739,0.0008769642857143164
12740,0.0008352857142857622
12741,0.0008183571428571465
12742,0.0008258571428570909
12743,0.0008248928571428037
12744,0.0007928571428571222
12745,0.0007606071428570869
12746,0.0007809642857142965
12747,0.0008192142857142569
12748,0.0008244642857142485
12749,0.0008101071428571162
12750,0.0007941428571427878
12751,0.0007810714285714734
12752,0.000786321428571465
12753,0.0008044285714285694
12754,0.0008001428571428651
12755,0.0007461428571429301
12756,0.0007218214285713945
12757,0.0007278214285714718
12758,0.0007371428571428141
12759,0.0007558928571428274
12760,0.0007886785714285948
12761,0.000854892857142886
12762,0.000955285714285787
12763,0.0010597500000000387
12764,0.0012004285714284993
12765,0.0013671428571428684
12766,0.0015414642857143588
12767,0.001616035714285705
12768,0.0016205357142857631
12769,0.0015382499999999665
12770,0.0012612857142857742
12771,0.0009515357142856625
12772,0.0006981428571429201
12773,0.0005833928571428869
12774,0.0005682857142856689
12775,0.0005343214285714128
12776,0.0005291785714285981
12777,0.0005518928571427851
12778,0.0005941071428570715
12779,0.000641785714285703
12780,0.0006877499999999616
12781,0.000743785714285648
12782,0.0007956428571428071
12783,0.0008215714285713866
12784,0.0008341071428571212
12785,0.0008288571428571296
12786,0.0008341071428571212
12787,0.0008398928571428448
12788,0.0008378571428570935
12789,0.0008417142857142425
12790,0.0008345357142856764
12791,0.0008271428571429088
12792,0.0008608928571428111
12793,0.0008792142857142693
12794,0.0008783571428571589
12795,0.0009062142857143129
12796,0.000903428571428628
12797,0.0008932500000000231
12798,0.0008865000000000123
12799,0.0008905714285713628
12800,0.0009084642857142658
12801,0.0009424285714285218
12802,0.000967499999999991
12803,0.0009456428571429143
12804,0.0009294642857142321
12805,0.0009332142857143566
12806,0.0009433928571428091
12807,0.0009740357142856481
12808,0.0010153928571428241
12809,0.0010363928571427903
12810,0.0009924642857142832
12811,0.0009531428571428588
12812,0.0009760714285713996
12813,0.0010028571428570894
12814,0.0010423928571428678
12815,0.0010743214285713724
12816,0.0010451785714285526
12817,0.0010658571428571405
12818,0.0011100000000000014
12819,0.00109178571428572
12820,0.00108353571428569
12821,0.0011360357142857578
12822,0.0011447142857143433
12823,0.001129821428571479
12824,0.0011491071428570722
12825,0.001155857142857083
12826,0.00116335714285718
12827,0.0011776071428571352
12828,0.0011701071428571908
12829,0.0011891785714285826
12830,0.001186714285714276
12831,0.0011583214285713897
12832,0.0011608928571428731
12833,0.0011385000000000644
12834,0.0011094642857142694
12835,0.0011338928571428296
12836,0.001122535714285736
12837,0.0010957500000000461
12838,0.0010714285714285105
12839,0.0010618928571428147
12840,0.001039500000000006
12841,0.0010203214285714373
12842,0.0009918214285713743
12843,0.0009668571428570821
12844,0.0009350357142857543
12845,0.0009061071428571361
12846,0.0009399642857142153
12847,0.0009228214285713981
12848,0.0008857499999999265
12849,0.0008628214285713857
12850,0.0008543571428571539
12851,0.0008386071428571792
12852,0.0008269285714285551
12853,0.0007969285714286249
12854,0.0007501071428571038
12855,0.0007733571428571752
12856,0.0007978928571429122
12857,0.0007880357142856858
12858,0.0007520357142856783
12859,0.0007403571428572064
12860,0.0007548214285713633
12861,0.0007442142857143556
12862,0.000731142857142889
12863,0.0007418571428570736
12864,0.0007535357142856977
12865,0.0007100357142857458
12866,0.0007189285714285327
12867,0.0007493571428571703
12868,0.0007427142857143362
12869,0.0007555714285714491
12870,0.0007457142857142226
12871,0.0007312500000000658
12872,0.0007427142857143362
12873,0.0007394999999999438
12874,0.0007206428571429058
12875,0.0007285714285714055
12876,0.0007749642857142192
12877,0.0007764642857142385
12878,0.0007441071428571787
12879,0.0007251428571428115
12880,0.0007278214285714718
12881,0.0007234285714285908
12882,0.0007479642857143278
12883,0.000757821428571402
12884,0.0007688571428571172
12885,0.0007552500000000708
12886,0.0007306071428571569
12887,0.0006957857142857904
12888,0.0007333928571428418
12889,0.0008016428571428845
12890,0.00078171428571423
12891,0.0007608214285714407
12892,0.0007573928571428468
12893,0.0007720714285713574
12894,0.0007605000000000623
12895,0.0007470000000000405
12896,0.0007612499999999959
12897,0.0007581428571429325
12898,0.0007593214285714213
12899,0.0007460357142857532
12900,0.0007455000000000211
12901,0.000759000000000043
12902,0.0007512857142857448
12903,0.0007424999999999824
12904,0.000747749999999974
12905,0.000755035714285717
12906,0.000774535714285664
12907,0.0007608214285714407
12908,0.0007513928571429217
12909,0.0007337142857142202
12910,0.0007135714285713642
12911,0.0007078928571428174
12912,0.0007503214285714575
12913,0.0007648928571427912
12914,0.0007482857142857061
12915,0.0007591071428570676
12916,0.0007789285714285451
12917,0.0007772142857143243
12918,0.000748392857142883
12919,0.0007488214285714382
12920,0.0007468928571428636
12921,0.0007337142857142202
12922,0.0007432500000000683
12923,0.000729857142857071
12924,0.0007107857142856793
12925,0.0007447499999999354
12926,0.0007977857142857353
12927,0.0007886785714285948
12928,0.0007436785714286235
12929,0.0007374642857143446
12930,0.0007462499999999547
12931,0.0007534285714285208
12932,0.0007690714285714709
12933,0.0007857857142857329
12934,0.0007895357142857051
12935,0.00078171428571423
12936,0.0007581428571429325
12937,0.000779035714285722
12938,0.000809035714285652
12939,0.0007877142857143075
12940,0.0008006785714285972
12941,0.000813642857142887
12942,0.0008144999999999974
12943,0.0008070000000000529
12944,0.0008171785714285054
12945,0.00080292857142855
12946,0.0007877142857143075
12947,0.0007506428571428358
12948,0.0007267500000000078
12949,0.0007475357142857726
12950,0.0007531071428571425
12951,0.0007880357142856858
12952,0.000788464285714241
12953,0.0007555714285714491
12954,0.0007211785714286379
12955,0.0007221428571429252
12956,0.0007321071428571761
12957,0.0007467857142856867
12958,0.0007685357142857388
12959,0.0007637142857143025
12960,0.0007614642857143496
12961,0.0007436785714286235
12962,0.0007330714285714634
12963,0.0007391785714285654
12964,0.0007213928571428393
12965,0.0007347857142856843
12966,0.0007944642857143183
12967,0.0008868214285713906
12968,0.0009978214285714516
12969,0.0011227499999999376
12970,0.0012946071428571215
12971,0.0014687142857142581
12972,0.0015399642857143396
12973,0.0015813214285713632
12974,0.001531392857142931
12975,0.0012771428571429259
12976,0.0009138214285714343
12977,0.0006272142857142171
12978,0.0005150357142856673
12979,0.0004611428571429091
12980,0.0004170000000000483
12981,0.00039964285714287737
12982,0.0004826785714286075
12983,0.0005672142857143569
12984,0.0006223928571429331
12985,0.0006706071428571444
12986,0.0007117499999999665
12987,0.0007428214285713608
12988,0.0007565357142857364
12989,0.0007690714285714709
12990,0.0007701428571427828
12991,0.000762857142857192
12992,0.0007752857142857498
12993,0.000805178571428503
12994,0.0008015357142857077
12995,0.0008139642857142653
12996,0.0008171785714285054
12997,0.000812999999999978
12998,0.0008347500000000301
12999,0.0008547857142857091
13000,0.0008514642857142921
13001,0.0008164285714285719
13002,0.0008246785714286022
13003,0.0008424642857143283
13004,0.0008522142857142256
13005,0.0008765357142857612
13006,0.0008840357142857057
13007,0.0009006428571427908
13008,0.0009012857142856997
13009,0.0008801785714285566
13010,0.0008890714285714957
13011,0.0009035357142856526
13012,0.0009110357142857493
13013,0.000959678571428516
13014,0.0009422142857143204
13015,0.0009353571428571326
13016,0.0009582857142856735
13017,0.0009698571428571207
13018,0.0009798214285713718
13019,0.0009881785714285789
13020,0.0009792857142856398
13021,0.0010059642857143051
13022,0.001014857142857092
13023,0.001016035714285733
13024,0.0010532142857142292
13025,0.0010658571428571405
13026,0.0010729285714285298
13027,0.0010774285714285879
13028,0.0010915714285713665
13029,0.0011134285714285953
13030,0.0011215714285714488
13031,0.0011014285714285928
13032,0.001082999999999958
13033,0.0011408571428571943
13034,0.0011678571428570855
13035,0.001132499999999987
13036,0.0010972500000000654
13037,0.0010798928571428945
13038,0.0010791428571428087
13039,0.0010684285714286242
13040,0.0010629642857142789
13041,0.0010832142857143115
13042,0.0010420714285714894
13043,0.0010062857142856833
13044,0.0010402499999999394
13045,0.0010261071428571608
13046,0.0009832499999999657
13047,0.0009382499999999944
13048,0.0009142499999999895
13049,0.0008817857142857528
13050,0.0008400000000000217
13051,0.0008173928571428592
13052,0.000846428571428502
13053,0.0008404285714285769
13054,0.0008180357142857682
13055,0.0007819285714285838
13056,0.0007736785714285535
13057,0.0007460357142857532
13058,0.0007446428571429108
13059,0.0007645714285714129
13060,0.0007458214285713995
13061,0.0007299642857142479
13062,0.0007153928571429142
13063,0.0006923571428571966
13064,0.0006632142857142246
13065,0.0006701785714285892
13066,0.0007274999999999413
13067,0.0007509642857142142
13068,0.0007112142857142345
13069,0.0006727500000000727
13070,0.0006632142857142246
13071,0.000680357142857194
13072,0.0006895714285713593
13073,0.000645750000000029
13074,0.0006433928571428993
13075,0.000687107142857205
13076,0.0007085357142857264
13077,0.000699857142857141
13078,0.0006951428571428815
13079,0.0006941785714285942
13080,0.0007086428571429033
13081,0.0006969642857142792
13082,0.000688607142857072
13083,0.0006783214285714426
13084,0.0006564642857142136
13085,0.0006688928571429236
13086,0.0007100357142857458
13087,0.0007194642857142648
13088,0.0007197857142856431
13089,0.0007148571428571821
13090,0.0007105714285714778
13091,0.0007132499999999859
13092,0.0007063928571427982
13093,0.0006878571428571385
13094,0.0006883928571428706
13095,0.0006891428571428041
13096,0.0006966428571429008
13097,0.0007135714285713642
13098,0.0007085357142857264
13099,0.0007151785714285605
13100,0.0007472142857142419
13101,0.0007152857142857373
13102,0.0006890357142857795
13103,0.0006961071428571688
13104,0.0007133571428571628
13105,0.0007341428571429276
13106,0.0007188214285713558
13107,0.0007111071428572099
13108,0.0006868928571428512
13109,0.0006727500000000727
13110,0.000707035714285707
13111,0.0006979285714285665
13112,0.0006776785714285336
13113,0.0007086428571429033
13114,0.0007633928571429241
13115,0.0007182857142857761
13116,0.0006816428571428596
13117,0.0006809999999999507
13118,0.0006689999999999482
13119,0.00068249999999997
13120,0.0006872142857142295
13121,0.0006865714285714729
13122,0.0006811071428571275
13123,0.0006954642857142598
13124,0.0007152857142857373
13125,0.0006926785714285749
13126,0.0006793928571429068
13127,0.0006751071428572024
13128,0.0006828214285715007
13129,0.00070928571428566
13130,0.0007394999999999438
13131,0.0007085357142857264
13132,0.0006684642857142162
13133,0.0006941785714285942
13134,0.0007485000000000599
13135,0.0007692857142856724
13136,0.0007539642857142529
13137,0.0007319999999999994
13138,0.0007345714285714828
13139,0.000710464285714301
13140,0.0007241785714285243
13141,0.0007389642857142117
13142,0.0007440000000000018
13143,0.0007529999999999656
13144,0.0007779642857142578
13145,0.0008099999999999393
13146,0.0008223214285714725
13147,0.0007874999999999537
13148,0.0007284642857142286
13149,0.0006995357142857626
13150,0.0006885000000000474
13151,0.0006954642857142598
13152,0.0006980357142857432
13153,0.0006894642857143347
13154,0.0006726428571428958
13155,0.0006837857142857879
13156,0.0007077857142856407
13157,0.0006957857142857904
13158,0.0006717857142857854
13159,0.0006709285714285228
13160,0.0006639642857143104
13161,0.0006657857142857081
13162,0.0006845357142857215
13163,0.000683142857142879
13164,0.000696535714285724
13165,0.0006712500000000533
13166,0.0006437142857142776
13167,0.000664607142857067
13168,0.0007528928571427887
13169,0.0008647499999999602
13170,0.0009425357142856987
13171,0.0010892142857142366
13172,0.001246928571428642
13173,0.0013698214285713765
13174,0.0014550000000000348
13175,0.0015016071428572023
13176,0.0014965714285714122
13177,0.0012954642857142319
13178,0.0009394285714286355
13179,0.0006053571428571404
13180,0.0004711071428571602
13181,0.0004153928571428521
13182,0.00038475000000001307
13183,0.00037832142857138046
13184,0.00038775000000005174
13185,0.0004412142857142547
13186,0.0005352857142857001
13187,0.0006184285714286071
13188,0.0006716785714286085
13189,0.0007086428571429033
13190,0.0006913928571429093
13191,0.000677035714285777
13192,0.000707678571428616
13193,0.0007427142857143362
13194,0.0007447499999999354
13195,0.0007088571428571047
13196,0.0006959999999999919
13197,0.000783000000000048
13198,0.0008102142857142931
13199,0.000791785714285658
13200,0.0007827857142856942
13201,0.0007567499999999378
13202,0.0007359642857143253
13203,0.0007797857142856555
13204,0.0008232857142857597
13205,0.0008232857142857597
13206,0.000806357142857144
13207,0.0008028214285713733
13208,0.0008012142857143293
13209,0.0008099999999999393
13210,0.0008052857142856799
13211,0.0008122500000000445
13212,0.0008561785714285516
13213,0.000873749999999924
13214,0.000857035714285662
13215,0.0008708571428572144
13216,0.0008942142857143104
13217,0.0008963571428570865
13218,0.0009158571428571857
13219,0.0009185357142856938
13220,0.0008888571428571421
13221,0.0009175714285714065
13222,0.0009437142857143398
13223,0.0009324642857142709
13224,0.0009392142857142817
13225,0.0009572142857143616
13226,0.0010157142857143548
13227,0.0010415357142857574
13228,0.0010368214285714978
13229,0.001042178571428514
13230,0.001043892857142887
13231,0.0010557857142857127
13232,0.0010426071428570691
13233,0.0010073571428571475
13234,0.0010041428571429074
13235,0.0010364999999999671
13236,0.0010371428571428762
13237,0.0010911428571428112
13238,0.001084714285714331
13239,0.0010516071428571853
13240,0.0010469999999999503
13241,0.0010239642857142327
13242,0.0010191428571427962
13243,0.0010336071428571055
13244,0.0009999642857142278
13245,0.0009755357142856675
13246,0.000960857142857157
13247,0.0009076071428571554
13248,0.0008767499999999627
13249,0.0008677499999999988
13250,0.0008446071428571043
13251,0.000827571428571464
13252,0.0008638928571428498
13253,0.0008683928571429078
13254,0.0008177142857142375
13255,0.0007983214285714674
13256,0.0007557857142856505
13257,0.0007018928571428923
13258,0.0007051071428571325
13259,0.0007072500000000608
13260,0.0007006071428570745
13261,0.000720428571428552
13262,0.0006936428571428621
13263,0.0006511071428571975
13264,0.0006453214285714738
13265,0.0006168214285714108
13266,0.0005940000000000469
13267,0.0006567857142857443
13268,0.0006754285714285808
13269,0.0006321428571428304
13270,0.0006295714285714991
13271,0.0006303214285714327
13272,0.000614571428571458
13273,0.0006204642857143585
13274,0.000628500000000035
13275,0.000648535714285714
13276,0.0006277499999999492
13277,0.0006097500000000216
13278,0.0006235714285714218
13279,0.0006088928571429112
13280,0.0006367500000000652
13281,0.000690428571428622
13282,0.0006808928571429261
13283,0.0006294642857143223
13284,0.0006110357142856872
13285,0.0006291428571427917
13286,0.0006327857142857392
13287,0.0006642857142856887
13288,0.0006517499999999541
13289,0.0006242142857143307
13290,0.0006348214285714907
13291,0.0006448928571429186
13292,0.0006601071428571613
13293,0.0006603214285713627
13294,0.0006451071428571201
13295,0.0006594642857142523
13296,0.0006495000000000013
13297,0.0006630000000000231
13298,0.0006808928571429261
13299,0.0006687857142857467
13300,0.0006595714285714292
13301,0.0006590357142856972
13302,0.0006489642857142692
13303,0.000633964285714228
13304,0.0006318214285714521
13305,0.0006378214285713772
13306,0.0006123214285713529
13307,0.0006130714285714386
13308,0.0006534642857143273
13309,0.0006790714285713761
13310,0.000686464285714296
13311,0.0006757499999999592
13312,0.0006598928571428075
13313,0.0006654642857143297
13314,0.0006769285714286001
13315,0.0006550714285713712
13316,0.0006249642857142642
13317,0.0006307499999999879
13318,0.0006537857142857056
13319,0.0006305357142857864
13320,0.0005996785714285937
13321,0.000655821428571457
13322,0.0006661071428570864
13323,0.0006466071428571394
13324,0.0006454285714284985
13325,0.0006906428571428234
13326,0.000688607142857072
13327,0.0006608571428570948
13328,0.0006596785714286061
13329,0.00065250000000004
13330,0.0006479999999999819
13331,0.0006786428571428209
13332,0.0006860357142857408
13333,0.0006789642857143516
13334,0.0006900000000000668
13335,0.0007079999999999943
13336,0.0006651428571427991
13337,0.0006418928571428799
13338,0.0006916071428571107
13339,0.000733285714285665
13340,0.0007386428571428333
13341,0.0007308214285713583
13342,0.0007249285714286101
13343,0.0007172142857143119
13344,0.0007024285714286244
13345,0.0006890357142857795
13346,0.0006877499999999616
13347,0.0007014642857143371
13348,0.0006748928571428487
13349,0.0006564642857142136
13350,0.0006645000000000424
13351,0.0006517499999999541
13352,0.000649714285714355
13353,0.0006541071428570839
13354,0.0006529285714285952
13355,0.0006536785714285287
13356,0.000649714285714355
13357,0.0006466071428571394
13358,0.0006308571428571648
13359,0.0006297857142857006
13360,0.0006362142857143331
13361,0.0006460714285714074
13362,0.0006549642857143466
13363,0.0006498214285713796
13364,0.000663642857142932
13365,0.0007207499999999304
13366,0.0008116071428571355
13367,0.0009419999999999667
13368,0.00105675
13369,0.0011879999999999415
13370,0.0013053214285714582
13371,0.0013767857142857412
13372,0.001440321428571372
13373,0.001349571428571496
13374,0.0010278214285713817
13375,0.0006710357142856997
13376,0.00044496428571422697
13377,0.0003799285714285767
13378,0.00039385714285715374
13379,0.0003699642857143256
13380,0.0003491785714285608
13381,0.0003967500000000155
13382,0.0004606071428571771
13383,0.0005233928571428745
13384,0.0005870357142856822
13385,0.0006366428571428883
13386,0.0006436071428571007
13387,0.0006816428571428596
13388,0.0007097142857142152
13389,0.0006964285714285471
13390,0.0006963214285713702
13391,0.0007248214285714332
13392,0.0007372499999999908
13393,0.0007381071428571013
13394,0.0007389642857142117
13395,0.000757821428571402
13396,0.0007674642857142748
13397,0.0007654285714285233
13398,0.000775714285714305
13399,0.0007854642857143546
13400,0.0007897500000000589
13401,0.0007987500000000226
13402,0.0008199642857143427
13403,0.0007956428571428071
13404,0.0007798928571428324
13405,0.0007845000000000673
13406,0.0008073214285714312
13407,0.0008086071428570968
13408,0.0008150357142857294
13409,0.0008332500000000107
13410,0.0008484642857142534
13411,0.0008606785714286096
13412,0.0008726785714286121
13413,0.000874928571428565
13414,0.0008927142857142912
13415,0.0009127499999999701
13416,0.000929035714285677
13417,0.0008974285714285507
13418,0.0008827500000000401
13419,0.0009310714285714283
13420,0.0009641785714285739
13421,0.0009500357142856432
13422,0.0009477857142856903
13423,0.0009721071428570737
13424,0.0010182857142856858
13425,0.0010463571428571937
13426,0.001032749999999995
13427,0.0010507500000000748
13428,0.0010521428571429172
13429,0.0010308214285714204
13430,0.001038964285714274
13431,0.00105996428571424
13432,0.0010542857142856934
13433,0.0010597500000000387
13434,0.001044428571428619
13435,0.0010261071428571608
13436,0.0009962142857142555
13437,0.0009851785714285403
13438,0.0010497857142857875
13439,0.0010344642857142159
13440,0.000990857142857087
13441,0.0009748928571429109
13442,0.0009692142857142118
13443,0.0009380357142856408
13444,0.000905571428571404
13445,0.0008738571428571008
13446,0.0008686071428571093
13447,0.0008872499999999458
13448,0.0008451428571428364
13449,0.0008195357142857875
13450,0.0008178214285714144
13451,0.0008277857142856655
13452,0.0007993928571429316
13453,0.0007262142857142757
13454,0.0007193571428570879
13455,0.0007496785714285486
13456,0.0007424999999999824
13457,0.0007169999999999581
13458,0.0006681428571428378
13459,0.0006592500000000509
13460,0.0006968571428571023
13461,0.0006662142857142633
13462,0.0006278571428571261
13463,0.0006559285714286339
13464,0.0006856071428571856
13465,0.0006811071428571275
13466,0.0006536785714285287
13467,0.0006506785714286423
13468,0.0006569999999999457
13469,0.0006663214285714402
13470,0.0006714642857142549
13471,0.000655821428571457
13472,0.0006560357142856584
13473,0.0006949285714285277
13474,0.0006837857142857879
13475,0.0006702857142857661
13476,0.0006778928571428874
13477,0.0006656785714285312
13478,0.0006214285714286458
13479,0.0006402857142856838
13480,0.0006788571428571747
13481,0.0006515357142857527
13482,0.0006431785714285455
13483,0.0006731785714286279
13484,0.0006857142857142102
13485,0.0007025357142856491
13486,0.0006800357142856634
13487,0.0006848571428570998
13488,0.0007133571428571628
13489,0.0006959999999999919
13490,0.000690964285714354
13491,0.0006914999999999338
13492,0.0006873214285714064
13493,0.0006983571428571216
13494,0.0007036071428571132
13495,0.0006881785714285168
13496,0.0006721071428571637
13497,0.0006710357142856997
13498,0.0006950357142857046
13499,0.0007111071428572099
13500,0.0006765000000000449
13501,0.0006811071428571275
13502,0.0006996428571427872
13503,0.0006757499999999592
13504,0.0006687857142857467
13505,0.0006873214285714064
13506,0.0006987857142856768
13507,0.0006873214285714064
13508,0.0006639642857143104
13509,0.0006765000000000449
13510,0.0006808928571429261
13511,0.0006922500000000197
13512,0.000733285714285665
13513,0.00074667857142851
13514,0.0007006071428570745
13515,0.0006873214285714064
13516,0.0007103571428571241
13517,0.0007239642857143228
13518,0.0007148571428571821
13519,0.0007453928571428443
13520,0.0007529999999999656
13521,0.0007524642857142335
13522,0.0007269642857143614
13523,0.0006973928571428344
13524,0.0007283571428572039
13525,0.0007273928571429166
13526,0.000686464285714296
13527,0.0007202142857143506
13528,0.0007839642857143352
13529,0.0007801071428571861
13530,0.0007659642857142554
13531,0.000732214285714353
13532,0.0007475357142857726
13533,0.000755035714285717
13534,0.0007255714285713667
13535,0.0007042500000000221
13536,0.0007161428571428477
13537,0.0006957857142857904
13538,0.0006896785714285362
13539,0.0006966428571429008
13540,0.0006816428571428596
13541,0.0006756428571427823
13542,0.0006722142857143406
13543,0.0006829285714285252
13544,0.0007134642857143397
13545,0.0006847500000000752
13546,0.0006739285714285614
13547,0.0006946071428571494
13548,0.0006957857142857904
13549,0.000655178571428548
13550,0.0006588214285714956
13551,0.0007213928571428393
13552,0.0007864285714286419
13553,0.0008584285714285045
13554,0.0009600000000000465
13555,0.001080642857142828
13556,0.0011674285714285304
13557,0.001267071428571498
13558,0.0013637142857142745
13559,0.001399607142857105
13560,0.001327071428571358
13561,0.0010736785714286156
13562,0.0007268571428571847
13563,0.0005215714285714768
13564,0.00043992857142858915
13565,0.00040875000000001804
13566,0.00040392857142858166
13567,0.0004007142857143415
13568,0.0004576071428571384
13569,0.0004783928571429032
13570,0.0005107499999999631
13571,0.0005686071428571994
13572,0.0006272142857142171
13573,0.0006903214285714451
13574,0.0007103571428571241
13575,0.0007044642857142236
13576,0.0007247142857142563
13577,0.0007527857142857642
13578,0.0007600714285713549
13579,0.0007737857142857304
13580,0.0007664999999999875
13581,0.0007780714285714347
13582,0.0007920000000000118
13583,0.0008449285714286349
13584,0.000857678571428571
13585,0.000822428571428497
13586,0.000806357142857144
13587,0.0008101071428571162
13588,0.0008164285714285719
13589,0.0008008928571427987
13590,0.0008155714285714615
13591,0.0008095714285713841
13592,0.0008214642857142097
13593,0.0008919642857143576
13594,0.0008971071428571723
13595,0.0008836071428571505
13596,0.0008973214285713738
13597,0.0008960357142857082
13598,0.000892285714285736
13599,0.0008980714285714595
13600,0.0008967857142856417
13601,0.0009010714285714982
13602,0.0009092142857143517
13603,0.0009179999999999617
13604,0.0009376071428570856
13605,0.0009312857142857821
13606,0.0009308571428570746
13607,0.0009567857142856541
13608,0.0009965357142857861
13609,0.0010002857142857582
13610,0.0010102500000000094
13611,0.0010265357142857162
13612,0.0010574999999999335
13613,0.0010702500000000217
13614,0.0010602857142857707
13615,0.001074107142857171
13616,0.0010670357142857816
13617,0.0010619999999999916
13618,0.0010782857142856983
13619,0.0010608214285715027
13620,0.0011005714285714824
13621,0.0011110714285714656
13622,0.0010652142857142317
13623,0.0010459285714286386
13624,0.0010463571428571937
13625,0.0010244999999999647
13626,0.0009984642857143607
13627,0.0009882857142857557
13628,0.000998678571428562
13629,0.0009933214285713936
13630,0.0009820714285714769
13631,0.0009559285714285437
13632,0.0009312857142857821
13633,0.0009158571428571857
13634,0.0008686071428571093
13635,0.0008249999999999805
13636,0.0008056071428572104
13637,0.0007862142857142881
13638,0.0007698214285714045
13639,0.0007852500000000008
13640,0.0008101071428571162
13641,0.0007874999999999537
13642,0.0007277142857142951
13643,0.0006912857142857324
13644,0.000717107142857135
13645,0.0007127142857142538
13646,0.000699857142857141
13647,0.0007120714285714972
13648,0.0006910714285713786
13649,0.0006792857142857299
13650,0.0006728571428570973
13651,0.0006741428571429152
13652,0.0006741428571429152
13653,0.0006746785714286473
13654,0.0006971785714286328
13655,0.0007211785714286379
13656,0.0007017857142857156
13657,0.0006529285714285952
13658,0.0006532499999999735
13659,0.0006683571428571915
13660,0.0006520714285714848
13661,0.0006517499999999541
13662,0.0006483214285713602
13663,0.0006019285714285466
13664,0.0006002142857143257
13665,0.000611142857142864
13666,0.0006034285714285659
13667,0.0005720357142856411
13668,0.0005762142857143207
13669,0.0006062142857142509
13670,0.0006199285714286264
13671,0.0006229285714285128
13672,0.0006348214285714907
13673,0.000611785714285773
13674,0.0005870357142856822
13675,0.0006127500000000603
13676,0.0006623571428571142
13677,0.0006527142857142414
13678,0.0006527142857142414
13679,0.0006527142857142414
13680,0.0006252857142856426
13681,0.000601178571428613
13682,0.0006364285714285347
13683,0.0006714642857142549
13684,0.000627964285714303
13685,0.0005902500000000747
13686,0.0006048214285714084
13687,0.0006429642857143441
13688,0.0006487500000000678
13689,0.0006689999999999482
13690,0.0006582857142857636
13691,0.0006610714285714486
13692,0.000658607142857142
13693,0.0006486428571428909
13694,0.0006395357142857502
13695,0.000617892857142875
13696,0.0005953928571428894
13697,0.0006108214285714857
13698,0.0006584999999999651
13699,0.0006625714285714678
13700,0.0006679285714286363
13701,0.0006851785714286304
13702,0.0006599999999999844
13703,0.0006647142857142439
13704,0.0007103571428571241
13705,0.0006973928571428344
13706,0.0006722142857143406
13707,0.0006578571428572083
13708,0.0006634285714285783
13709,0.0007093928571428368
13710,0.0007095000000000137
13711,0.0007101428571429226
13712,0.0007120714285714972
13713,0.0006691071428571251
13714,0.0006947142857143263
13715,0.0007225714285714804
13716,0.0006880714285714922
13717,0.0006861428571429177
13718,0.0006723214285713653
13719,0.000627964285714303
13720,0.0006338571428572034
13721,0.0006700714285714124
13722,0.0006793928571429068
13723,0.0006556071428571032
13724,0.0006487500000000678
13725,0.0006594642857142523
13726,0.0006382499999999324
13727,0.0006463928571427858
13728,0.0006459642857142306
13729,0.0006464999999999625
13730,0.0006326785714285625
13731,0.0006237857142857755
13732,0.0006237857142857755
13733,0.0006683571428571915
13734,0.0006747857142856719
13735,0.0006627857142856694
13736,0.0006983571428571216
13737,0.0007615714285713742
13738,0.0008456785714285685
13739,0.00097692857142851
13740,0.0010976785714286207
13741,0.0011911071428571572
13742,0.001323857142857118
13743,0.0013910357142856964
13744,0.0013546071428571338
13745,0.0011897142857143145
13746,0.0008702142857143055
13747,0.0005976428571428423
13748,0.00044882142857137605
13749,0.00039289285714286644
13750,0.0003703928571428808
13751,0.0003706071428570823
13752,0.0003668571428571101
13753,0.00041464285714291855
13754,0.0004776428571428174
13755,0.000535928571428609
13756,0.0005894999999999888
13757,0.0006095357142856679
13758,0.0006356785714286011
13759,0.0006890357142857795
13760,0.0006772499999999784
13761,0.0006699642857142355
13762,0.0007225714285714804
13763,0.0007386428571428333
13764,0.0007245000000000549
13765,0.000723214285714237
13766,0.0007539642857142529
13767,0.0007670357142857196
13768,0.0007573928571428468
13769,0.0007608214285714407
13770,0.000771749999999979
13771,0.000782357142857139
13772,0.0008056071428572104
13773,0.0007996071428571331
13774,0.0007517142857143
13775,0.0007557857142856505
13776,0.0008041071428571911
13777,0.0008061428571427903
13778,0.0008033571428571053
13779,0.0008139642857142653
13780,0.0008420357142857731
13781,0.0008706428571428607
13782,0.0008590714285714135
13783,0.0008616428571428969
13784,0.0008665714285713579
13785,0.0008559642857143501
13786,0.0008406428571429306
13787,0.0008741785714286315
13788,0.0009214285714285556
13789,0.0009530357142856819
13790,0.0009470357142857568
13791,0.0009274285714286329
13792,0.0009284999999999449
13793,0.0009615000000000659
13794,0.000988821428571488
13795,0.0009881785714285789
13796,0.001001571428571424
13797,0.0010133571428570726
13798,0.0010107857142857414
13799,0.0009939642857143027
13800,0.0010090714285713683
13801,0.0010369285714285225
13802,0.0010417499999999587
13803,0.0010313571428571524
13804,0.0010480714285714145
13805,0.001040035714285738
13806,0.0010376785714286082
13807,0.0010615714285714362
13808,0.001047857142857213
13809,0.0010171071428571972
13810,0.0009890357142856893
13811,0.0009889285714285124
13812,0.0009788571428570845
13813,0.0009366428571427983
13814,0.0009183214285714924
13815,0.0009283928571429202
13816,0.0009092142857143517
13817,0.0008619642857142753
13818,0.0008267142857143536
13819,0.0008023928571428181
13820,0.0008111785714285803
13821,0.0008087142857142737
13822,0.0007921071428571887
13823,0.0007539642857142529
13824,0.0007314642857142673
13825,0.0007111071428572099
13826,0.0007007142857142514
13827,0.0006819642857142379
13828,0.000644571428571388
13829,0.0006500357142857333
13830,0.0006784285714286195
13831,0.0006550714285713712
13832,0.0006369642857142668
13833,0.0006196071428570958
13834,0.0006388928571428412
13835,0.0006481071428571588
13836,0.0006163928571428556
13837,0.0006342857142857586
13838,0.00066128571428565
13839,0.0006594642857142523
13840,0.0006460714285714074
13841,0.0006316071428570983
13842,0.0006028928571428338
13843,0.0006041785714284994
13844,0.0006175714285714967
13845,0.0006386785714286398
13846,0.000655821428571457
13847,0.000632357142857184
13848,0.0006458571428572059
13849,0.0006470357142856946
13850,0.000630642857142811
13851,0.0006278571428571261
13852,0.0006202500000000047
13853,0.0006133928571428169
13854,0.0006350357142856922
13855,0.00067371428571436
13856,0.0006759642857143128
13857,0.0006516428571429296
13858,0.0006418928571428799
13859,0.00063128571428572
13860,0.0006121071428571513
13861,0.000635142857142869
13862,0.0006630000000000231
13863,0.0006717857142857854
13864,0.0006521785714285093
13865,0.0006296785714285237
13866,0.0006243214285713553
13867,0.0006475714285714267
13868,0.0006809999999999507
13869,0.0006593571428570755
13870,0.0006505714285714654
13871,0.0006589285714285203
13872,0.000647892857142805
13873,0.0006453214285714738
13874,0.0006542142857142608
13875,0.0006449999999999433
13876,0.0006625714285714678
13877,0.0006741428571429152
13878,0.0006640714285714872
13879,0.0006403928571428606
13880,0.00067371428571436
13881,0.0006900000000000668
13882,0.0006405000000000375
13883,0.0006316071428570983
13884,0.0006605357142857165
13885,0.0006784285714286195
13886,0.0006794999999999314
13887,0.0006665357142856416
13888,0.0006472500000000484
13889,0.0006364285714285347
13890,0.0006511071428571975
13891,0.0006717857142857854
13892,0.0006728571428570973
13893,0.0006966428571429008
13894,0.0007226785714285049
13895,0.0007023214285714475
13896,0.000673071428571451
13897,0.0006766071428570696
13898,0.0007186071428571544
13899,0.0007069285714285303
13900,0.0007223571428571266
13901,0.0007331785714286403
13902,0.0006928928571429285
13903,0.0007136785714285411
13904,0.0007227857142856818
13905,0.0007016785714285387
13906,0.0006980357142857432
13907,0.0006564642857142136
13908,0.0006150000000000132
13909,0.0006393214285713965
13910,0.0006545357142856391
13911,0.0006393214285713965
13912,0.0006624642857142911
13913,0.0007010357142857819
13914,0.0006747857142856719
13915,0.0006229285714285128
13916,0.0006163928571428556
13917,0.0006258214285713746
13918,0.0006682500000000146
13919,0.0006637499999999567
13920,0.0006447857142857418
13921,0.000647892857142805
13922,0.0006354642857142474
13923,0.0006144642857142811
13924,0.0006352500000000459
13925,0.0007347857142856843
13926,0.000824250000000047
13927,0.0009064285714285145
13928,0.001056642857142823
13929,0.0012258214285714988
13930,0.001324285714285673
13931,0.0013944642857142903
13932,0.001449857142857068
13933,0.0013853571428571498
13934,0.001126392857142885
13935,0.0007900714285714372
13936,0.0005457857142856832
13937,0.00043896428571430185
13938,0.0004248214285713711
13939,0.0003825000000000602
13940,0.00034682142857143103
13941,0.00039867857142859007
13942,0.0004843928571428283
13943,0.0005109642857143167
13944,0.0005518928571427851
13945,0.0006071785714285382
13946,0.0006571071428571226
13947,0.0006377142857143525
13948,0.000641249999999971
13949,0.0006939642857142405
13950,0.0007169999999999581
13951,0.0006967499999999254
13952,0.0007018928571428923
13953,0.0007266428571428309
13954,0.0007337142857142202
13955,0.0007310357142857121
13956,0.0007010357142857819
13957,0.0006946071428571494
13958,0.000736607142857082
13959,0.0007647857142857666
13960,0.0007533214285714962
13961,0.0007728214285714431
13962,0.0007876071428571306
13963,0.0007836428571428046
13964,0.0007845000000000673
13965,0.0007809642857142965
13966,0.0007802142857142107
13967,0.000792428571428567
13968,0.0007933928571428543
13969,0.0008050714285714784
13970,0.0008053928571428567
13971,0.0007972500000000034
13972,0.0008116071428571355
13973,0.0008471785714285878
13974,0.000892285714285736
13975,0.0008765357142857612
13976,0.0008830714285714184
13977,0.0008661428571428027
13978,0.0008697857142857503
13979,0.0008989285714285699
13980,0.0009172500000000282
13981,0.0009291428571428538
13982,0.0009336428571429118
13983,0.0009779999999999741
13984,0.0010241785714285865
13985,0.0010070357142857693
13986,0.0009834642857143195
13987,0.000988714285714311
13988,0.0010235357142856774
13989,0.0010280357142857354
13990,0.0010334999999999286
13991,0.0010116428571428518
13992,0.0009820714285714769
13993,0.0010263214285713624
13994,0.0010471071428571272
13995,0.0009947142857142362
13996,0.0009607499999999801
13997,0.000978107142857151
13998,0.0009955714285714988
13999,0.0009891428571428662
14000,0.0009473571428571351
14001,0.0008911071428570949
14002,0.000905035714285672
14003,0.000912214285714238
14004,0.0009265714285713703
14005,0.0009162857142857409
14006,0.0008722500000000569
14007,0.0008358214285714942
14008,0.0008017500000000613
14009,0.000776250000000037
14010,0.0007591071428570676
14011,0.0007108928571428562
14012,0.000665249999999976
14013,0.0007012499999999835
14014,0.0007067142857143287
14015,0.000668035714285661
14016,0.0006687857142857467
14017,0.000676392857142868
14018,0.0006565714285713905
14019,0.0006481071428571588
14020,0.0006277499999999492
14021,0.00061510714285719
14022,0.0006229285714285128
14023,0.0006050357142857621
14024,0.0006112500000000409
14025,0.0006280714285714797
14026,0.0006158571428571235
14027,0.0005777142857143401
14028,0.0005598214285714371
14029,0.000580500000000025
14030,0.0006096428571428447
14031,0.0006202500000000047
14032,0.0006096428571428447
14033,0.0006275357142857478
14034,0.0006166071428572094
14035,0.0005914285714285634
14036,0.0006062142857142509
14037,0.0006449999999999433
14038,0.0006448928571429186
14039,0.0006224999999999576
14040,0.0006201428571428279
14041,0.0006202500000000047
14042,0.0006238928571428001
14043,0.0006268928571428388
14044,0.000630642857142811
14045,0.0006426428571428134
14046,0.0006174642857143198
14047,0.0006007500000000578
14048,0.0006063214285714277
14049,0.0006066428571428061
14050,0.0006275357142857478
14051,0.0006467142857143163
14052,0.0006076071428570933
14053,0.0005855357142856629
14054,0.0006311785714285431
14055,0.0006291428571427917
14056,0.0006003214285715026
14057,0.0006165000000000325
14058,0.000620035714285651
14059,0.0006095357142856679
14060,0.0006180000000000519
14061,0.0006238928571428001
14062,0.0006182142857142533
14063,0.0006103928571429305
14064,0.0005981785714285743
14065,0.0006155357142857452
14066,0.0006327857142857392
14067,0.0006511071428571975
14068,0.000658607142857142
14069,0.0006531428571427966
14070,0.0006421071428570815
14071,0.0005941071428570715
14072,0.0005809285714285802
14073,0.000623999999999977
14074,0.0006186428571428085
14075,0.0006292499999999685
14076,0.0006274285714285709
14077,0.0006072857142857149
14078,0.0006129642857142617
14079,0.0006192857142857175
14080,0.0006292499999999685
14081,0.0006446785714285649
14082,0.0006634285714285783
14083,0.000651857142857131
14084,0.0006289285714285902
14085,0.0006085714285713806
14086,0.0006087857142857343
14087,0.0006270000000000157
14088,0.0006505714285714654
14089,0.000690964285714354
14090,0.0006975000000000113
14091,0.0006474642857142498
14092,0.0006387857142856644
14093,0.0006498214285713796
14094,0.0006623571428571142
14095,0.0006826071428571469
14096,0.00070928571428566
14097,0.0007132499999999859
14098,0.0006755357142857576
14099,0.0006423214285714351
14100,0.0006520714285714848
14101,0.0006343928571427832
14102,0.0006268928571428388
14103,0.0006420000000000568
14104,0.0006319285714286288
14105,0.0006451071428571201
14106,0.0006428571428571672
14107,0.0006490714285714461
14108,0.000665892857142885
14109,0.0006176785714285212
14110,0.0005744999999999477
14111,0.0005778214285713647
14112,0.000625178571428618
14113,0.0006560357142856584
14114,0.0006307499999999879
14115,0.0006271071428571926
14116,0.0006355714285714243
14117,0.0005937857142856932
14118,0.0005827499999999779
14119,0.0006021428571429002
14120,0.0006229285714285128
14121,0.0006641785714285119
14122,0.0007886785714285948
14123,0.0009105000000000173
14124,0.001085250000000063
14125,0.0012607500000000422
14126,0.0013738928571428793
14127,0.001454785714285681
14128,0.0014656071428571949
14129,0.0013808571428570917
14130,0.0011228571428571143
14131,0.0007430357142857145
14132,0.0005016428571428224
14133,0.00043907142857147873
14134,0.0003919285714285792
14135,0.0003120000000000646
14136,0.00031317857142855335
14137,0.00039846428571423635
14138,0.0004668214285714559
14139,0.0005416071428571557
14140,0.0005882142857143233
14141,0.0005964642857143535
14142,0.0005922857142856738
14143,0.0006126428571428834
14144,0.0006469285714285177
14145,0.000665892857142885
14146,0.0006529285714285952
14147,0.0006617142857143575
14148,0.0006656785714285312
14149,0.0006553928571429018
14150,0.0006828214285715007
14151,0.0007277142857142951
14152,0.0007063928571427982
14153,0.000717750000000044
14154,0.0007427142857143362
14155,0.0007446428571429108
14156,0.0007189285714285327
14157,0.000733285714285665
14158,0.0007649999999999681
14159,0.0007594285714285982
14160,0.0007326428571429082
14161,0.0007378928571428998
14162,0.0007774285714285257
14163,0.0008094642857143596
14164,0.0007901785714286141
14165,0.0007577142857142251
14166,0.0007737857142857304
14167,0.0007938214285714095
14168,0.0008016428571428845
14169,0.0008200714285713673
14170,0.0008455714285713916
14171,0.000843642857142817
14172,0.0008405357142857538
14173,0.0008667857142857116
14174,0.000914035714285788
14175,0.0009199285714285363
14176,0.0009003214285714125
14177,0.0008954999999999761
14178,0.0008839285714285288
14179,0.0009171428571428513
14180,0.0009566785714286295
14181,0.000944142857142895
14182,0.0009690000000000103
14183,0.0010083214285714348
14184,0.0010128214285714929
14185,0.000990321428571355
14186,0.0009897857142857752
14187,0.0010063928571428602
14188,0.000995892857142877
14189,0.000970285714285676
14190,0.0009829285714285873
14191,0.0010191428571427962
14192,0.0010194642857143269
14193,0.0010296428571429316
14194,0.001018821428571418
14195,0.0009508928571429059
14196,0.0009120000000000366
14197,0.0009127499999999701
14198,0.0009176785714285834
14199,0.0008952857142857746
14200,0.0008806071428571118
14201,0.0008496428571428944
14202,0.0008282142857142207
14203,0.0007912499999999259
14204,0.0007796785714286309
14205,0.0007868571428571971
14206,0.0007698214285714045
14207,0.0007391785714285654
14208,0.0007199999999999968
14209,0.0006855000000000087
14210,0.0006701785714285892
14211,0.0006556071428571032
14212,0.0006361071428571563
14213,0.00060450000000003
14214,0.0005897142857143426
14215,0.0006065357142857814
14216,0.0005949642857143342
14217,0.000611785714285773
14218,0.0006118928571427977
14219,0.0006014999999999914
14220,0.0005987142857143064
14221,0.0006113571428572178
14222,0.0006057857142856957
14223,0.0006232500000000434
14224,0.0005957142857142677
14225,0.0005661428571428929
14226,0.0005797499999999393
14227,0.0005764285714285223
14228,0.0005971071428571102
14229,0.0006089999999999358
14230,0.0005918571428571186
14231,0.0006167142857142339
14232,0.0006177857142856981
14233,0.0006058928571428725
14234,0.0006058928571428725
14235,0.0006003214285715026
14236,0.000603321428571389
14237,0.0005959285714286215
14238,0.0006036428571429196
14239,0.0006221785714285793
14240,0.0006207857142857368
14241,0.0006123214285713529
14242,0.0006369642857142668
14243,0.0006162857142856787
14244,0.0005583214285714178
14245,0.0005720357142856411
14246,0.0006206785714285599
14247,0.000641249999999971
14248,0.0006423214285714351
14249,0.0006146785714286348
14250,0.0006091071428571126
14251,0.0006053571428571404
14252,0.0005989285714285079
14253,0.0006113571428572178
14254,0.000625178571428618
14255,0.0006181071428570764
14256,0.0006116785714285961
14257,0.0006304285714286096
14258,0.0006347142857143138
14259,0.0006336428571428497
14260,0.0006248571428570874
14261,0.0006136071428571707
14262,0.0006097500000000216
14263,0.000630642857142811
14264,0.0006540000000000593
14265,0.0006427499999999903
14266,0.0006201428571428279
14267,0.0005874642857142374
14268,0.0006041785714284994
14269,0.0006506785714286423
14270,0.0006548571428571697
14271,0.0006060000000000493
14272,0.0005964642857143535
14273,0.0006014999999999914
14274,0.0006221785714285793
14275,0.0006318214285714521
14276,0.0006332142857142945
14277,0.0006313928571428968
14278,0.0006220714285714024
14279,0.0006184285714286071
14280,0.0006318214285714521
14281,0.000627964285714303
14282,0.0006288214285714133
14283,0.0006344999999999601
14284,0.0006347142857143138
14285,0.0006382499999999324
14286,0.0006196071428570958
14287,0.0006289285714285902
14288,0.0006315000000000736
14289,0.0006062142857142509
14290,0.0006441428571428328
14291,0.0006610714285714486
14292,0.0006692142857143019
14293,0.0006744642857142935
14294,0.0006508928571428437
14295,0.0006475714285714267
14296,0.0006627857142856694
14297,0.0006888214285714258
14298,0.0006969642857142792
14299,0.0007022142857142708
14300,0.0007299642857142479
14301,0.0007335000000000186
14302,0.0006938571428572158
14303,0.0006979285714285665
14304,0.0007228928571428587
14305,0.0006954642857142598
14306,0.00065250000000004
14307,0.0006342857142857586
14308,0.0006004285714285272
14309,0.0006229285714285128
14310,0.0006564642857142136
14311,0.0006581785714285868
14312,0.0006344999999999601
14313,0.0006259285714285515
14314,0.0006213214285714689
14315,0.0006071785714285382
14316,0.0006270000000000157
14317,0.0006699642857142355
14318,0.0006822857142857686
14319,0.0006541071428570839
14320,0.000630642857142811
14321,0.000623999999999977
14322,0.0006253928571428194
14323,0.0006163928571428556
14324,0.0006409285714285927
14325,0.0006837857142857879
14326,0.0007549285714285402
14327,0.0008821071428571311
14328,0.0010359642857142352
14329,0.0012103928571429025
14330,0.0013906071428571413
14331,0.001472785714285761
14332,0.001509428571428525
14333,0.0014617500000000457
14334,0.0012523928571428352
14335,0.0009437142857143398
14336,0.0006237857142857755
14337,0.0004778571428571711
14338,0.0004425000000000726
14339,0.00037960714285719836
14340,0.0003573214285714142
14341,0.0004074642857143524
14342,0.0004550357142856549
14343,0.0005302500000000622
14344,0.0005622857142857438
14345,0.0005963571428571767
14346,0.0006526071428572169
14347,0.0006855000000000087
14348,0.0006990000000000305
14349,0.0007012499999999835
14350,0.0006815357142856827
14351,0.000663642857142932
14352,0.0006955714285714367
14353,0.0007063928571427982
14354,0.0007132499999999859
14355,0.0007506428571428358
14356,0.0007356428571427947
14357,0.0007309285714285352
14358,0.0007470000000000405
14359,0.0007280357142856734
14360,0.0007296428571428696
14361,0.000748392857142883
14362,0.0007622142857142832
14363,0.0007791428571428989
14364,0.0007846071428570919
14365,0.0007833214285714263
14366,0.0007743214285714625
14367,0.0007793571428571003
14368,0.0007791428571428989
14369,0.0007801071428571861
14370,0.0008120357142856907
14371,0.0008413928571428641
14372,0.0008598214285714992
14373,0.0008703214285714824
14374,0.0008604642857142559
14375,0.0009010714285714982
14376,0.0009112499999999508
14377,0.0008912142857142718
14378,0.0008802857142857334
14379,0.000912214285714238
14380,0.0009103928571428404
14381,0.0009188571428570721
14382,0.000974785714285734
14383,0.0009678214285713694
14384,0.0009371785714285304
14385,0.0009402857142857459
14386,0.0009845357142857837
14387,0.0010224642857142134
14388,0.0010403571428571163
14389,0.0010236428571428543
14390,0.0010224642857142134
14391,0.0010336071428571055
14392,0.0010625357142857235
14393,0.0010780714285714968
14394,0.0010531071428572045
14395,0.0010592142857143065
14396,0.001040678571428647
14397,0.0010387500000000724
14398,0.0010248214285714953
14399,0.0009874285714286453
14400,0.0009724285714286042
14401,0.0009784285714285294
14402,0.0009609642857143338
14403,0.0009546428571428781
14404,0.0009316071428571604
14405,0.0008979642857142828
14406,0.0008701071428571286
14407,0.0008327142857142788
14408,0.0008413928571428641
14409,0.0008372142857143367
14410,0.0008067857142856992
14411,0.0007824642857143159
14412,0.0007553571428570953
14413,0.0007061785714285966
14414,0.0006953571428570829
14415,0.0006934285714285084
14416,0.0006458571428572059
14417,0.0006211071428571151
14418,0.0006426428571428134
14419,0.0006517499999999541
14420,0.0006755357142857576
14421,0.0006959999999999919
14422,0.0006889285714286026
14423,0.0006622499999999373
14424,0.0006564642857142136
14425,0.0006605357142857165
14426,0.0006468214285714932
14427,0.0006196071428570958
14428,0.0006055714285714941
14429,0.0006163928571428556
14430,0.0006252857142856426
14431,0.0006405000000000375
14432,0.0006528214285714183
14433,0.0006390000000000181
14434,0.0006420000000000568
14435,0.0006727500000000727
14436,0.0006704999999999676
14437,0.0006442500000000097
14438,0.0006060000000000493
14439,0.0006206785714285599
14440,0.0006654642857143297
14441,0.0006735000000000062
14442,0.0006593571428570755
14443,0.0006595714285714292
14444,0.0006561428571428353
14445,0.0006258214285713746
14446,0.0006062142857142509
14447,0.0006262499999999298
14448,0.0006691071428571251
14449,0.000680357142857194
14450,0.0006727500000000727
14451,0.0006667499999999954
14452,0.0006576428571428547
14453,0.0006415714285715016
14454,0.0006374999999999987
14455,0.0006508928571428437
14456,0.0006773571428571553
14457,0.0006933214285714837
14458,0.0006961071428571688
14459,0.0006781071428570888
14460,0.0006757499999999592
14461,0.0006676071428571058
14462,0.0006462857142857611
14463,0.0006432857142857224
14464,0.0006645000000000424
14465,0.0006691071428571251
14466,0.0007032857142857348
14467,0.0007009285714286051
14468,0.0006778928571428874
14469,0.0006769285714286001
14470,0.0006645000000000424
14471,0.0006671785714285506
14472,0.0006826071428571469
14473,0.0006709285714285228
14474,0.000680357142857194
14475,0.0006982499999999448
14476,0.0007032857142857348
14477,0.0006868928571428512
14478,0.0006718928571428101
14479,0.0006444642857142112
14480,0.0006481071428571588
14481,0.000665249999999976
14482,0.0006775714285713568
14483,0.0006483214285713602
14484,0.0006490714285714461
14485,0.0006729642857142741
14486,0.0006830357142857021
14487,0.0006817500000000365
14488,0.0006984642857142985
14489,0.0007160357142856709
14490,0.0007021071428570939
14491,0.0006982499999999448
14492,0.0006671785714285506
14493,0.0006502499999999348
14494,0.0007042500000000221
14495,0.0007166785714285798
14496,0.0007015714285713618
14497,0.0007112142857142345
14498,0.0007303928571428031
14499,0.0007194642857142648
14500,0.0007205357142857289
14501,0.0007189285714285327
14502,0.0007133571428571628
14503,0.0007301785714286016
14504,0.0007766785714285922
14505,0.0007533214285714962
14506,0.0007572857142856699
14507,0.0007668214285713658
14508,0.0007597499999999765
14509,0.0007280357142856734
14510,0.0006973928571428344
14511,0.0006799285714286388
14512,0.0006887142857142489
14513,0.0006837857142857879
14514,0.0006837857142857879
14515,0.0006750000000000256
14516,0.0006426428571428134
14517,0.0006673928571429042
14518,0.0006821785714285917
14519,0.0006882857142856937
14520,0.0006768214285714232
14521,0.0006751071428572024
14522,0.0006807857142857492
14523,0.0006835714285714342
14524,0.0006902142857142682
14525,0.000689249999999981
14526,0.0006626785714286447
14527,0.0006640714285714872
14528,0.0007128214285714307
14529,0.0007922142857142132
14530,0.0008803928571429103
14531,0.000995357142857145
14532,0.0011683928571428177
14533,0.001330499999999952
14534,0.0014222142857142676
14535,0.0014783571428571309
14536,0.0015088928571427931
14537,0.0013568571428570868
14538,0.001012607142857139
14539,0.0006744642857142935
14540,0.00051589285714293
14541,0.0004719642857142706
14542,0.0004262142857142136
14543,0.00037435714285720677
14544,0.00038817857142860694
14545,0.00045300000000005573
14546,0.0005143928571429106
14547,0.0005768571428570775
14548,0.0006493928571428244
14549,0.0006696428571428571
14550,0.0006641785714285119
14551,0.0006997499999999641
14552,0.0007379999999999245
14553,0.0007625357142856615
14554,0.0007748571428571946
14555,0.0007733571428571752
14556,0.0007450714285714659
14557,0.0007536428571428746
14558,0.0007676785714286284
14559,0.0007723928571428879
14560,0.0007641428571428577
14561,0.0007791428571428989
14562,0.0007789285714285451
14563,0.0007847142857142688
14564,0.0007685357142857388
14565,0.0007735714285713767
14566,0.0008423571428571514
14567,0.0008630357142857393
14568,0.0008444999999999274
14569,0.000847607142857143
14570,0.0008650714285714908
14571,0.0008555357142856427
14572,0.0008705357142856838
14573,0.0008829642857142415
14574,0.0008708571428572144
14575,0.0008701071428571286
14576,0.0008739642857142777
14577,0.0009130714285715008
14578,0.0009205714285714452
14579,0.000916821428571473
14580,0.0009244285714285943
14581,0.0009387857142857265
14582,0.0009483214285714224
14583,0.000944142857142895
14584,0.0009658928571427948
14585,0.0009820714285714769
14586,0.000990321428571355
14587,0.001012178571428584
14588,0.001021607142857103
14589,0.001039928571428561
14590,0.001056107142857091
14591,0.0010495714285714338
14592,0.0010450714285713757
14593,0.001049999999999989
14594,0.0010597500000000387
14595,0.00106735714285716
14596,0.0010742142857143478
14597,0.0010719642857142425
14598,0.0010652142857142317
14599,0.0010644642857142981
14600,0.0010558928571428895
14601,0.001028249999999937
14602,0.0009951428571427913
14603,0.0010349999999999479
14604,0.001043357142857155
14605,0.0010356428571428567
14606,0.0009971785714285428
14607,0.0009639642857142203
14608,0.0009227142857142212
14609,0.000916821428571473
14610,0.0008833928571427967
14611,0.0008231785714285829
14612,0.0008501785714286265
14613,0.0008457857142857453
14614,0.0008179285714285913
14615,0.0007927499999999453
14616,0.0007907142857143461
14617,0.0007764642857142385
14618,0.0007622142857142832
14619,0.0007348928571428611
14620,0.0007061785714285966
14621,0.0006755357142857576
14622,0.0006301071428570789
14623,0.0006744642857142935
14624,0.0007111071428572099
14625,0.0006762857142856912
14626,0.0006626785714286447
14627,0.0006704999999999676
14628,0.0006874285714285833
14629,0.0006741428571429152
14630,0.0006477857142857805
14631,0.0006576428571428547
14632,0.0006782142857142657
14633,0.0006733928571428293
14634,0.0006434999999999239
14635,0.000635142857142869
14636,0.000692571428571398
14637,0.0006805714285713955
14638,0.0006489642857142692
14639,0.0006548571428571697
14640,0.000680357142857194
14641,0.0006928928571429285
14642,0.0006545357142856391
14643,0.0006359999999999795
14644,0.0006622499999999373
14645,0.000665892857142885
14646,0.0006582857142857636
14647,0.000685821428571387
14648,0.0006949285714285277
14649,0.0006797142857142851
14650,0.0006760714285714897
14651,0.0007081071428571712
14652,0.0006901071428570914
14653,0.0006599999999999844
14654,0.0006741428571429152
14655,0.0006876428571427847
14656,0.0007086428571429033
14657,0.0007120714285714972
14658,0.0006911785714285555
14659,0.0006845357142857215
14660,0.0006830357142857021
14661,0.0006936428571428621
14662,0.0006784285714286195
14663,0.0006828214285715007
14664,0.0006808928571429261
14665,0.0006745714285714704
14666,0.0006745714285714704
14667,0.000663642857142932
14668,0.0006696428571428571
14669,0.0006792857142857299
14670,0.0006894642857143347
14671,0.0006856071428571856
14672,0.0006742499999999398
14673,0.0006859285714285639
14674,0.0006979285714285665
14675,0.0007136785714285411
14676,0.0006672857142857273
14677,0.0006342857142857586
14678,0.0006455357142856753
14679,0.0006977142857142127
14680,0.0007142142857142732
14681,0.0006916071428571107
14682,0.0006788571428571747
14683,0.0006787499999999978
14684,0.0006711428571428765
14685,0.0007142142857142732
14686,0.0007183928571428006
14687,0.000687107142857205
14688,0.0007010357142857819
14689,0.0006981428571429201
14690,0.0006927857142857518
14691,0.0007368214285714357
14692,0.0007310357142857121
14693,0.0007025357142856491
14694,0.0007056428571428646
14695,0.0007072500000000608
14696,0.0006700714285714124
14697,0.0006645000000000424
14698,0.0007017857142857156
14699,0.0007479642857143278
14700,0.0007677857142856531
14701,0.0007361785714285268
14702,0.0007297500000000464
14703,0.0007446428571429108
14704,0.0007345714285714828
14705,0.0007501071428571038
14706,0.0007370357142857894
14707,0.0007239642857143228
14708,0.0007030714285713812
14709,0.0006576428571428547
14710,0.0006438214285714545
14711,0.0006745714285714704
14712,0.0006896785714285362
14713,0.0006963214285713702
14714,0.0006838928571428125
14715,0.0006912857142857324
14716,0.000688607142857072
14717,0.0006829285714285252
14718,0.0006823928571427931
14719,0.0006526071428572169
14720,0.000658607142857142
14721,0.000688607142857072
14722,0.0007071428571428839
14723,0.000679821428571462
14724,0.0006778928571428874
14725,0.0007061785714285966
14726,0.0007769999999999705
14727,0.0008579999999999493
14728,0.0009399642857142153
14729,0.0010844999999999772
14730,0.001193892857142842
14731,0.001276500000000017
14732,0.0013759285714286308
14733,0.0013960714285714865
14734,0.0012601071428571334
14735,0.00097692857142851
14736,0.0007045714285714005
14737,0.0005569285714285753
14738,0.0004596428571428898
14739,0.0004164642857143162
14740,0.0004211785714285757
14741,0.0003919285714285792
14742,0.00039803571428568115
14743,0.0004955357142857204
14744,0.0005666785714286248
14745,0.0005953928571428894
14746,0.0006609642857142717
14747,0.0006828214285715007
14748,0.0006710357142856997
14749,0.0006799285714286388
14750,0.0007189285714285327
14751,0.0007478571428571509
14752,0.0007388571428571871
14753,0.0007599642857143303
14754,0.0007649999999999681
14755,0.0007409999999999632
14756,0.0007386428571428333
14757,0.000755035714285717
14758,0.0007700357142857582
14759,0.0007774285714285257
14760,0.0007857857142857329
14761,0.0007976785714285586
14762,0.0008251071428571574
14763,0.0008284285714285744
14764,0.0007728214285714431
14765,0.000783000000000048
14766,0.0008501785714286265
14767,0.0008766428571427859
14768,0.0008592857142857671
14769,0.0008164285714285719
14770,0.0008264999999999999
14771,0.0008539285714285988
14772,0.0008659285714286012
14773,0.0008675357142856452
14774,0.0008711785714285928
14775,0.0008768571428571395
14776,0.0009098571428571083
14777,0.0009183214285714924
14778,0.000934071428571467
14779,0.0009169285714284975
14780,0.0009025714285713654
14781,0.0008972142857143491
14782,0.0009582857142856735
14783,0.00102996428571431
14784,0.0010225714285713903
14785,0.0009950357142857666
14786,0.00099492857142859
14787,0.00102492857142852
14788,0.0010497857142857875
14789,0.0010582500000000192
14790,0.0010457142857142848
14791,0.0010531071428572045
14792,0.001057285714285732
14793,0.0010630714285714557
14794,0.001047321428571481
14795,0.00105675
14796,0.0010481785714285914
14797,0.0010217142857142799
14798,0.0010197857142857053
14799,0.0010196785714285284
14800,0.0010285714285714676
14801,0.0010041428571429074
14802,0.0009455357142857374
14803,0.0009454285714285606
14804,0.0009463928571428478
14805,0.0009010714285714982
14806,0.0008679642857143526
14807,0.0008512499999999384
14808,0.0008339999999999443
14809,0.0008251071428571574
14810,0.000842571428571353
14811,0.0007893214285715036
14812,0.0007082142857143481
14813,0.0007100357142857458
14814,0.0007529999999999656
14815,0.0007592142857142445
14816,0.0007176428571428671
14817,0.0006949285714285277
14818,0.0006665357142856416
14819,0.0006768214285714232
14820,0.0006913928571429093
14821,0.0006617142857143575
14822,0.00062571428571435
14823,0.0006425357142857889
14824,0.0006540000000000593
14825,0.000648535714285714
14826,0.000659142857142874
14827,0.0006608571428570948
14828,0.0006395357142857502
14829,0.0006265714285714605
14830,0.0006692142857143019
14831,0.0006691071428571251
14832,0.0006487500000000678
14833,0.0006613928571428269
14834,0.0006319285714286288
14835,0.0006311785714285431
14836,0.0006541071428570839
14837,0.0006423214285714351
14838,0.0006387857142856644
14839,0.0006301071428570789
14840,0.0006291428571427917
14841,0.0006577500000000316
14842,0.0006611785714286255
14843,0.0006549642857143466
14844,0.0006726428571428958
14845,0.0006568928571429212
14846,0.0006468214285714932
14847,0.000666428571428617
14848,0.0006632142857142246
14849,0.0006415714285715016
14850,0.0006353571428570705
14851,0.0006428571428571672
14852,0.0006545357142856391
14853,0.0006877499999999616
14854,0.0006848571428570998
14855,0.0006687857142857467
14856,0.0006650357142857745
14857,0.000625178571428618
14858,0.0006184285714286071
14859,0.0006635357142857551
14860,0.0006842142857143431
14861,0.0007186071428571544
14862,0.0007028571428571796
14863,0.0006681428571428378
14864,0.0006761785714285144
14865,0.0006786428571428209
14866,0.0006761785714285144
14867,0.0006723214285713653
14868,0.0006674999999999289
14869,0.0006756428571427823
14870,0.0006707142857143213
14871,0.0006421071428570815
14872,0.0006502499999999348
14873,0.0006782142857142657
14874,0.0006792857142857299
14875,0.0006642857142856887
14876,0.0006577500000000316
14877,0.0006573214285714764
14878,0.0006553928571429018
14879,0.0006568928571429212
14880,0.0006557142857142801
14881,0.0006380357142857308
14882,0.0006642857142856887
14883,0.0006755357142857576
14884,0.0006872142857142295
14885,0.0007032857142857348
14886,0.0006633214285714015
14887,0.0006625714285714678
14888,0.0006604285714285396
14889,0.0006493928571428244
14890,0.0006891428571428041
14891,0.0007128214285714307
14892,0.0007240714285714996
14893,0.0007374642857143446
14894,0.0007228928571428587
14895,0.0006879642857143154
14896,0.0006927857142857518
14897,0.0007237499999999691
14898,0.0007459285714285763
14899,0.0007428214285713608
14900,0.0007212857142856624
14901,0.0007351071428572149
14902,0.0007365000000000573
14903,0.0007123928571428755
14904,0.0006931071428571301
14905,0.0006833571428570804
14906,0.0007196785714286185
14907,0.0006984642857142985
14908,0.0006566785714285674
14909,0.0006710357142856997
14910,0.0006772499999999784
14911,0.0006462857142857611
14912,0.0006781071428570888
14913,0.0006898928571428899
14914,0.0006674999999999289
14915,0.0006547499999999928
14916,0.000655178571428548
14917,0.0006696428571428571
14918,0.0006797142857142851
14919,0.0006584999999999651
14920,0.0006266785714286374
14921,0.000623999999999977
14922,0.0006596785714286061
14923,0.000673071428571451
14924,0.0007045714285714005
14925,0.0007876071428571306
14926,0.0008865000000000123
14927,0.0009996428571428493
14928,0.0011349642857142936
14929,0.001278642857142793
14930,0.001405285714285652
14931,0.0014570357142857863
14932,0.0014418214285713913
14933,0.0012837857142857598
14934,0.0009553928571428116
14935,0.0006128571428570848
14936,0.0004944642857142562
14937,0.0004647857142857045
14938,0.0004112142857143247
14939,0.00038314285714281685
14940,0.00041367857142863125
14941,0.0004749642857143093
14942,0.0005163214285714852
14943,0.0005711785714285307
14944,0.0006156428571429221
14945,0.0006406071428572143
14946,0.0006602142857143382
14947,0.0006804642857142187
14948,0.0007085357142857264
14949,0.0007254642857143422
14950,0.0006968571428571023
14951,0.0007016785714285387
14952,0.0007359642857143253
14953,0.000736607142857082
14954,0.0007442142857143556
14955,0.0007384285714286319
14956,0.0007096071428571906
14957,0.0007583571428571341
14958,0.0007950000000000504
14959,0.0007744285714286394
14960,0.0007616785714285511
14961,0.0007701428571427828
14962,0.0007608214285714407
14963,0.0007971428571428265
14964,0.000834214285714298
14965,0.0008304642857143258
14966,0.0008412857142856873
14967,0.000829178571428508
14968,0.0008182499999999696
14969,0.0008267142857143536
14970,0.000853714285714245
14971,0.0008638928571428498
14972,0.0008582142857143031
14973,0.0008764285714285843
14974,0.0008941071428571336
14975,0.0009046071428571167
14976,0.0009091071428571748
14977,0.0009089999999999979
14978,0.0009365357142857736
14979,0.0009427500000000525
14980,0.0009376071428570856
14981,0.0009516428571428394
14982,0.0009595714285714913
14983,0.0009681428571428999
14984,0.0010139999999999815
14985,0.0010058571428571282
14986,0.0010165714285714652
14987,0.001040035714285738
14988,0.0010471071428571272
14989,0.0010354285714285032
14990,0.0010563214285714449
14991,0.0010692857142857346
14992,0.001047321428571481
14993,0.0010442142857142653
14994,0.001065107142857207
14995,0.0010423928571428678
14996,0.0010136785714286033
14997,0.0010272857142856497
14998,0.0010359642857142352
14999,0.0010041428571429074
15000,0.0009963214285714323
15001,0.0009768214285714855
15002,0.0009470357142857568
15003,0.0009042857142857384
15004,0.0008769642857143164
15005,0.0008592857142857671
15006,0.0008466428571428557
15007,0.0008124642857142459
15008,0.0007557857142856505
15009,0.0007426071428571593
15010,0.0007967142857142713
15011,0.0007874999999999537
15012,0.0007566428571429133
15013,0.0007296428571428696
15014,0.0007008214285714283
15015,0.0006698571428572109
15016,0.000669750000000034
15017,0.0006455357142856753
15018,0.0006318214285714521
15019,0.0006577500000000316
15020,0.0006383571428571092
15021,0.0006689999999999482
15022,0.0006747857142856719
15023,0.0006449999999999433
15024,0.0006242142857143307
15025,0.0006219642857142255
15026,0.0006365357142857116
15027,0.0006307499999999879
15028,0.000620035714285651
15029,0.0006099642857142231
15030,0.000623999999999977
15031,0.0006146785714286348
15032,0.0006211071428571151
15033,0.0006580714285714099
15034,0.0006274285714285709
15035,0.0005875714285714143
15036,0.0006096428571428447
15037,0.0006242142857143307
15038,0.000628500000000035
15039,0.0006342857142857586
15040,0.0006162857142856787
15041,0.0006023571428571018
15042,0.0005900357142857209
15043,0.0005957142857142677
15044,0.0006408214285714158
15045,0.000666428571428617
15046,0.0006338571428572034
15047,0.0005860714285713949
15048,0.0006230357142856897
15049,0.0006752142857142271
15050,0.0006743571428571166
15051,0.0006560357142856584
15052,0.0006342857142857586
15053,0.0006504642857142885
15054,0.0006510000000000206
15055,0.0006349285714285153
15056,0.0006125357142857065
15057,0.0006256071428571732
15058,0.0006541071428570839
15059,0.0006498214285713796
15060,0.0006422142857142582
15061,0.0006166071428572094
15062,0.0006527142857142414
15063,0.0006939642857142405
15064,0.0006673928571429042
15065,0.000645750000000029
15066,0.0006470357142856946
15067,0.0006423214285714351
15068,0.000589928571428544
15069,0.0005888571428570799
15070,0.0006321428571428304
15071,0.0006333214285714713
15072,0.0006352500000000459
15073,0.0006631071428571999
15074,0.0006761785714285144
15075,0.0006526071428572169
15076,0.0006177857142856981
15077,0.0006133928571428169
15078,0.0006241071428571538
15079,0.0006278571428571261
15080,0.0006252857142856426
15081,0.0006261428571429053
15082,0.000629035714285767
15083,0.0006580714285714099
15084,0.0006472500000000484
15085,0.0006128571428570848
15086,0.0006430714285713687
15087,0.0006784285714286195
15088,0.0006650357142857745
15089,0.0006535714285715041
15090,0.0006374999999999987
15091,0.0006371785714286204
15092,0.0006286071428572118
15093,0.0006051428571427867
15094,0.0006230357142856897
15095,0.0006865714285714729
15096,0.0006802500000000171
15097,0.0006703928571427907
15098,0.000693750000000039
15099,0.0006747857142856719
15100,0.0006710357142856997
15101,0.0006863571428571191
15102,0.0006755357142857576
15103,0.0006661071428570864
15104,0.0007008214285714283
15105,0.0007281428571428503
15106,0.0007326428571429082
15107,0.0007039285714286438
15108,0.0006812142857143044
15109,0.0007042500000000221
15110,0.0007127142857142538
15111,0.0007179642857142454
15112,0.000671999999999987
15113,0.0006363214285713578
15114,0.0006499285714285565
15115,0.000657964285714233
15116,0.0006446785714285649
15117,0.0006230357142856897
15118,0.0006296785714285237
15119,0.0006576428571428547
15120,0.0006621428571429126
15121,0.0006557142857142801
15122,0.0006248571428570874
15123,0.0006185357142857839
15124,0.0006241071428571538
15125,0.0006305357142857864
15126,0.0006508928571428437
15127,0.0006486428571428909
15128,0.0006609642857142717
15129,0.0006800357142856634
15130,0.0006184285714286071
15131,0.0006526071428572169
15132,0.0007493571428571703
15133,0.0008420357142857731
15134,0.0009691071428571872
15135,0.0011109642857142887
15136,0.0012878571428571104
15137,0.0014126785714285717
15138,0.0014597142857142944
15139,0.0014566071428570788
15140,0.0013147499999999772
15141,0.0010309285714285973
15142,0.0006969642857142792
15143,0.000491357142857193
15144,0.0004354285714285311
15145,0.0004055357142857779
15146,0.0003454285714285886
15147,0.00033021428571434596
15148,0.00038871428571433903
15149,0.0004942500000000548
15150,0.0006021428571429002
15151,0.000629035714285767
15152,0.0006382499999999324
15153,0.0006466071428571394
15154,0.0006477857142857805
15155,0.0006547499999999928
15156,0.0006460714285714074
15157,0.0006354642857142474
15158,0.0007002857142856962
15159,0.0007273928571429166
15160,0.0007097142857142152
15161,0.000707035714285707
15162,0.000717750000000044
15163,0.0007144285714286269
15164,0.0007168928571427812
15165,0.0007699285714285813
15166,0.0007455000000000211
15167,0.000723214285714237
15168,0.0007577142857142251
15169,0.0007929642857142991
15170,0.000769607142857203
15171,0.0007732499999999983
15172,0.0008167499999999502
15173,0.0008319642857143451
15174,0.0007909285714285476
15175,0.0007597499999999765
15176,0.0007819285714285838
15177,0.0008161071428571936
15178,0.0008243571428570716
15179,0.0008266071428571768
15180,0.0008432142857142618
15181,0.0008536071428570681
15182,0.0008880000000000317
15183,0.0009074999999999785
15184,0.0008812500000000207
15185,0.0008840357142857057
15186,0.0009114642857143045
15187,0.0009138214285714343
15188,0.0009219642857142877
15189,0.0009447857142856516
15190,0.000974142857142825
15191,0.000980249999999927
15192,0.0009760714285713996
15193,0.0009767142857143086
15194,0.0010091785714285452
15195,0.0010004999999999598
15196,0.0009989999999999405
15197,0.0010457142857142848
15198,0.0010563214285714449
15199,0.0010458214285714617
15200,0.0010503214285713673
15201,0.001028249999999937
15202,0.0010240714285714096
15203,0.0010183928571428627
15204,0.0009952499999999682
15205,0.0009722142857142505
15206,0.0009886071428571342
15207,0.0009919285714285512
15208,0.0009610714285713584
15209,0.0009277500000000114
15210,0.0009139285714286112
15211,0.0008841428571428826
15212,0.0008541428571428002
15213,0.0008193214285714338
15214,0.0008049642857143015
15215,0.0007838571428571584
15216,0.0007841785714285367
15217,0.0007613571428571728
15218,0.0007493571428571703
15219,0.0007268571428571847
15220,0.000706499999999975
15221,0.0006696428571428571
15222,0.0006406071428572143
15223,0.0006630000000000231
15224,0.0006635357142857551
15225,0.0006433928571428993
15226,0.0006286071428572118
15227,0.0006068571428571597
15228,0.0005860714285713949
15229,0.0005936785714285163
15230,0.0006088928571429112
15231,0.0006038571428571211
15232,0.0006102857142857536
15233,0.0006668571428571722
15234,0.0006162857142856787
15235,0.0005782500000000722
15236,0.0006278571428571261
15237,0.0006221785714285793
15238,0.0006053571428571404
15239,0.0006109285714285104
15240,0.0006009642857142593
15241,0.0005847857142857293
15242,0.000594535714285779
15243,0.0006002142857143257
15244,0.0006020357142857235
15245,0.0006140357142857259
15246,0.000601178571428613
15247,0.0005946428571428035
15248,0.0006066428571428061
15249,0.00059389285714287
15250,0.0005791071428571826
15251,0.0005672142857143569
15252,0.0006031071428571875
15253,0.0006196071428570958
15254,0.0005918571428571186
15255,0.0006095357142856679
15256,0.0006235714285714218
15257,0.0006054642857143173
15258,0.0006119999999999744
15259,0.0006236785714285986
15260,0.0006189642857143391
15261,0.0006080357142856485
15262,0.0005988214285714832
15263,0.0005986071428571295
15264,0.0006235714285714218
15265,0.000644571428571388
15266,0.000641785714285703
15267,0.0006308571428571648
15268,0.0006066428571428061
15269,0.0006190714285713637
15270,0.0006341785714285818
15271,0.0006053571428571404
15272,0.0006238928571428001
15273,0.0006293571428571454
15274,0.0006244285714285322
15275,0.0006134999999999938
15276,0.000606749999999983
15277,0.0005936785714285163
15278,0.0005827499999999779
15279,0.0005846785714285525
15280,0.0006069642857143366
15281,0.0006267857142856619
15282,0.0006325714285713856
15283,0.0006327857142857392
15284,0.0006086785714285574
15285,0.0005874642857142374
15286,0.0006068571428571597
15287,0.0006296785714285237
15288,0.0006418928571428799
15289,0.0006298928571428775
15290,0.0006098571428571985
15291,0.0005935714285714916
15292,0.0005991428571428616
15293,0.0006136071428571707
15294,0.0005764285714285223
15295,0.0005801785714286467
15296,0.0006432857142857224
15297,0.000639107142857195
15298,0.0006039642857142979
15299,0.0006075000000000687
15300,0.0006220714285714024
15301,0.000606749999999983
15302,0.0005980714285713975
15303,0.0006020357142857235
15304,0.0006180000000000519
15305,0.0006302142857142558
15306,0.0006584999999999651
15307,0.0006397499999999517
15308,0.0006227142857143114
15309,0.0006425357142857889
15310,0.0006342857142857586
15311,0.0006537857142857056
15312,0.0006661071428570864
15313,0.0006456428571428522
15314,0.0006442500000000097
15315,0.0006214285714286458
15316,0.0006182142857142533
15317,0.0006298928571428775
15318,0.0006655714285713543
15319,0.0006879642857143154
15320,0.0007083214285713727
15321,0.0007078928571428174
15322,0.0006984642857142985
15323,0.0006735000000000062
15324,0.0006757499999999592
15325,0.0006581785714285868
15326,0.0006431785714285455
15327,0.0006238928571428001
15328,0.0006281785714285044
15329,0.0006138214285713721
15330,0.0005766428571428759
15331,0.0005767500000000528
15332,0.000614571428571458
15333,0.0006214285714286458
15334,0.0006283928571428581
15335,0.000620571428571383
15336,0.0006159642857143004
15337,0.0006206785714285599
15338,0.0006250714285714411
15339,0.0006256071428571732
15340,0.0006382499999999324
15341,0.0006289285714285902
15342,0.0005965714285713781
15343,0.0005828571428571548
15344,0.0006062142857142509
15345,0.0006777857142857105
15346,0.0008396785714286434
15347,0.0009822857142856784
15348,0.0010760357142857455
15349,0.0012196071428570677
15350,0.0013511785714285399
15351,0.0014283214285713696
15352,0.001470000000000076
15353,0.0013820357142857328
15354,0.001076785714285679
15355,0.0006919285714286413
15356,0.0004776428571428174
15357,0.00044828571428564396
15358,0.00041967857142855637
15359,0.0003358928571428927
15360,0.0003408214285713537
15361,0.0004013571428570982
15362,0.0004473214285713567
15363,0.000505821428571502
15364,0.0005836071428570883
15365,0.0006270000000000157
15366,0.0006202500000000047
15367,0.0006532499999999735
15368,0.0006694285714285034
15369,0.0006488571428570923
15370,0.0006459642857142306
15371,0.0006731785714286279
15372,0.0007039285714286438
15373,0.0006944999999999725
15374,0.000679178571428553
15375,0.0006823928571427931
15376,0.0006889285714286026
15377,0.000697607142857188
15378,0.0007173214285714888
15379,0.0007341428571429276
15380,0.0007191428571428864
15381,0.0007156071428571157
15382,0.0007253571428571653
15383,0.0007741071428571087
15384,0.0007668214285713658
15385,0.000761785714285728
15386,0.0007568571428571147
15387,0.0007642500000000345
15388,0.0007568571428571147
15389,0.000781178571428498
15390,0.0008112857142857572
15391,0.0008034642857142821
15392,0.00082092857142863
15393,0.0008295000000000385
15394,0.0008160000000000167
15395,0.0008109642857142266
15396,0.0008701071428571286
15397,0.0008959285714285313
15398,0.0008814642857142222
15399,0.0008945357142856888
15400,0.0009024642857143407
15401,0.0009182142857143155
15402,0.0009378214285714392
15403,0.0009324642857142709
15404,0.0009488571428571545
15405,0.0009746785714285571
15406,0.0009830357142857642
15407,0.000985928571428626
15408,0.000977571428571419
15409,0.0009937499999999489
15410,0.0010157142857143548
15411,0.0010006071428571366
15412,0.0010277142857143572
15413,0.0010085357142857886
15414,0.001015928571428556
15415,0.0010208571428571695
15416,0.0009572142857143616
15417,0.0009473571428571351
15418,0.0009636428571428419
15419,0.000988071428571402
15420,0.0009768214285714855
15421,0.0009491785714285328
15422,0.00093953571428566
15423,0.0009249642857143263
15424,0.0008963571428570865
15425,0.0008582142857143031
15426,0.000832499999999925
15427,0.0008143928571428205
15428,0.0007864285714286419
15429,0.0007594285714285982
15430,0.0007570714285714685
15431,0.000759535714285775
15432,0.000710464285714301
15433,0.0006721071428571637
15434,0.0006660000000000618
15435,0.0006793928571429068
15436,0.0006569999999999457
15437,0.0006451071428571201
15438,0.000624535714285709
15439,0.0005780357142857184
15440,0.0005842499999999973
15441,0.0005974285714286407
15442,0.0006133928571428169
15443,0.0006226071428571345
15444,0.0006063214285714277
15445,0.0005767500000000528
15446,0.0005571428571429291
15447,0.0005692499999999561
15448,0.0005830714285713562
15449,0.000568714285714224
15450,0.0005399999999999596
15451,0.0005441785714286393
15452,0.0005788928571428288
15453,0.0006252857142856426
15454,0.0006235714285714218
15455,0.0005906785714286299
15456,0.000584464285714351
15457,0.0005823214285714227
15458,0.0005706428571427986
15459,0.000580500000000025
15460,0.0005963571428571767
15461,0.0005912142857142096
15462,0.0005935714285714916
15463,0.0006037499999999442
15464,0.0005929285714285828
15465,0.0005874642857142374
15466,0.000587250000000036
15467,0.0006012857142857898
15468,0.0006013928571428145
15469,0.0005666785714286248
15470,0.0005562857142856663
15471,0.0005978571428571959
15472,0.0006232500000000434
15473,0.0006222857142857562
15474,0.0006226071428571345
15475,0.0006036428571429196
15476,0.0005911071428571851
15477,0.0006066428571428061
15478,0.0006232500000000434
15479,0.0006130714285714386
15480,0.0006012857142857898
15481,0.0006010714285714362
15482,0.0006104999999999552
15483,0.0006159642857143004
15484,0.0005911071428571851
15485,0.0005781428571428953
15486,0.0005759999999999671
15487,0.0005532857142857799
15488,0.0005937857142856932
15489,0.0006403928571428606
15490,0.0006350357142856922
15491,0.0006066428571428061
15492,0.000589928571428544
15493,0.000601714285714345
15494,0.0006211071428571151
15495,0.0006484285714285371
15496,0.000624535714285709
15497,0.000594535714285779
15498,0.0006037499999999442
15499,0.0006003214285715026
15500,0.0006201428571428279
15501,0.0006246428571428859
15502,0.0005957142857142677
15503,0.0006243214285713553
15504,0.0006190714285713637
15505,0.0005842499999999973
15506,0.0005884285714285247
15507,0.0005947499999999804
15508,0.0005978571428571959
15509,0.0006098571428571985
15510,0.0006025714285714554
15511,0.000611785714285773
15512,0.0006317142857142752
15513,0.0006208928571429137
15514,0.00062571428571435
15515,0.0006199285714286264
15516,0.0006083571428571791
15517,0.0006190714285713637
15518,0.0006189642857143391
15519,0.0006316071428570983
15520,0.000647357142857073
15521,0.0006266785714286374
15522,0.0006050357142857621
15523,0.0006276428571429245
15524,0.0006712500000000533
15525,0.0006738214285713846
15526,0.0006728571428570973
15527,0.0006589285714285203
15528,0.0006800357142856634
15529,0.0007189285714285327
15530,0.000709821428571392
15531,0.0006895714285713593
15532,0.0006778928571428874
15533,0.0006580714285714099
15534,0.0006451071428571201
15535,0.000617892857142875
15536,0.0006227142857143114
15537,0.000648535714285714
15538,0.0006500357142857333
15539,0.0006589285714285203
15540,0.0006189642857143391
15541,0.0005916428571429172
15542,0.0005642142857143183
15543,0.0005890714285714337
15544,0.0006302142857142558
15545,0.0006479999999999819
15546,0.0006467142857143163
15547,0.0006328928571429161
15548,0.0006222857142857562
15549,0.0006277499999999492
15550,0.0006190714285713637
15551,0.0005815714285714892
15552,0.0005720357142856411
15553,0.0006282857142856813
15554,0.0007346785714285074
15555,0.0008391428571429113
15556,0.000940178571428569
15557,0.0011008928571428608
15558,0.0012634285714285503
15559,0.0013885714285713899
15560,0.0014354999999999357
15561,0.001464964285714286
15562,0.0013647857142857387
15563,0.001068000000000069
15564,0.0007321071428571761
15565,0.0005402142857143133
15566,0.00044860714285717456
15567,0.00037371428571429785
15568,0.00033374999999996445
15569,0.0003465000000000527
15570,0.0004020000000000071
15571,0.0004707857142857819
15572,0.0005677499999999368
15573,0.0006125357142857065
15574,0.0006039642857142979
15575,0.0006352500000000459
15576,0.0006522857142856862
15577,0.0006741428571429152
15578,0.0006977142857142127
15579,0.0007054285714285109
15580,0.0007048928571429311
15581,0.0006975000000000113
15582,0.0007071428571428839
15583,0.000735000000000038
15584,0.000742285714285781
15585,0.0007272857142857399
15586,0.0007130357142857845
15587,0.0007331785714286403
15588,0.0007675714285714515
15589,0.0007792500000000757
15590,0.0007470000000000405
15591,0.0007537500000000514
15592,0.0007747500000000177
15593,0.0007849285714286225
15594,0.0007998214285714868
15595,0.0007925357142857439
15596,0.0008021785714286165
15597,0.0008124642857142459
15598,0.0008296071428572154
15599,0.0008181428571427927
15600,0.000816321428571395
15601,0.0008037857142856605
15602,0.0008365714285714278
15603,0.000913500000000056
15604,0.0009530357142856819
15605,0.0009375000000000609
15606,0.0008962500000000619
15607,0.000915642857142832
15608,0.0009637500000000187
15609,0.0009406071428571242
15610,0.0009326785714286245
15611,0.0009619285714286211
15612,0.00097692857142851
15613,0.0009902142857143303
15614,0.000995464285714322
15615,0.0010135714285714264
15616,0.0010326428571428182
15617,0.001043892857142887
15618,0.0010337142857142823
15619,0.0010488214285715002
15620,0.0010569642857143537
15621,0.0010423928571428678
15622,0.001060071428571417
15623,0.0010545000000000472
15624,0.001056642857142823
15625,0.00106178571428579
15626,0.0010568571428571768
15627,0.0010197857142857053
15628,0.0010111071428571198
15629,0.001011428571428498
15630,0.0009924642857142832
15631,0.0009587142857142287
15632,0.0009287142857142985
15633,0.0009106071428571941
15634,0.0009163928571429178
15635,0.0009109285714285725
15636,0.0009066428571428681
15637,0.0008672142857142669
15638,0.0008117142857143124
15639,0.0008149285714285526
15640,0.0007725000000000648
15641,0.0007353214285714164
15642,0.0007351071428572149
15643,0.0007370357142857894
15644,0.0007343571428571291
15645,0.0006923571428571966
15646,0.000647892857142805
15647,0.0006554999999999264
15648,0.0006722142857143406
15649,0.0006866785714284974
15650,0.000681428571428506
15651,0.0006550714285713712
15652,0.0006464999999999625
15653,0.0006385714285714629
15654,0.0006038571428571211
15655,0.0005993571428572153
15656,0.0006686785714285699
15657,0.0006993214285714089
15658,0.0006718928571428101
15659,0.0006597857142857829
15660,0.0006759642857143128
15661,0.0006639642857143104
15662,0.0006516428571429296
15663,0.0006260357142857284
15664,0.0006365357142857116
15665,0.0006423214285714351
15666,0.0006198214285714495
15667,0.0006354642857142474
15668,0.0006681428571428378
15669,0.0006370714285714435
15670,0.0006238928571428001
15671,0.0006710357142856997
15672,0.0006780000000000643
15673,0.0006714642857142549
15674,0.0006610714285714486
15675,0.0006491785714286229
15676,0.0006401785714285069
15677,0.0006401785714285069
15678,0.0006630000000000231
15679,0.0006828214285715007
15680,0.0006986785714285
15681,0.0006969642857142792
15682,0.000692571428571398
15683,0.0006863571428571191
15684,0.0006695357142856803
15685,0.0006729642857142741
15686,0.0006683571428571915
15687,0.0006762857142856912
15688,0.0006847500000000752
15689,0.0006887142857142489
15690,0.0006609642857142717
15691,0.0006481071428571588
15692,0.0006745714285714704
15693,0.0006921428571428428
15694,0.0007022142857142708
15695,0.0006920357142856659
15696,0.0007039285714286438
15697,0.0007072500000000608
15698,0.0006769285714286001
15699,0.0006433928571428993
15700,0.0006799285714286388
15701,0.0007363928571428805
15702,0.0007091785714286354
15703,0.0006605357142857165
15704,0.0006688928571429236
15705,0.0006657857142857081
15706,0.0006607500000000702
15707,0.0006754285714285808
15708,0.0007107857142856793
15709,0.0007084285714285495
15710,0.0006748928571428487
15711,0.0006768214285714232
15712,0.0007100357142857458
15713,0.0007217142857142176
15714,0.0007251428571428115
15715,0.0007047857142857542
15716,0.0006726428571428958
15717,0.0007024285714286244
15718,0.0007352142857142395
15719,0.0006940714285714173
15720,0.0006842142857143431
15721,0.0007047857142857542
15722,0.0007228928571428587
15723,0.0007306071428571569
15724,0.0007394999999999438
15725,0.0007344642857143059
15726,0.0007440000000000018
15727,0.0007445357142857339
15728,0.0006853928571428318
15729,0.0006878571428571385
15730,0.0007373571428571677
15731,0.0007621071428571063
15732,0.0007731428571428214
15733,0.000759535714285775
15734,0.0007451785714286428
15735,0.0007743214285714625
15736,0.0007858928571429098
15737,0.0007796785714286309
15738,0.0007457142857142226
15739,0.0007114285714285882
15740,0.0007128214285714307
15741,0.0007074642857142622
15742,0.0007172142857143119
15743,0.0006918214285714645
15744,0.0006900000000000668
15745,0.0007325357142857313
15746,0.0007072500000000608
15747,0.0006582857142857636
15748,0.0006895714285713593
15749,0.0007159285714286463
15750,0.0007150714285713836
15751,0.0006967499999999254
15752,0.0006643928571428656
15753,0.0006877499999999616
15754,0.0007188214285713558
15755,0.0007135714285713642
15756,0.0007034999999999363
15757,0.0007701428571427828
15758,0.0008629285714285626
15759,0.0009641785714285739
15760,0.001109035714285714
15761,0.0012195000000000432
15762,0.0013334999999999907
15763,0.0014085000000000443
15764,0.0014470714285713829
15765,0.0013879285714286332
15766,0.0011444999999999895
15767,0.0007970357142856496
15768,0.000577178571428608
15769,0.0005010000000000656
15770,0.00046971428571431775
15771,0.000412714285714344
15772,0.0003777857142856484
15773,0.0004378928571428377
15774,0.000513535714285648
15775,0.0005778214285713647
15776,0.0006557142857142801
15777,0.0007159285714286463
15778,0.0007276071428571182
15779,0.0007260000000000742
15780,0.0007427142857143362
15781,0.0007576071428572006
15782,0.0007691785714284955
15783,0.0007365000000000573
15784,0.0007560000000000043
15785,0.0008081785714285416
15786,0.0008117142857143124
15787,0.0008228571428572044
15788,0.0008290714285714833
15789,0.0008071071428570776
15790,0.0008180357142857682
15791,0.0008307857142857042
15792,0.000832499999999925
15793,0.0008326071428571019
15794,0.0008428928571428835
15795,0.0008496428571428944
15796,0.0008612142857143417
15797,0.0008672142857142669
15798,0.0008771785714285179
15799,0.0008743928571428329
15800,0.0008842500000000594
15801,0.0009005357142857662
15802,0.0009166071428571192
15803,0.0009011785714285229
15804,0.0008726785714286121
15805,0.0008784642857143358
15806,0.0009053571428572026
15807,0.0009268928571429009
15808,0.0009528214285714805
15809,0.0009452142857143591
15810,0.0009665357142857037
15811,0.0009852857142857172
15812,0.0010023214285713575
15813,0.0010311428571427989
15814,0.001049464285714257
15815,0.0010580357142856655
15816,0.0010591071428571297
15817,0.0010453928571429064
15818,0.0010711071428571321
15819,0.001083428571428513
15820,0.0010816071428571153
15821,0.0010902857142857008
15822,0.0010906071428570792
15823,0.0010828928571429332
15824,0.001075178571428635
15825,0.0010961785714286012
15826,0.0011209285714285399
15827,0.001094571428571405
15828,0.001078500000000052
15829,0.0010625357142857235
15830,0.0010723928571427978
15831,0.0011026071428570817
15832,0.00106735714285716
15833,0.0010210714285713708
15834,0.0010006071428571366
15835,0.0010007142857143135
15836,0.0009612857142857122
15837,0.0009399642857142153
15838,0.0009291428571428538
15839,0.0008881071428572084
15840,0.0008853214285713713
15841,0.0008734285714285456
15842,0.0008456785714285685
15843,0.0008273571428571103
15844,0.0007918928571428349
15845,0.0007769999999999705
15846,0.0007775357142857026
15847,0.0007572857142856699
15848,0.0007258928571428974
15849,0.0007284642857142286
15850,0.0007494642857143471
15851,0.000754499999999985
15852,0.0007125000000000524
15853,0.0007045714285714005
15854,0.0007239642857143228
15855,0.000706499999999975
15856,0.0006994285714285858
15857,0.0007001785714285193
15858,0.000675857142857136
15859,0.000689249999999981
15860,0.0006936428571428621
15861,0.0006919285714286413
15862,0.0006988928571428537
15863,0.0006681428571428378
15864,0.0006796071428571082
15865,0.0006882857142856937
15866,0.0007005000000000499
15867,0.0006985714285714753
15868,0.0006761785714285144
15869,0.000703178571428558
15870,0.0006969642857142792
15871,0.0007017857142857156
15872,0.0007294285714285158
15873,0.0007111071428572099
15874,0.0006866785714284974
15875,0.0006923571428571966
15876,0.0006959999999999919
15877,0.0007056428571428646
15878,0.0007066071428571518
15879,0.0007017857142857156
15880,0.0006896785714285362
15881,0.0006983571428571216
15882,0.0007118571428571434
15883,0.0007083214285713727
15884,0.0006948214285715031
15885,0.0006829285714285252
15886,0.0006630000000000231
15887,0.0006688928571429236
15888,0.0006951428571428815
15889,0.000699857142857141
15890,0.0007162500000000246
15891,0.0007160357142856709
15892,0.000711000000000033
15893,0.0007208571428571072
15894,0.0007120714285714972
15895,0.0006890357142857795
15896,0.0006986785714285
15897,0.0007190357142857096
15898,0.0006975000000000113
15899,0.0006562500000000122
15900,0.0006924642857142211
15901,0.0007253571428571653
15902,0.0007133571428571628
15903,0.0006946071428571494
15904,0.000671999999999987
15905,0.0006802500000000171
15906,0.0007206428571429058
15907,0.0007375714285713693
15908,0.0007159285714286463
15909,0.0007082142857143481
15910,0.000700392857142873
15911,0.0007101428571429226
15912,0.0007325357142857313
15913,0.0007464642857143084
15914,0.0007443214285713801
15915,0.0007168928571427812
15916,0.0007081071428571712
15917,0.0007121785714285217
15918,0.0007128214285714307
15919,0.0007553571428570953
15920,0.0007573928571428468
15921,0.000736607142857082
15922,0.0007603928571428855
15923,0.0007516071428571231
15924,0.0007344642857143059
15925,0.0007432500000000683
15926,0.0007387500000000102
15927,0.0007107857142856793
15928,0.0007093928571428368
15929,0.0007135714285713642
15930,0.0006896785714285362
15931,0.0006848571428570998
15932,0.000664607142857067
15933,0.0006631071428571999
15934,0.0006789642857143516
15935,0.000692571428571398
15936,0.0007101428571429226
15937,0.000694285714285771
15938,0.0007071428571428839
15939,0.0006796071428571082
15940,0.0006526071428572169
15941,0.0007090714285714585
15942,0.0007373571428571677
15943,0.000690428571428622
15944,0.0006850714285714535
15945,0.0007226785714285049
15946,0.000741642857142872
15947,0.0007746428571428408
15948,0.000857035714285662
15949,0.0009587142857142287
15950,0.001075178571428635
15951,0.0012187499999999573
15952,0.0013359642857142973
15953,0.0013916785714286053
15954,0.001378499999999962
15955,0.0011875714285713864
15956,0.0008422499999999745
15957,0.0005756785714285887
15958,0.0004860000000000245
15959,0.0004670357142856574
15960,0.0004460357142856911
15961,0.0004114285714285261
15962,0.0003911785714286456
15963,0.0004016785714286288
15964,0.00046928571428576254
15965,0.0005469642857143242
15966,0.0006336428571428497
15967,0.0006812142857143044
15968,0.0007007142857142514
15969,0.0007018928571428923
15970,0.0006844285714285446
15971,0.0006963214285713702
15972,0.0007248214285714332
15973,0.0007370357142857894
15974,0.0007367142857142589
15975,0.0007481785714285292
15976,0.0007624285714286368
15977,0.0007566428571429133
15978,0.0007389642857142117
15979,0.0007744285714286394
15980,0.0007988571428571995
15981,0.0007938214285714095
15982,0.0008222142857142956
15983,0.0008147142857143511
15984,0.0007913571428571028
15985,0.0007820357142857607
15986,0.0007989642857142242
15987,0.0008358214285714942
15988,0.0008459999999999468
15989,0.0008338928571429197
15990,0.0008166428571429257
15991,0.0008391428571429113
15992,0.0008453571428571901
15993,0.0008454642857142147
15994,0.0008615357142857201
15995,0.0008888571428571421
15996,0.0008950714285714209
15997,0.0008819999999999542
15998,0.0008914285714286255
15999,0.0009057857142857578
16000,0.0008950714285714209
16001,0.0009304285714285194
16002,0.0009931071428571922
16003,0.000978642857142883
16004,0.0009624642857143531
16005,0.0009716785714285185
16006,0.0010097142857142772
16007,0.0010156071428571779
16008,0.001012178571428584
16009,0.0010152857142856472
16010,0.0010265357142857162
16011,0.0010338214285714592
16012,0.001039928571428561
16013,0.0010459285714286386
16014,0.0010270714285714481
16015,0.0010247142857143184
16016,0.0010026428571428881
16017,0.00102492857142852
16018,0.0010764642857143006
16019,0.0010611428571428811
16020,0.00104614285714284
16021,0.0010195714285715037
16022,0.0009636428571428419
16023,0.0009264642857143457
16024,0.0009453214285713837
16025,0.0009314999999999836
16026,0.0008987142857142163
16027,0.0008717142857143248
16028,0.0008531785714285129
16029,0.0008282142857142207
16030,0.0007873928571429292
16031,0.0007347857142856843
16032,0.000733821428571397
16033,0.0007379999999999245
16034,0.0007299642857142479
16035,0.0006986785714285
16036,0.0006711428571428765
16037,0.0006773571428571553
16038,0.0006576428571428547
16039,0.0006256071428571732
16040,0.0006250714285714411
16041,0.0006548571428571697
16042,0.0006678214285714594
16043,0.0006563571428571891
16044,0.0006275357142857478
16045,0.000611785714285773
16046,0.0006125357142857065
16047,0.0006226071428571345
16048,0.0006272142857142171
16049,0.0006130714285714386
16050,0.0006109285714285104
16051,0.0006176785714285212
16052,0.0006369642857142668
16053,0.0006298928571428775
16054,0.0006163928571428556
16055,0.0006055714285714941
16056,0.0005931428571427842
16057,0.0006124285714285296
16058,0.0006264642857142836
16059,0.000601178571428613
16060,0.0006203571428571816
16061,0.0006481071428571588
16062,0.0006359999999999795
16063,0.0006021428571429002
16064,0.0005886428571428785
16065,0.0005863928571429256
16066,0.0005788928571428288
16067,0.0005908928571428313
16068,0.0006160714285714773
16069,0.0006160714285714773
16070,0.000607821428571447
16071,0.0006230357142856897
16072,0.000598392857142928
16073,0.0006184285714286071
16074,0.0006698571428572109
16075,0.0006608571428570948
16076,0.0006167142857142339
16077,0.0006018214285713697
16078,0.0006091071428571126
16079,0.0006091071428571126
16080,0.0006114642857142425
16081,0.0006156428571429221
16082,0.0006176785714285212
16083,0.0006018214285713697
16084,0.0006077142857142701
16085,0.0006268928571428388
16086,0.000630642857142811
16087,0.0006449999999999433
16088,0.0006354642857142474
16089,0.0006123214285713529
16090,0.0006185357142857839
16091,0.0006232500000000434
16092,0.0006252857142856426
16093,0.0006423214285714351
16094,0.0006275357142857478
16095,0.0006040714285714748
16096,0.0006126428571428834
16097,0.0005910000000000082
16098,0.00058328571428571
16099,0.0005994642857142399
16100,0.0006263571428571067
16101,0.000641785714285703
16102,0.0006144642857142811
16103,0.000599999999999972
16104,0.0006259285714285515
16105,0.0006358928571428026
16106,0.0006168214285714108
16107,0.0006034285714285659
16108,0.0006616071428571807
16109,0.0006905357142856465
16110,0.0006745714285714704
16111,0.0006530357142857721
16112,0.0006369642857142668
16113,0.0006217500000000241
16114,0.0006437142857142776
16115,0.0006469285714285177
16116,0.0006301071428570789
16117,0.000665249999999976
16118,0.0007284642857142286
16119,0.0007296428571428696
16120,0.0006900000000000668
16121,0.0006661071428570864
16122,0.0006709285714285228
16123,0.0006715714285714317
16124,0.0006464999999999625
16125,0.000620035714285651
16126,0.0006150000000000132
16127,0.0006049285714285852
16128,0.0005951785714285356
16129,0.0006050357142857621
16130,0.0005947499999999804
16131,0.0005894999999999888
16132,0.0005840357142856435
16133,0.0005932499999999611
16134,0.0005772857142857849
16135,0.000611785714285773
16136,0.0006427499999999903
16137,0.0006071785714285382
16138,0.0005623928571429205
16139,0.0005708571428571523
16140,0.000628500000000035
16141,0.0006918214285714645
16142,0.0007903928571428155
16143,0.000884999999999993
16144,0.000998785714285739
16145,0.0011516785714285557
16146,0.0013056428571428366
16147,0.0013613571428571446
16148,0.0014098928571428867
16149,0.0013568571428570868
16150,0.0011102142857143552
16151,0.0007630714285713936
16152,0.0004947857142857868
16153,0.0004152857142856752
16154,0.00041303571428572233
16155,0.00037682142857136113
16156,0.00033310714285720775
16157,0.00032314285714280444
16158,0.00039932142857149904
16159,0.0004736785714286437
16160,0.000510214285714231
16161,0.0005736428571428373
16162,0.0006221785714285793
16163,0.0006318214285714521
16164,0.0006390000000000181
16165,0.0006320357142856535
16166,0.0006242142857143307
16167,0.0006080357142856485
16168,0.000634607142857137
16169,0.0006783214285714426
16170,0.0006954642857142598
16171,0.00068249999999997
16172,0.0006796071428571082
16173,0.0006672857142857273
16174,0.0006352500000000459
16175,0.0007207499999999304
16176,0.0007415357142856952
16177,0.0007206428571429058
16178,0.000723214285714237
16179,0.0007318928571428225
16180,0.0007374642857143446
16181,0.0007415357142856952
16182,0.0007463571428571315
16183,0.0007493571428571703
16184,0.0007736785714285535
16185,0.0007892142857143268
16186,0.0007907142857143461
16187,0.0008049642857143015
16188,0.0007865357142856664
16189,0.0007791428571428989
16190,0.0007894285714285283
16191,0.0007928571428571222
16192,0.0007874999999999537
16193,0.0008059285714285888
16194,0.0008523214285714025
16195,0.0008691428571428413
16196,0.0008501785714286265
16197,0.0008823214285714849
16198,0.0009158571428571857
16199,0.000955285714285787
16200,0.0009617142857142674
16201,0.000942857142857077
16202,0.0009534642857142371
16203,0.0009388928571429034
16204,0.0009326785714286245
16205,0.0009633214285714635
16206,0.0009834642857143195
16207,0.0009671785714286126
16208,0.0009553928571428116
16209,0.000968678571428632
16210,0.000981428571428568
16211,0.0009665357142857037
16212,0.0009557142857143422
16213,0.0009377142857142623
16214,0.000970821428571408
16215,0.0009828214285714106
16216,0.0009303214285714948
16217,0.0008902499999999845
16218,0.0008701071428571286
16219,0.0008569285714286374
16220,0.0008400000000000217
16221,0.0008172857142856823
16222,0.0008126785714285997
16223,0.0008116071428571355
16224,0.0007697142857142276
16225,0.0007189285714285327
16226,0.0006997499999999641
16227,0.0006839999999999894
16228,0.0006778928571428874
16229,0.0006296785714285237
16230,0.0006132857142856401
16231,0.0006327857142857392
16232,0.0006226071428571345
16233,0.0005942142857142484
16234,0.0005855357142856629
16235,0.0005837142857142652
16236,0.0005806071428572019
16237,0.0005809285714285802
16238,0.0005731071428571052
16239,0.0005456785714285064
16240,0.0005285357142856892
16241,0.0005284285714285123
16242,0.0005477142857142577
16243,0.0005377500000000066
16244,0.0005225357142857641
16245,0.000524142857142808
16246,0.0005715000000000612
16247,0.0005803928571428482
16248,0.000579321428571384
16249,0.0005700000000000419
16250,0.0005759999999999671
16251,0.0005616428571428348
16252,0.0005492142857142771
16253,0.0005441785714286393
16254,0.0005256428571428273
16255,0.0005294999999999764
16256,0.000549321428571454
16257,0.0005642142857143183
16258,0.000566035714285716
16259,0.0005795357142857378
16260,0.0005798571428571161
16261,0.000554785714285647
16262,0.0005545714285714455
16263,0.0005464285714285921
16264,0.0005558571428571111
16265,0.0005691428571429315
16266,0.0005577857142856857
16267,0.0005374285714286283
16268,0.0005451428571429265
16269,0.000559285714285705
16270,0.0005685000000000225
16271,0.0005614285714286334
16272,0.000568714285714224
16273,0.0005914285714285634
16274,0.0005827499999999779
16275,0.0005642142857143183
16276,0.000552642857142871
16277,0.0005203928571428357
16278,0.0005020714285713776
16279,0.0005428928571428214
16280,0.0005622857142857438
16281,0.0005764285714285223
16282,0.000549321428571454
16283,0.0005534999999999814
16284,0.0005971071428571102
16285,0.0005853214285714614
16286,0.0005645357142856966
16287,0.0005601428571428154
16288,0.0005702142857142434
16289,0.000563785714285763
16290,0.000572142857142818
16291,0.0005753571428572103
16292,0.0005445000000000176
16293,0.0005463214285714152
16294,0.000554785714285647
16295,0.0005245714285713632
16296,0.0005301428571428854
16297,0.0005630357142856773
16298,0.0005717142857142628
16299,0.0005701071428572188
16300,0.0005604642857143461
16301,0.0005609999999999258
16302,0.0005892857142857874
16303,0.0005917499999999417
16304,0.0005843571428571741
16305,0.0005981785714285743
16306,0.0005978571428571959
16307,0.0005871428571428591
16308,0.0005862857142857487
16309,0.0006020357142857235
16310,0.0005878928571427926
16311,0.0006126428571428834
16312,0.0006595714285714292
16313,0.0006671785714285506
16314,0.0006350357142856922
16315,0.0006107142857143088
16316,0.0006099642857142231
16317,0.0006126428571428834
16318,0.0006041785714284994
16319,0.0005851071428571077
16320,0.0005665714285714481
16321,0.0005814642857143123
16322,0.0005694642857143098
16323,0.000539250000000026
16324,0.0005545714285714455
16325,0.0005761071428571439
16326,0.0005568214285713984
16327,0.0005424642857142661
16328,0.0005366785714285426
16329,0.0005337857142856807
16330,0.0005675357142857352
16331,0.0005676428571429121
16332,0.0005582142857142409
16333,0.0005635714285714093
16334,0.0005495357142856554
16335,0.0005303571428570868
16336,0.0005743928571429231
16337,0.0006052499999999636
16338,0.0006442500000000097
16339,0.0007498928571429023
16340,0.0008702142857143055
16341,0.001038857142857097
16342,0.0012242142857143026
16343,0.0013153928571428863
16344,0.0013287857142857311
16345,0.0013766785714285643
16346,0.0012887142857142208
16347,0.0009589285714285824
16348,0.0006180000000000519
16349,0.0004198928571429101
16350,0.00035496428571428446
16351,0.00031253571428564443
16352,0.0002823214285713606
16353,0.0002814642857142502
16354,0.0003310714285714563
16355,0.00041464285714291855
16356,0.00047957142857139195
16357,0.0005413928571428021
16358,0.0005443928571428407
16359,0.0005553214285713791
16360,0.0006022499999999249
16361,0.0006108214285714857
16362,0.0005800714285714698
16363,0.0005773928571428095
16364,0.0005879999999999695
16365,0.0005778214285713647
16366,0.0005742857142857462
16367,0.0006162857142856787
16368,0.000635785714285778
16369,0.0006479999999999819
16370,0.0006971785714286328
16371,0.0006855000000000087
16372,0.0006572142857142995
16373,0.0006630000000000231
16374,0.0006708214285714981
16375,0.0006804642857142187
16376,0.0006949285714285277
16377,0.0006826071428571469
16378,0.0006677142857142826
16379,0.0006907500000000003
16380,0.0007132499999999859
16381,0.000712607142857077
16382,0.0007307142857143337
16383,0.000752357142857209
16384,0.0007502142857142806
16385,0.0007435714285714466
16386,0.0007474285714285957
16387,0.0007591071428570676
16388,0.0007587857142856893
16389,0.0007898571428570835
16390,0.0007773214285715012
16391,0.0007984285714286443
16392,0.0008563928571429054
16393,0.0008676428571428221
16394,0.0008591785714285903
16395,0.0008611071428571649
16396,0.0008607857142857865
16397,0.0008667857142857116
16398,0.0008903571428571614
16399,0.0009519642857142177
16400,0.0009665357142857037
16401,0.0009421071428571435
16402,0.0009097499999999314
16403,0.0009094285714285531
16404,0.0009235714285714838
16405,0.0009530357142856819
16406,0.0009578571428571183
16407,0.0009690000000000103
16408,0.0009592499999999608
16409,0.0009382499999999944
16410,0.000914035714285788
16411,0.0008957142857143298
16412,0.0008910000000000703
16413,0.0008758928571428523
16414,0.0008507142857143586
16415,0.0008406428571429306
16416,0.0008219999999999418
16417,0.0007858928571429098
16418,0.0007701428571427828
16419,0.0007565357142857364
16420,0.0007153928571429142
16421,0.0006971785714286328
16422,0.0006856071428571856
16423,0.0006718928571428101
16424,0.0006499285714285565
16425,0.0006429642857143441
16426,0.0006141428571429028
16427,0.0005955000000000662
16428,0.0006177857142856981
16429,0.000568714285714224
16430,0.0005361428571428105
16431,0.000573857142857191
16432,0.00058328571428571
16433,0.0005506071428571195
16434,0.0005275714285714019
16435,0.0005421428571428878
16436,0.0005370000000000731
16437,0.0005153571428571979
16438,0.0005211428571429216
16439,0.0005174999999999739
16440,0.0005166428571428635
16441,0.0005325000000000151
16442,0.0005216785714285013
16443,0.0005201785714286343
16444,0.0005120357142857809
16445,0.0004995000000000463
16446,0.0005017499999999993
16447,0.0005172857142857725
16448,0.000536464285714341
16449,0.0005378571428571835
16450,0.0005059285714285267
16451,0.0004937142857143227
16452,0.0005301428571428854
16453,0.0005236071428570759
16454,0.0005179285714285291
16455,0.0005426785714286199
16456,0.0005462142857142385
16457,0.0005560714285714649
16458,0.0005556428571429097
16459,0.0005470714285715011
16460,0.0005258571428571811
16461,0.000524142857142808
16462,0.000541499999999979
16463,0.000584464285714351
16464,0.0005591785714285282
16465,0.0005381785714285619
16466,0.0005288571428570675
16467,0.0005285357142856892
16468,0.0005215714285714768
16469,0.0005199642857142805
16470,0.0005303571428570868
16471,0.0005206071428571895
16472,0.0005231785714285207
16473,0.0005212499999999461
16474,0.0005196428571429022
16475,0.0005393571428572029
16476,0.000545357142857128
16477,0.0005603571428571692
16478,0.0005560714285714649
16479,0.0005413928571428021
16480,0.0005313214285713741
16481,0.0005228571428571424
16482,0.0005499642857142107
16483,0.0005806071428572019
16484,0.0005530714285714262
16485,0.0005267142857142915
16486,0.0005247857142857169
16487,0.0005517857142857606
16488,0.0005371071428570978
16489,0.0005195357142857253
16490,0.0005236071428570759
16491,0.0005577857142856857
16492,0.0005636785714285862
16493,0.0005462142857142385
16494,0.0005282142857143108
16495,0.0005376428571428298
16496,0.0005343214285714128
16497,0.0005124642857143361
16498,0.0005399999999999596
16499,0.0005613214285714565
16500,0.0005639999999999645
16501,0.0005770714285714311
16502,0.0005649642857142518
16503,0.00052467857142854
16504,0.0005393571428572029
16505,0.0005381785714285619
16506,0.0005184642857142612
16507,0.0005406428571428685
16508,0.000573857142857191
16509,0.0005849999999999308
16510,0.0005930357142857596
16511,0.0005862857142857487
16512,0.000569892857142865
16513,0.0005675357142857352
16514,0.0006003214285715026
16515,0.0006941785714285942
16516,0.0006568928571429212
16517,0.0006127500000000603
16518,0.0006066428571428061
16519,0.0005996785714285937
16520,0.0005958214285714446
16521,0.0005807142857142266
16522,0.0005555357142857328
16523,0.0005167500000000404
16524,0.0005179285714285291
16525,0.0005649642857142518
16526,0.0005862857142857487
16527,0.0005488928571428988
16528,0.0005291785714285981
16529,0.0005437499999999318
16530,0.0005200714285714574
16531,0.0005232857142856976
16532,0.0005570357142857522
16533,0.0005530714285714262
16534,0.0005572499999999536
16535,0.0005319642857142831
16536,0.0005108571428571399
16537,0.0005026071428571097
16538,0.0004805357142856792
16539,0.0005120357142857809
16540,0.0005521071428571389
16541,0.0006415714285715016
16542,0.0007710000000000454
16543,0.0008778214285714268
16544,0.001005321428571396
16545,0.00118778571428574
16546,0.0013230000000000075
16547,0.0013670357142856915
16548,0.001381821428571379
16549,0.0013011428571429308
16550,0.001001571428571424
16551,0.0006545357142856391
16552,0.000456750000000028
16553,0.0003658928571428228
16554,0.00029850000000004276
16555,0.00021171428571434042
16556,0.00021214285714289563
16557,0.00030289285714292394
16558,0.00037242857142863223
16559,0.00046489285714288136
16560,0.0005156785714285762
16561,0.0005345357142857665
16562,0.0005728928571429037
16563,0.000582107142857069
16564,0.0005568214285713984
16565,0.0005537142857143351
16566,0.0005598214285714371
16567,0.0005742857142857462
16568,0.0005749285714285029
16569,0.0006177857142856981
16570,0.0006401785714285069
16571,0.0006291428571427917
16572,0.0006416785714285263
16573,0.0006420000000000568
16574,0.0006544285714286145
16575,0.0006693214285714788
16576,0.000663642857142932
16577,0.0006574285714285009
16578,0.0006677142857142826
16579,0.0006625714285714678
16580,0.0006785357142856441
16581,0.0006860357142857408
16582,0.0006952500000000583
16583,0.0007162500000000246
16584,0.0007223571428571266
16585,0.0007188214285713558
16586,0.0007286785714285823
16587,0.0007378928571428998
16588,0.0007188214285713558
16589,0.0007140000000000717
16590,0.0007608214285714407
16591,0.0008040000000000142
16592,0.0008107500000000251
16593,0.0007812857142856748
16594,0.0007904999999999924
16595,0.0008195357142857875
16596,0.0008187857142857017
16597,0.0008114999999999587
16598,0.0008226428571428508
16599,0.0008390357142857344
16600,0.0008725714285714352
16601,0.000901714285714255
16602,0.0009309642857142515
16603,0.0009380357142856408
16604,0.0009372857142857071
16605,0.0009303214285714948
16606,0.0009538928571427923
16607,0.0009715714285714938
16608,0.0009550714285714333
16609,0.0009357857142856878
16610,0.000961392857142889
16611,0.0009718928571428721
16612,0.0009202500000000668
16613,0.0009233571428571302
16614,0.0008867142857142137
16615,0.0008756785714284986
16616,0.0009500357142856432
16617,0.0009213214285713787
16618,0.0008741785714286315
16619,0.0008288571428571296
16620,0.000783000000000048
16621,0.0007858928571429098
16622,0.0008034642857142821
16623,0.0007693928571428492
16624,0.0007107857142856793
16625,0.0006880714285714922
16626,0.0006932142857143069
16627,0.000685285714285655
16628,0.0006648214285714208
16629,0.0006184285714286071
16630,0.0005812499999999586
16631,0.0005781428571428953
16632,0.0005840357142856435
16633,0.0005992500000000384
16634,0.000589928571428544
16635,0.0005523214285714927
16636,0.0005523214285714927
16637,0.0005657142857143376
16638,0.0005335714285714792
16639,0.0005374285714286283
16640,0.000542571428571443
16641,0.0005232857142856976
16642,0.0005501785714285644
16643,0.000563785714285763
16644,0.000543214285714352
16645,0.0005197499999999268
16646,0.0005130000000000682
16647,0.0005645357142856966
16648,0.000579964285714293
16649,0.0005507142857142964
16650,0.0005161071428571314
16651,0.0004992857142856926
16652,0.0005335714285714792
16653,0.0005678571428571137
16654,0.000550928571428498
16655,0.0005407500000000453
16656,0.0005616428571428348
16657,0.000573857142857191
16658,0.0005578928571428626
16659,0.0005527500000000479
16660,0.0005315357142857279
16661,0.0005342142857142359
16662,0.000568714285714224
16663,0.0005611071428571027
16664,0.000511928571428604
16665,0.0005270357142856698
16666,0.0005964642857143535
16667,0.0006013928571428145
16668,0.0005803928571428482
16669,0.0005648571428570749
16670,0.0005749285714285029
16671,0.0006195000000000712
16672,0.0006118928571427977
16673,0.0005661428571428929
16674,0.0005443928571428407
16675,0.00057267857142855
16676,0.0005963571428571767
16677,0.0006069642857143366
16678,0.0006190714285713637
16679,0.000594535714285779
16680,0.0005577857142856857
16681,0.0005461071428572138
16682,0.0005710714285713538
16683,0.0005735357142856604
16684,0.0005614285714286334
16685,0.000565392857142807
16686,0.0005757857142857655
16687,0.0005735357142856604
16688,0.0005648571428570749
16689,0.0005781428571428953
16690,0.0005849999999999308
16691,0.0006203571428571816
16692,0.0006350357142856922
16693,0.0005958214285714446
16694,0.0005686071428571994
16695,0.0005727857142857268
16696,0.0005715000000000612
16697,0.0005741785714285693
16698,0.0005907857142856544
16699,0.0006008571428570824
16700,0.000606107142857074
16701,0.0005868214285714808
16702,0.0005833928571428869
16703,0.000601714285714345
16704,0.0005912142857142096
16705,0.0005962499999999998
16706,0.000625178571428618
16707,0.0006143571428571042
16708,0.0006008571428570824
16709,0.000594535714285779
16710,0.0005925000000000276
16711,0.0006019285714285466
16712,0.0006517499999999541
16713,0.0007095000000000137
16714,0.0006875357142857602
16715,0.0006348214285714907
16716,0.0006300000000000543
16717,0.0006506785714286423
16718,0.000681428571428506
16719,0.0006715714285714317
16720,0.0006794999999999314
16721,0.0006811071428571275
16722,0.0006885000000000474
16723,0.0006832500000000559
16724,0.0006549642857143466
16725,0.0006361071428571563
16726,0.0006382499999999324
16727,0.0006028928571428338
16728,0.0005932499999999611
16729,0.0005897142857143426
16730,0.0005914285714285634
16731,0.0006166071428572094
16732,0.0005974285714286407
16733,0.0005886428571428785
16734,0.0005937857142856932
16735,0.0006109285714285104
16736,0.0006382499999999324
16737,0.000624535714285709
16738,0.0006202500000000047
16739,0.0006208928571429137
16740,0.0006213214285714689
16741,0.0005961428571428229
16742,0.0005757857142857655
16743,0.0005915357142857403
16744,0.0006085714285713806
16745,0.0007014642857143371
16746,0.0008106428571428483
16747,0.000903428571428628
16748,0.0010490357142857018
16749,0.0012203571428571537
16750,0.001379464285714249
16751,0.0014478214285714686
16752,0.0014492142857143113
16753,0.0013706785714286392
16754,0.0010905000000000545
16755,0.0007161428571428477
16756,0.00046842857142849985
16757,0.0004220357142856861
16758,0.00039492857142861787
16759,0.0003469285714286079
16760,0.00032432142857144545
16761,0.0003665357142857317
16762,0.0004557857142857407
16763,0.0005447142857142191
16764,0.0005853214285714614
16765,0.0006098571428571985
16766,0.0006259285714285515
16767,0.0006322500000000073
16768,0.0006476785714286036
16769,0.0006665357142856416
16770,0.0006801428571428403
16771,0.0006822857142857686
16772,0.0007006071428570745
16773,0.000697607142857188
16774,0.0006954642857142598
16775,0.0007178571428570685
16776,0.0007378928571428998
16777,0.0007106785714285025
16778,0.0007012499999999835
16779,0.0007255714285713667
16780,0.0007382142857142781
16781,0.0007565357142857364
16782,0.000774535714285664
16783,0.0007840714285713598
16784,0.0007846071428570919
16785,0.0007857857142857329
16786,0.0007791428571428989
16787,0.0007895357142857051
16788,0.0008164285714285719
16789,0.0008141785714286191
16790,0.0007968214285714482
16791,0.0008293928571428617
16792,0.0008683928571429078
16793,0.0008618571428570984
16794,0.0008277857142856655
16795,0.0008585357142856814
16796,0.000897749999999929
16797,0.0008908928571428935
16798,0.0008887499999999652
16799,0.0009107142857142187
16800,0.0009169285714284975
16801,0.0009235714285714838
16802,0.0009451071428571822
16803,0.0009409285714285026
16804,0.0009560357142857206
16805,0.001006500000000037
16806,0.0010308214285714204
16807,0.0010034999999999985
16808,0.0009897857142857752
16809,0.0010149642857142688
16810,0.0010301785714285116
16811,0.0010373571428570775
16812,0.0010512857142856546
16813,0.0010508571428570995
16814,0.0010177499999999538
16815,0.0009961071428570786
16816,0.00099257142857146
16817,0.0009849642857143388
16818,0.0009984642857143607
16819,0.0010291071428571996
16820,0.0009914999999999959
16821,0.0009554999999999885
16822,0.0009658928571427948
16823,0.0009316071428571604
16824,0.000881571428571399
16825,0.0008376428571428919
16826,0.0008253214285713588
16827,0.0008511428571429138
16828,0.0008404285714285769
16829,0.0007950000000000504
16830,0.0007698214285714045
16831,0.0007582499999999572
16832,0.0007517142857143
16833,0.0007368214285714357
16834,0.0007329642857142866
16835,0.0007000714285714947
16836,0.0006805714285713955
16837,0.0006908571428571772
16838,0.0006745714285714704
16839,0.0006226071428571345
16840,0.0006163928571428556
16841,0.0006467142857143163
16842,0.0006582857142857636
16843,0.0006566785714285674
16844,0.0006353571428570705
16845,0.0006325714285713856
16846,0.0006157499999999467
16847,0.0006023571428571018
16848,0.0006175714285714967
16849,0.000625178571428618
16850,0.0006301071428570789
16851,0.0006261428571429053
16852,0.000621214285714292
16853,0.0006243214285713553
16854,0.0006291428571427917
16855,0.0006392142857142196
16856,0.0006571071428571226
16857,0.0006438214285714545
16858,0.0006066428571428061
16859,0.0006039642857142979
16860,0.000621214285714292
16861,0.0006131785714286155
16862,0.0006062142857142509
16863,0.0006242142857143307
16864,0.0006243214285713553
16865,0.0006193928571428943
16866,0.0006443571428571866
16867,0.0006426428571428134
16868,0.000639107142857195
16869,0.0006510000000000206
16870,0.000649714285714355
16871,0.0006403928571428606
16872,0.0006432857142857224
16873,0.0006244285714285322
16874,0.0006434999999999239
16875,0.0006802500000000171
16876,0.0006841071428571663
16877,0.0006625714285714678
16878,0.0006414642857143247
16879,0.0006469285714285177
16880,0.0006411428571427942
16881,0.0006385714285714629
16882,0.0006134999999999938
16883,0.0006453214285714738
16884,0.0006634285714285783
16885,0.000635142857142869
16886,0.0006367500000000652
16887,0.0006699642857142355
16888,0.0006567857142857443
16889,0.0006645000000000424
16890,0.000649714285714355
16891,0.00066128571428565
16892,0.0006626785714286447
16893,0.000651857142857131
16894,0.0006403928571428606
16895,0.0006418928571428799
16896,0.000642428571428612
16897,0.0006288214285714133
16898,0.0006235714285714218
16899,0.0006531428571427966
16900,0.000657964285714233
16901,0.0006651428571427991
16902,0.0006817500000000365
16903,0.0006695357142856803
16904,0.0006469285714285177
16905,0.0006442500000000097
16906,0.000621214285714292
16907,0.0006275357142857478
16908,0.0006438214285714545
16909,0.0006563571428571891
16910,0.000675857142857136
16911,0.0006870000000000281
16912,0.0007101428571429226
16913,0.0007277142857142951
16914,0.0006946071428571494
16915,0.0006880714285714922
16916,0.0006913928571429093
16917,0.0006994285714285858
16918,0.0007162500000000246
16919,0.0007147500000000053
16920,0.0007217142857142176
16921,0.0007001785714285193
16922,0.0006834642857142573
16923,0.0006631071428571999
16924,0.0006486428571428909
16925,0.0006370714285714435
16926,0.0006420000000000568
16927,0.0006578571428572083
16928,0.0006409285714285927
16929,0.0006203571428571816
16930,0.0006564642857142136
16931,0.0006489642857142692
16932,0.0006022499999999249
16933,0.0006250714285714411
16934,0.0006598928571428075
16935,0.0006651428571427991
16936,0.0006642857142856887
16937,0.0006627857142856694
16938,0.0006505714285714654
16939,0.0006332142857142945
16940,0.0006264642857142836
16941,0.0006263571428571067
16942,0.0006580714285714099
16943,0.0007091785714286354
16944,0.0007894285714285283
16945,0.0009260357142856382
16946,0.0010349999999999479
16947,0.0011654999999999559
16948,0.0012886071428571963
16949,0.0013537500000000233
16950,0.0013852499999999729
16951,0.0012536785714285007
16952,0.0009633214285714635
16953,0.0006593571428570755
16954,0.00045985714285709127
16955,0.0003826071428570848
16956,0.0004050000000000458
16957,0.0004084285714286397
16958,0.000390321428571383
16959,0.0003774642857142701
16960,0.0004298571428571612
16961,0.0005163214285714852
16962,0.0005603571428571692
16963,0.0005773928571428095
16964,0.0006207857142857368
16965,0.0006580714285714099
16966,0.0006771428571428017
16967,0.0006861428571429177
16968,0.0006933214285714837
16969,0.0007224642857143035
16970,0.0007176428571428671
16971,0.0007161428571428477
16972,0.0007268571428571847
16973,0.0007186071428571544
16974,0.0007112142857142345
16975,0.0007355357142857701
16976,0.0007792500000000757
16977,0.0007643571428572114
16978,0.0007474285714285957
16979,0.0007671428571428963
16980,0.0007858928571429098
16981,0.0007473214285714188
16982,0.0007460357142857532
16983,0.0007700357142857582
16984,0.0007652142857143218
16985,0.0007767857142857691
16986,0.0007947857142856967
16987,0.0008113928571427819
16988,0.0008066785714285224
16989,0.000817607142857213
16990,0.000837535714285715
16991,0.0008531785714285129
16992,0.0008708571428572144
16993,0.0008735357142857225
16994,0.0008427857142857066
16995,0.0008438571428571708
16996,0.0008793214285714462
16997,0.0009069642857142465
16998,0.000937392857142884
16999,0.0009518571428571932
17000,0.0009551785714286102
17001,0.0009657857142857702
17002,0.0009667500000000574
17003,0.0009621428571428226
17004,0.0009536785714285909
17005,0.0009570000000000079
17006,0.0010157142857143548
17007,0.0010291071428571996
17008,0.0010017857142857777
17009,0.0010209642857143461
17010,0.0010073571428571475
17011,0.0009874285714286453
17012,0.0010057499999999513
17013,0.001005321428571396
17014,0.0009751071428571123
17015,0.0009480000000000441
17016,0.0009551785714286102
17017,0.000960857142857157
17018,0.0009318214285713619
17019,0.000915642857142832
17020,0.0009219642857142877
17021,0.0008982857142856611
17022,0.0008826428571428632
17023,0.0008622857142856536
17024,0.0008326071428571019
17025,0.0008019642857142629
17026,0.0007749642857142192
17027,0.0007597499999999765
17028,0.0007648928571427912
17029,0.0007491428571428165
17030,0.0007107857142856793
17031,0.000687107142857205
17032,0.0006708214285714981
17033,0.0006684642857142162
17034,0.0006872142857142295
17035,0.0006726428571428958
17036,0.0006396428571429271
17037,0.000632357142857184
17038,0.0006254999999999963
17039,0.000608464285714356
17040,0.0005824285714285996
17041,0.0005816785714285137
17042,0.0005825357142857765
17043,0.0005827499999999779
17044,0.0006019285714285466
17045,0.0006012857142857898
17046,0.000600642857142881
17047,0.0006016071428571682
17048,0.0006189642857143391
17049,0.0006189642857143391
17050,0.0006130714285714386
17051,0.0005928214285714059
17052,0.000579964285714293
17053,0.000569892857142865
17054,0.0005565000000000201
17055,0.0005849999999999308
17056,0.0006147857142856594
17057,0.0006097500000000216
17058,0.0006002142857143257
17059,0.0005842499999999973
17060,0.0005716071428570859
17061,0.0005836071428570883
17062,0.0006146785714286348
17063,0.0006315000000000736
17064,0.0006317142857142752
17065,0.0006325714285713856
17066,0.0006153214285713915
17067,0.0006222857142857562
17068,0.0005950714285713587
17069,0.0005951785714285356
17070,0.000620571428571383
17071,0.0006071785714285382
17072,0.0006094285714286433
17073,0.0006134999999999938
17074,0.0006023571428571018
17075,0.0006242142857143307
17076,0.0006185357142857839
17077,0.0006266785714286374
17078,0.0006458571428572059
17079,0.0006243214285713553
17080,0.0005975357142856654
17081,0.0005853214285714614
17082,0.000589928571428544
17083,0.0006012857142857898
17084,0.0006343928571427832
17085,0.0006150000000000132
17086,0.000589392857142812
17087,0.000614571428571458
17088,0.0006159642857143004
17089,0.0005957142857142677
17090,0.0006075000000000687
17091,0.0006092142857142895
17092,0.0006024642857142786
17093,0.0005971071428571102
17094,0.0006216428571428472
17095,0.0006189642857143391
17096,0.0005975357142856654
17097,0.0006183214285714302
17098,0.0006297857142857006
17099,0.0006083571428571791
17100,0.0005840357142856435
17101,0.0006237857142857755
17102,0.0006593571428570755
17103,0.0006433928571428993
17104,0.0006482142857143357
17105,0.0006603214285713627
17106,0.0006331071428571177
17107,0.0006247500000000628
17108,0.0006208928571429137
17109,0.0006152142857142147
17110,0.0006264642857142836
17111,0.0006881785714285168
17112,0.0007045714285714005
17113,0.0006811071428571275
17114,0.000665249999999976
17115,0.000657964285714233
17116,0.0006400714285714823
17117,0.00063128571428572
17118,0.0006185357142857839
17119,0.0005949642857143342
17120,0.0005968928571429088
17121,0.0006165000000000325
17122,0.0006002142857143257
17123,0.0005472857142857025
17124,0.0005815714285714892
17125,0.0006174642857143198
17126,0.0006160714285714773
17127,0.0006032142857142122
17128,0.0006020357142857235
17129,0.0005876785714285912
17130,0.0005639999999999645
17131,0.0005590714285715035
17132,0.0005716071428570859
17133,0.0006012857142857898
17134,0.0006040714285714748
17135,0.0005786785714286274
17136,0.0006080357142856485
17137,0.0006767142857142465
17138,0.0007673571428570979
17139,0.0008489999999999855
17140,0.0009714642857143169
17141,0.0011315357142856997
17142,0.0012394285714285454
17143,0.0012924642857143453
17144,0.0013468928571428356
17145,0.001281000000000075
17146,0.0010228928571429207
17147,0.0006968571428571023
17148,0.0004886785714285326
17149,0.00040446428571431375
17150,0.00036010714285709917
17151,0.00029485714285709517
17152,0.00029399999999998476
17153,0.0003324642857142988
17154,0.0003821785714285296
17155,0.0004406785714285227
17156,0.0004775357142856405
17157,0.0005362499999999874
17158,0.0006010714285714362
17159,0.0006148928571428363
17160,0.0006337500000000265
17161,0.0006366428571428883
17162,0.000634607142857137
17163,0.0006388928571428412
17164,0.0006426428571428134
17165,0.0006569999999999457
17166,0.0006722142857143406
17167,0.0006599999999999844
17168,0.0006725357142857189
17169,0.0006847500000000752
17170,0.0006732857142856525
17171,0.0006665357142856416
17172,0.0006845357142857215
17173,0.0007108928571428562
17174,0.0007184999999999775
17175,0.0006978214285713896
17176,0.0007063928571427982
17177,0.0007280357142856734
17178,0.0007357499999999716
17179,0.0007453928571428443
17180,0.000769607142857203
17181,0.0007558928571428274
17182,0.0007501071428571038
17183,0.0007627500000000153
17184,0.0007655357142857002
17185,0.0008012142857143293
17186,0.0008102142857142931
17187,0.000830892857142881
17188,0.0008344285714284995
17189,0.0008386071428571792
17190,0.0008663571428571564
17191,0.0008540357142857756
17192,0.000847607142857143
17193,0.0008710714285714159
17194,0.0008978571428571059
17195,0.0009111428571429262
17196,0.0009175714285714065
17197,0.0009142499999999895
17198,0.0009265714285713703
17199,0.0009520714285713946
17200,0.0009394285714286355
17201,0.0009383571428571713
17202,0.0009524999999999498
17203,0.000953571428571414
17204,0.0009756428571428444
17205,0.0009677142857143447
17206,0.0009612857142857122
17207,0.0009594642857143144
17208,0.0009363214285714199
17209,0.000915642857142832
17210,0.0009376071428570856
17211,0.000953571428571414
17212,0.0009376071428570856
17213,0.0008985000000000147
17214,0.0008520000000000242
17215,0.0008310000000000579
17216,0.0008109642857142266
17217,0.0007752857142857498
17218,0.0007507500000000127
17219,0.0007798928571428324
17220,0.0007981071428571138
17221,0.00074667857142851
17222,0.0007017857142857156
17223,0.0006535714285715041
17224,0.0006481071428571588
17225,0.000668035714285661
17226,0.0006466071428571394
17227,0.0006322500000000073
17228,0.0006376071428571756
17229,0.0006028928571428338
17230,0.000573214285714282
17231,0.0005441785714286393
17232,0.0005467499999999704
17233,0.0005506071428571195
17234,0.0005206071428571895
17235,0.0005618571428571886
17236,0.0006069642857143366
17237,0.0005800714285714698
17238,0.0005572499999999536
17239,0.0005502857142857412
17240,0.000533142857142924
17241,0.0005464285714285921
17242,0.0005503928571429181
17243,0.00054589285714286
17244,0.0005148214285714658
17245,0.0005100000000000295
17246,0.0005313214285713741
17247,0.0005583214285714178
17248,0.0005438571428571087
17249,0.000544821428571396
17250,0.0005311071428571727
17251,0.0005248928571428938
17252,0.0005688214285714009
17253,0.0005803928571428482
17254,0.0005562857142856663
17255,0.0005449285714285728
17256,0.0005647500000000503
17257,0.0005782500000000722
17258,0.0005588571428571498
17259,0.00053207142857146
17260,0.0005397857142857581
17261,0.0005531785714286031
17262,0.0005565000000000201
17263,0.000582107142857069
17264,0.0005681785714286442
17265,0.00056710714285718
17266,0.0005585357142857715
17267,0.0005707499999999755
17268,0.0005670000000000033
17269,0.0005679642857142905
17270,0.0005436428571429072
17271,0.0005601428571428154
17272,0.000550928571428498
17273,0.0005463214285714152
17274,0.0005588571428571498
17275,0.0005667857142856495
17276,0.0005727857142857268
17277,0.0005849999999999308
17278,0.0005581071428572163
17279,0.0005365714285713657
17280,0.0005598214285714371
17281,0.0006030000000000106
17282,0.0005813571428571354
17283,0.0005590714285715035
17284,0.0005349642857143217
17285,0.0005214642857142999
17286,0.0005244642857143386
17287,0.0005345357142857665
17288,0.0005682857142856689
17289,0.0005811428571427818
17290,0.0005495357142856554
17291,0.0005556428571429097
17292,0.0005862857142857487
17293,0.0005641071428571414
17294,0.000558749999999973
17295,0.0005680714285714673
17296,0.0005582142857142409
17297,0.0005435357142857303
17298,0.0005368928571428962
17299,0.0005329285714285703
17300,0.0005288571428570675
17301,0.0005478214285714346
17302,0.0005537142857143351
17303,0.0005631428571428542
17304,0.0005849999999999308
17305,0.0005703214285714203
17306,0.0005646428571428735
17307,0.0005504999999999427
17308,0.0005560714285714649
17309,0.0005736428571428373
17310,0.0005529642857142493
17311,0.000528642857142866
17312,0.0005546785714286224
17313,0.0006238928571428001
17314,0.0006394285714285733
17315,0.0005934642857143148
17316,0.0005808214285714034
17317,0.0005921785714284969
17318,0.000620035714285651
17319,0.0006448928571429186
17320,0.0006409285714285927
17321,0.0006300000000000543
17322,0.0006171428571427891
17323,0.0005911071428571851
17324,0.0005818928571428675
17325,0.0006102857142857536
17326,0.0006241071428571538
17327,0.0005889642857142568
17328,0.0005626071428571221
17329,0.0005694642857143098
17330,0.0005716071428570859
17331,0.0005577857142856857
17332,0.0005546785714286224
17333,0.000558749999999973
17334,0.0005454642857143048
17335,0.0005507142857142964
17336,0.0005335714285714792
17337,0.0005174999999999739
17338,0.0005423571428570894
17339,0.0005548928571428239
17340,0.0005384999999999402
17341,0.0005538214285713597
17342,0.0005412857142857774
17343,0.0005449285714285728
17344,0.0005912142857142096
17345,0.0006260357142857284
17346,0.0006618214285713821
17347,0.0008099999999999393
17348,0.0009911785714286176
17349,0.0011401071428571083
17350,0.0012978214285713616
17351,0.001368428571428534
17352,0.0013838571428571303
17353,0.0013000714285714666
17354,0.001043892857142887
17355,0.000706499999999975
17356,0.00045257142857150053
17357,0.0003659999999999997
17358,0.0003211071428572053
17359,0.00026914285714286937
17360,0.00027257142857146325
17361,0.00032764285714286244
17362,0.00038839285714280844
17363,0.0004469999999999784
17364,0.000498000000000027
17365,0.0005368928571428962
17366,0.0005342142857142359
17367,0.0005471785714285256
17368,0.0005717142857142628
17369,0.0005835000000000638
17370,0.0005977500000000191
17371,0.0006116785714285961
17372,0.0006166071428572094
17373,0.0006140357142857259
17374,0.0006374999999999987
17375,0.0006442500000000097
17376,0.0006501428571429102
17377,0.0006692142857143019
17378,0.0006762857142856912
17379,0.0006455357142856753
17380,0.0006319285714286288
17381,0.0006400714285714823
17382,0.0006654642857143297
17383,0.0007385357142856565
17384,0.0007512857142857448
17385,0.0007371428571428141
17386,0.0007153928571429142
17387,0.0007123928571428755
17388,0.0007194642857142648
17389,0.0007116428571427898
17390,0.0007262142857142757
17391,0.0007440000000000018
17392,0.0007658571428570785
17393,0.0007927499999999453
17394,0.0007733571428571752
17395,0.0007412142857143168
17396,0.0007618928571429048
17397,0.0008154642857142846
17398,0.000819749999999989
17399,0.0008229642857142291
17400,0.000839785714285668
17401,0.0008552142857142643
17402,0.0008428928571428835
17403,0.0008496428571428944
17404,0.0008812500000000207
17405,0.0009215357142857325
17406,0.0009215357142857325
17407,0.0009215357142857325
17408,0.0009491785714285328
17409,0.0009429642857142539
17410,0.0009320357142857156
17411,0.0009676071428571678
17412,0.0009712499999999632
17413,0.0009497142857142649
17414,0.0009365357142857736
17415,0.0009193928571428042
17416,0.0009354642857143095
17417,0.0009725357142857811
17418,0.0009491785714285328
17419,0.0009247499999999726
17420,0.0008993571428571252
17421,0.0008701071428571286
17422,0.000873749999999924
17423,0.0008633571428571178
17424,0.000847607142857143
17425,0.0008266071428571768
17426,0.0008012142857143293
17427,0.0007655357142857002
17428,0.0007255714285713667
17429,0.0006950357142857046
17430,0.000693750000000039
17431,0.000668035714285661
17432,0.0006316071428570983
17433,0.0006456428571428522
17434,0.0006377142857143525
17435,0.0006024642857142786
17436,0.0005833928571428869
17437,0.0005552142857143545
17438,0.0005476071428570809
17439,0.0005607857142857244
17440,0.0005673214285713816
17441,0.0005742857142857462
17442,0.0005666785714286248
17443,0.0005522142857143158
17444,0.0005383928571429156
17445,0.0005000357142857784
17446,0.0004973571428571181
17447,0.000535928571428609
17448,0.0005506071428571195
17449,0.0005445000000000176
17450,0.0005169642857142418
17451,0.0005305714285714406
17452,0.0005360357142857858
17453,0.0005504999999999427
17454,0.0005340000000000344
17455,0.0005338928571428576
17456,0.0005328214285713935
17457,0.0005171785714285956
17458,0.00050528571428577
17459,0.0005062500000000572
17460,0.0005311071428571727
17461,0.0005407500000000453
17462,0.0005539285714285366
17463,0.0005407500000000453
17464,0.0005092499999999437
17465,0.0005362499999999874
17466,0.0005589642857143267
17467,0.000529285714285775
17468,0.0005013214285714441
17469,0.0005287500000000429
17470,0.00056710714285718
17471,0.0005410714285714237
17472,0.0005088214285713885
17473,0.0005558571428571111
17474,0.0005795357142857378
17475,0.0005598214285714371
17476,0.0005482499999999898
17477,0.0005417142857143326
17478,0.0005341071428572113
17479,0.0005177142857143277
17480,0.000545357142857128
17481,0.0005892857142857874
17482,0.0005571428571429291
17483,0.0005315357142857279
17484,0.0005454642857143048
17485,0.00056710714285718
17486,0.0005410714285714237
17487,0.0005293928571427996
17488,0.0005532857142857799
17489,0.0005334642857143024
17490,0.0005315357142857279
17491,0.0005451428571429265
17492,0.0005396785714285812
17493,0.0005078571428571012
17494,0.0004955357142857204
17495,0.0005302500000000622
17496,0.0005367857142857195
17497,0.0005643214285714951
17498,0.0005664642857142712
17499,0.0005709642857143292
17500,0.0005584285714285946
17501,0.0005512500000000285
17502,0.000541499999999979
17503,0.0005309999999999958
17504,0.0005201785714286343
17505,0.0005370000000000731
17506,0.0005460000000000369
17507,0.000548678571428545
17508,0.0005426785714286199
17509,0.000529285714285775
17510,0.0005150357142856673
17511,0.0005097857142856758
17512,0.0005205000000000126
17513,0.000549321428571454
17514,0.0005757857142857655
17515,0.0005778214285713647
17516,0.0005682857142856689
17517,0.0005391428571428492
17518,0.0005315357142857279
17519,0.0005263928571429132
17520,0.0005250000000000707
17521,0.0005297142857143302
17522,0.0005388214285714708
17523,0.0005686071428571994
17524,0.0005990357142856847
17525,0.0005923928571428507
17526,0.0005740714285713925
17527,0.0005398928571427827
17528,0.0005422500000000647
17529,0.0005634642857142325
17530,0.0005597142857142602
17531,0.0005484642857143436
17532,0.0005605714285713706
17533,0.0005761071428571439
17534,0.0005836071428570883
17535,0.0006076071428570933
17536,0.0006402857142856838
17537,0.0006433928571428993
17538,0.0006496071428571781
17539,0.0006386785714286398
17540,0.0005900357142857209
17541,0.0005942142857142484
17542,0.0006068571428571597
17543,0.0005794285714285609
17544,0.0005416071428571557
17545,0.0005309999999999958
17546,0.0005706428571427986
17547,0.0006005357142857041
17548,0.0005622857142857438
17549,0.00054589285714286
17550,0.0005551071428571776
17551,0.0005544642857142687
17552,0.0005346428571427911
17553,0.0005404285714285148
17554,0.0005478214285714346
17555,0.0005106428571427862
17556,0.000498535714285759
17557,0.0005206071428571895
17558,0.0005626071428571221
17559,0.0005550000000000007
17560,0.0005172857142857725
17561,0.0005378571428571835
17562,0.0005662500000000696
17563,0.0006215357142856703
17564,0.0007196785714286185
17565,0.0008320714285713698
17566,0.0009896785714285984
17567,0.001139892857142907
17568,0.0012590357142856692
17569,0.0013195714285714137
17570,0.0013513928571428936
17571,0.0012965357142856958
17572,0.0010532142857142292
17573,0.0006971785714286328
17574,0.000426642857142921
17575,0.00035249999999997783
17576,0.00033825000000002245
17577,0.0002681785714285821
17578,0.00024482142857148607
17579,0.0002620714285714801
17580,0.00036782142857139734
17581,0.0004909285714286378
17582,0.0005205000000000126
17583,0.0005299285714285316
17584,0.0005361428571428105
17585,0.0005616428571428348
17586,0.0005511428571428516
17587,0.0005092499999999437
17588,0.0005500714285713875
17589,0.0006253928571428194
17590,0.0006228214285714883
17591,0.0006114642857142425
17592,0.0006155357142857452
17593,0.0006201428571428279
17594,0.0006155357142857452
17595,0.0006116785714285961
17596,0.0006114642857142425
17597,0.0006917142857142876
17598,0.000694285714285771
17599,0.000683142857142879
17600,0.0006693214285714788
17601,0.0006761785714285144
17602,0.0007194642857142648
17603,0.0006941785714285942
17604,0.0006784285714286195
17605,0.0006857142857142102
17606,0.0007175357142856902
17607,0.0007194642857142648
17608,0.0007156071428571157
17609,0.0007401428571428527
17610,0.00073049999999998
17611,0.0007240714285714996
17612,0.0007302857142857785
17613,0.0007441071428571787
17614,0.0007295357142856927
17615,0.0007453928571428443
17616,0.0008014285714285308
17617,0.0008231785714285829
17618,0.0008186785714285248
17619,0.0008583214285714798
17620,0.0008798571428571783
17621,0.000892821428571468
17622,0.0008858571428571033
17623,0.000868821428571463
17624,0.0008701071428571286
17625,0.0008959285714285313
17626,0.0009247499999999726
17627,0.000946285714285671
17628,0.0009677142857143447
17629,0.000970821428571408
17630,0.0009526071428571267
17631,0.0009448928571428285
17632,0.0009459642857142926
17633,0.0009448928571428285
17634,0.0009429642857142539
17635,0.000932357142857094
17636,0.0009511071428571073
17637,0.0009348214285714005
17638,0.0008915357142856501
17639,0.0008872499999999458
17640,0.0008457857142857453
17641,0.0008094642857143596
17642,0.0008032499999999285
17643,0.0007730357142856447
17644,0.0008001428571428651
17645,0.0007887857142857716
17646,0.0007537500000000514
17647,0.0007107857142856793
17648,0.0006813214285714813
17649,0.0006693214285714788
17650,0.0006708214285714981
17651,0.0006219642857142255
17652,0.0006073928571428918
17653,0.0006102857142857536
17654,0.0005900357142857209
17655,0.0006087857142857343
17656,0.0006199285714286264
17657,0.0005711785714285307
17658,0.0005443928571428407
17659,0.0005606785714285475
17660,0.0005706428571427986
17661,0.0005233928571428745
17662,0.0004869642857143118
17663,0.0004984285714285822
17664,0.0005321785714286367
17665,0.0005606785714285475
17666,0.0005538214285713597
17667,0.0005268214285714684
17668,0.0005134285714286234
17669,0.0005262857142857363
17670,0.0005284285714285123
17671,0.00051589285714293
17672,0.0005112857142856951
17673,0.0005239285714286065
17674,0.0005156785714285762
17675,0.0005130000000000682
17676,0.0005355000000000538
17677,0.0005420357142857109
17678,0.0005111785714285183
17679,0.000507428571428546
17680,0.0005188928571428164
17681,0.0005373214285714514
17682,0.0005776071428571632
17683,0.0005585357142857715
17684,0.0005334642857143024
17685,0.000505821428571502
17686,0.0005090357142857422
17687,0.0005461071428572138
17688,0.0005717142857142628
17689,0.0005720357142856411
17690,0.0005616428571428348
17691,0.0005439642857142855
17692,0.0005030357142856649
17693,0.0005263928571429132
17694,0.0005581071428572163
17695,0.0005630357142856773
17696,0.0005485714285713681
17697,0.0005123571428571592
17698,0.0005087142857142116
17699,0.0005429999999999982
17700,0.0005572499999999536
17701,0.0005482499999999898
17702,0.00054085714285707
17703,0.0005581071428572163
17704,0.0005463214285714152
17705,0.0005371071428570978
17706,0.0005546785714286224
17707,0.0005429999999999982
17708,0.0005350714285714986
17709,0.0005476071428570809
17710,0.0005583214285714178
17711,0.0005605714285713706
17712,0.000549857142857186
17713,0.0005306785714286175
17714,0.0005470714285715011
17715,0.0005440714285714624
17716,0.0005449285714285728
17717,0.0005574642857143074
17718,0.0005682857142856689
17719,0.0005476071428570809
17720,0.0005184642857142612
17721,0.0005035714285713969
17722,0.0004929642857142369
17723,0.0005436428571429072
17724,0.0005682857142856689
17725,0.0005360357142857858
17726,0.0005422500000000647
17727,0.0005426785714286199
17728,0.0005321785714286367
17729,0.0005460000000000369
17730,0.0005516785714285837
17731,0.0005428928571428214
17732,0.0005692499999999561
17733,0.0005606785714285475
17734,0.0005450357142857497
17735,0.0005456785714285064
17736,0.0005646428571428735
17737,0.0005969999999999333
17738,0.0005843571428571741
17739,0.0005490000000000756
17740,0.0005363571428571643
17741,0.0005483571428571667
17742,0.0005597142857142602
17743,0.0005510357142856747
17744,0.0005825357142857765
17745,0.0005980714285713975
17746,0.0005737500000000141
17747,0.000586607142857127
17748,0.0005885357142857016
17749,0.0005806071428572019
17750,0.0005778214285713647
17751,0.0005912142857142096
17752,0.0006483214285713602
17753,0.0006696428571428571
17754,0.0006286071428572118
17755,0.0006031071428571875
17756,0.0006449999999999433
17757,0.0006625714285714678
17758,0.0006326785714285625
17759,0.0005676428571429121
17760,0.0005251071428570952
17761,0.0005374285714286283
17762,0.0005188928571428164
17763,0.0005212499999999461
17764,0.0005561785714286418
17765,0.0005516785714285837
17766,0.0005621785714285669
17767,0.000563250000000031
17768,0.0005490000000000756
17769,0.0005456785714285064
17770,0.0005454642857143048
17771,0.0005407500000000453
17772,0.0005393571428572029
17773,0.0005357142857142553
17774,0.0005060357142857036
17775,0.0004856785714286462
17776,0.0005401071428571365
17777,0.0005887500000000553
17778,0.0006522857142856862
17779,0.0007563214285713826
17780,0.0008701071428571286
17781,0.0009935357142857473
17782,0.0011506071428570915
17783,0.0012732857142857767
17784,0.0013639285714286283
17785,0.0014430000000000324
17786,0.0013577142857143494
17787,0.001023857142857208
17788,0.0006402857142856838
17789,0.00042225000000003984
17790,0.00032742857142850873
17791,0.00026925000000004625
17792,0.00025725000000004374
17793,0.0002616428571429249
17794,0.0003475714285713646
17795,0.00042396428571426066
17796,0.00045224999999996993
17797,0.00048760714285706844
17798,0.0005136428571428248
17799,0.0005361428571428105
17800,0.0005552142857143545
17801,0.00056207142857139
17802,0.0005769642857142542
17803,0.000596678571428555
17804,0.0006128571428570848
17805,0.0005751428571428566
17806,0.000576535714285699
17807,0.0006308571428571648
17808,0.0006463928571427858
17809,0.0006398571428571285
17810,0.0006155357142857452
17811,0.0006418928571428799
17812,0.0006782142857142657
17813,0.0006701785714285892
17814,0.000676392857142868
17815,0.0006663214285714402
17816,0.0006877499999999616
17817,0.0007190357142857096
17818,0.0007134642857143397
17819,0.0007060714285714198
17820,0.0007015714285713618
17821,0.0007127142857142538
17822,0.000717107142857135
17823,0.000713142857142809
17824,0.000707035714285707
17825,0.0007005000000000499
17826,0.0007061785714285966
17827,0.0007566428571429133
17828,0.000789642857142882
17829,0.000798535714285669
17830,0.0007977857142857353
17831,0.0007989642857142242
17832,0.0008210357142856545
17833,0.0008390357142857344
17834,0.0008705357142856838
17835,0.0008779285714286037
17836,0.000873749999999924
17837,0.0008714999999999711
17838,0.000874928571428565
17839,0.0008786785714285372
17840,0.0008953928571427992
17841,0.0008989285714285699
17842,0.0009215357142857325
17843,0.0009282857142857433
17844,0.000947464285714312
17845,0.0009640714285713971
17846,0.000964714285714306
17847,0.0009638571428571956
17848,0.0009487499999999776
17849,0.0009113571428571276
17850,0.0008920714285713822
17851,0.0009362142857142431
17852,0.0009727499999999825
17853,0.0009248571428571495
17854,0.0008826428571428632
17855,0.0008898214285714293
17856,0.0008536071428570681
17857,0.0008059285714285888
17858,0.000791785714285658
17859,0.0007859999999999344
17860,0.0007368214285714357
17861,0.0006963214285713702
17862,0.0006868928571428512
17863,0.0006962142857143456
17864,0.0007078928571428174
17865,0.0006750000000000256
17866,0.0006265714285714605
17867,0.0006072857142857149
17868,0.0006116785714285961
17869,0.0005949642857143342
17870,0.0005628214285714757
17871,0.0005578928571428626
17872,0.0005643214285714951
17873,0.0005546785714286224
17874,0.0005428928571428214
17875,0.0005211428571429216
17876,0.0005258571428571811
17877,0.0005250000000000707
17878,0.000500785714285712
17879,0.0005153571428571979
17880,0.0005191071428571702
17881,0.0005161071428571314
17882,0.0005272500000000236
17883,0.0004989642857143143
17884,0.0005081785714286318
17885,0.0005710714285713538
17886,0.0005431071428571751
17887,0.0005155714285713994
17888,0.0005333571428571255
17889,0.0005243571428571617
17890,0.0004932857142857675
17891,0.0004999285714286016
17892,0.0005167500000000404
17893,0.0005426785714286199
17894,0.00056207142857139
17895,0.0005485714285713681
17896,0.0005154642857142226
17897,0.0005141785714285569
17898,0.0005200714285714574
17899,0.0005258571428571811
17900,0.0005372142857142747
17901,0.0005254285714286259
17902,0.0005116071428570735
17903,0.0005302500000000622
17904,0.0005565000000000201
17905,0.0005500714285713875
17906,0.0005148214285714658
17907,0.0005262857142857363
17908,0.0005515714285714068
17909,0.0005473928571428794
17910,0.0005291785714285981
17911,0.000551999999999962
17912,0.0005572499999999536
17913,0.0005525357142856941
17914,0.000562714285714299
17915,0.0005466428571427937
17916,0.0005349642857143217
17917,0.0005325000000000151
17918,0.0005240357142857834
17919,0.0005571428571429291
17920,0.0005657142857143376
17921,0.0005168571428572173
17922,0.0005290714285714212
17923,0.0005556428571429097
17924,0.0005363571428571643
17925,0.0005177142857143277
17926,0.0005367857142857195
17927,0.0005437499999999318
17928,0.0005248928571428938
17929,0.0005100000000000295
17930,0.0005214642857142999
17931,0.000551999999999962
17932,0.0005616428571428348
17933,0.000528642857142866
17934,0.0005085000000000101
17935,0.0005461071428572138
17936,0.0005690357142857546
17937,0.0005568214285713984
17938,0.0005389285714284954
17939,0.0005185714285714381
17940,0.0004963928571428308
17941,0.0005193214285713716
17942,0.0005534999999999814
17943,0.0005604642857143461
17944,0.0005200714285714574
17945,0.0005277857142857556
17946,0.0005796428571429146
17947,0.0005764285714285223
17948,0.0005515714285714068
17949,0.0005468571428571473
17950,0.0005502857142857412
17951,0.0005416071428571557
17952,0.0005341071428572113
17953,0.0005553214285713791
17954,0.0005435357142857303
17955,0.0005393571428572029
17956,0.000538071428571385
17957,0.0005348571428571449
17958,0.0005416071428571557
17959,0.0005522142857143158
17960,0.0005471785714285256
17961,0.0005440714285714624
17962,0.0005641071428571414
17963,0.0005818928571428675
17964,0.0005800714285714698
17965,0.000589928571428544
17966,0.0006088928571429112
17967,0.000617892857142875
17968,0.000613928571428549
17969,0.0006070714285713613
17970,0.0006097500000000216
17971,0.0006326785714285625
17972,0.0006468214285714932
17973,0.0006216428571428472
17974,0.0005874642857142374
17975,0.0005800714285714698
17976,0.0006411428571427942
17977,0.0006124285714285296
17978,0.0005729999999999284
17979,0.0005718214285714395
17980,0.0005944285714286021
17981,0.0005673214285713816
17982,0.0005402142857143133
17983,0.0005266071428571146
17984,0.0005325000000000151
17985,0.0005548928571428239
17986,0.0005502857142857412
17987,0.0005494285714286308
17988,0.0005700000000000419
17989,0.000583928571428619
17990,0.0005578928571428626
17991,0.0005534999999999814
17992,0.0005488928571428988
17993,0.0005315357142857279
17994,0.000527464285714225
17995,0.0005225357142857641
17996,0.0005634642857142325
17997,0.0006568928571429212
17998,0.0007828928571428711
17999,0.0009099642857142852
18000,0.001052785714285674
18001,0.0011949642857143061
18002,0.0013042499999999942
18003,0.0013468928571428356
18004,0.0013580357142857276
18005,0.0012170357142857367
18006,0.0008836071428571505
18007,0.0005338928571428576
18008,0.0003499285714286466
18009,0.0003252857142857327
18010,0.00029346428571425267
18011,0.00023753571428574308
18012,0.00026667857142856274
18013,0.0003364285714286248
18014,0.0004252499999999263
18015,0.0004975714285714718
18016,0.0005248928571428938
18017,0.0005570357142857522
18018,0.0005781428571428953
18019,0.0005868214285714808
18020,0.0005944285714286021
18021,0.0006243214285713553
18022,0.0006209999999999382
18023,0.0006091071428571126
18024,0.0006053571428571404
18025,0.0006062142857142509
18026,0.0006335357142856728
18027,0.0006703928571427907
18028,0.0006728571428570973
18029,0.0006928928571429285
18030,0.0007009285714286051
18031,0.0006944999999999725
18032,0.0006865714285714729
18033,0.0006956785714286135
18034,0.0006959999999999919
18035,0.0007067142857143287
18036,0.0007142142857142732
18037,0.0007180714285714223
18038,0.0007374642857143446
18039,0.0007442142857143556
18040,0.000741642857142872
18041,0.0007389642857142117
18042,0.0007405714285714079
18043,0.000755678571428626
18044,0.0007772142857143243
18045,0.0007889999999999731
18046,0.0008152499999999309
18047,0.0008200714285713673
18048,0.0007982142857142905
18049,0.0008153571428571078
18050,0.0008673214285714436
18051,0.0008606785714286096
18052,0.000850392857142828
18053,0.0008682857142857309
18054,0.0008946428571428657
18055,0.0009241071428572159
18056,0.0009337499999999365
18057,0.0009459642857142926
18058,0.0009722142857142505
18059,0.0009369642857143288
18060,0.0009427500000000525
18061,0.0009621428571428226
18062,0.0009684642857142782
18063,0.00099814285714283
18064,0.001009392857142899
18065,0.0009937499999999489
18066,0.0009643928571429277
18067,0.0009453214285713837
18068,0.0009536785714285909
18069,0.0009823928571428553
18070,0.0010303928571428653
18071,0.0010102500000000094
18072,0.0009631071428571099
18073,0.0009461785714286464
18074,0.0009182142857143155
18075,0.0008947500000000425
18076,0.000865500000000046
18077,0.0008259642857142678
18078,0.0008118214285714893
18079,0.0008385000000000023
18080,0.0008254285714285357
18081,0.0007667142857143411
18082,0.0007401428571428527
18083,0.000714964285714359
18084,0.0006788571428571747
18085,0.0006799285714286388
18086,0.0006552857142857249
18087,0.000638464285714286
18088,0.0006587142857143188
18089,0.0006778928571428874
18090,0.0006510000000000206
18091,0.0006193928571428943
18092,0.0006143571428571042
18093,0.0006242142857143307
18094,0.0005984999999999527
18095,0.0005869285714285053
18096,0.0006048214285714084
18097,0.0006065357142857814
18098,0.0006127500000000603
18099,0.0006237857142857755
18100,0.0006021428571429002
18101,0.0005932499999999611
18102,0.0005993571428572153
18103,0.0005885357142857016
18104,0.0005773928571428095
18105,0.0005712857142857076
18106,0.0005823214285714227
18107,0.0005916428571429172
18108,0.0006101785714285768
18109,0.0005913214285713865
18110,0.0006013928571428145
18111,0.0006133928571428169
18112,0.0006173571428571429
18113,0.0006112500000000409
18114,0.0006038571428571211
18115,0.0006163928571428556
18116,0.0006402857142856838
18117,0.0006292499999999685
18118,0.0006127500000000603
18119,0.0006222857142857562
18120,0.0006201428571428279
18121,0.0006007500000000578
18122,0.0006049285714285852
18123,0.0006387857142856644
18124,0.0006371785714286204
18125,0.0006191785714285406
18126,0.0006170357142857646
18127,0.0006055714285714941
18128,0.0006112500000000409
18129,0.000666964285714349
18130,0.0006603214285713627
18131,0.000629035714285767
18132,0.0006462857142857611
18133,0.0006437142857142776
18134,0.0006310714285713662
18135,0.0006341785714285818
18136,0.0006317142857142752
18137,0.0006292499999999685
18138,0.0006626785714286447
18139,0.0006647142857142439
18140,0.0006481071428571588
18141,0.0006529285714285952
18142,0.0006421071428570815
18143,0.0006252857142856426
18144,0.0006252857142856426
18145,0.000637392857142822
18146,0.0006364285714285347
18147,0.0006148928571428363
18148,0.0006398571428571285
18149,0.000647357142857073
18150,0.0006280714285714797
18151,0.000634607142857137
18152,0.0006616071428571807
18153,0.0006955714285714367
18154,0.0006743571428571166
18155,0.0006487500000000678
18156,0.0006683571428571915
18157,0.0006573214285714764
18158,0.00065250000000004
18159,0.0006616071428571807
18160,0.0006711428571428765
18161,0.000647892857142805
18162,0.0006238928571428001
18163,0.0006413571428571478
18164,0.0006661071428570864
18165,0.0006729642857142741
18166,0.0006741428571429152
18167,0.0006738214285713846
18168,0.0006900000000000668
18169,0.0007117499999999665
18170,0.0006778928571428874
18171,0.0006727500000000727
18172,0.0006910714285713786
18173,0.0006924642857142211
18174,0.0007090714285714585
18175,0.0007296428571428696
18176,0.0007315714285714442
18177,0.0007281428571428503
18178,0.0007363928571428805
18179,0.0007215000000000162
18180,0.0007140000000000717
18181,0.000721071428571461
18182,0.0007146428571428284
18183,0.0007136785714285411
18184,0.0006868928571428512
18185,0.0006787499999999978
18186,0.0006618214285713821
18187,0.000637392857142822
18188,0.0006704999999999676
18189,0.0007071428571428839
18190,0.0007034999999999363
18191,0.0006821785714285917
18192,0.0006319285714286288
18193,0.0006097500000000216
18194,0.0006426428571428134
18195,0.0006924642857142211
18196,0.0007178571428570685
18197,0.0006890357142857795
18198,0.0007007142857142514
18199,0.0007061785714285966
18200,0.0006917142857142876
18201,0.0006969642857142792
18202,0.0007363928571428805
18203,0.0008266071428571768
18204,0.0009415714285714115
18205,0.0010727142857143285
18206,0.0011801785714286187
18207,0.0012923571428571684
18208,0.001382249999999934
18209,0.0014066785714286466
18210,0.0013156071428570876
18211,0.001069499999999936
18212,0.0007394999999999438
18213,0.00050528571428577
18214,0.00044571428571431277
18215,0.00043403571428568864
18216,0.00040532142857142416
18217,0.0004089642857142195
18218,0.0004164642857143162
18219,0.0004410000000000533
18220,0.0005216785714285013
18221,0.0006115714285714192
18222,0.0006531428571427966
18223,0.0006794999999999314
18224,0.0007012499999999835
18225,0.0007123928571428755
18226,0.0007343571428571291
18227,0.000753857142857076
18228,0.0007652142857143218
18229,0.0007664999999999875
18230,0.0007498928571429023
18231,0.0007468928571428636
18232,0.0007749642857142192
18233,0.0007601785714285317
18234,0.0007391785714285654
18235,0.0007605000000000623
18236,0.0008215714285713866
18237,0.0008449285714286349
18238,0.0008132142857143318
18239,0.0008112857142857572
18240,0.0008367857142857815
18241,0.0008215714285713866
18242,0.000820285714285721
18243,0.0008431071428570849
18244,0.0008569285714286374
18245,0.0008486785714286072
18246,0.0008599285714285238
18247,0.0008726785714286121
18248,0.0008844642857142609
18249,0.0008888571428571421
18250,0.0008629285714285626
18251,0.0008581071428571262
18252,0.0008887499999999652
18253,0.0008996785714285035
18254,0.0009169285714284975
18255,0.0009386785714285496
18256,0.0009477857142856903
18257,0.0009509999999999305
18258,0.0009728571428571594
18259,0.001030607142857219
18260,0.0010402499999999394
18261,0.0010111071428571198
18262,0.0010231071428571223
18263,0.0010373571428570775
18264,0.0010420714285714894
18265,0.0010373571428570775
18266,0.0010436785714285333
18267,0.001059428571428508
18268,0.0010618928571428147
18269,0.0010672499999999831
18270,0.0010541785714285165
18271,0.0010302857142856885
18272,0.0010543928571428703
18273,0.0010587857142857514
18274,0.0010541785714285165
18275,0.0010647857142856766
18276,0.0010557857142857127
18277,0.0010408928571428483
18278,0.0009878571428572006
18279,0.0009698571428571207
18280,0.0009845357142857837
18281,0.0009678214285713694
18282,0.0009118928571428597
18283,0.0008877857142856779
18284,0.0009033214285714511
18285,0.0009066428571428681
18286,0.0008795357142856476
18287,0.0008150357142857294
18288,0.0007850357142856471
18289,0.0007859999999999344
18290,0.0007876071428571306
18291,0.0007923214285713901
18292,0.0007647857142857666
18293,0.0007100357142857458
18294,0.0006683571428571915
18295,0.0006808928571429261
18296,0.0007087499999999279
18297,0.0006826071428571469
18298,0.0006718928571428101
18299,0.0006787499999999978
18300,0.0006741428571429152
18301,0.0006318214285714521
18302,0.0006624642857142911
18303,0.0006966428571429008
18304,0.0006835714285714342
18305,0.0006504642857142885
18306,0.000645214285714297
18307,0.0006462857142857611
18308,0.0006484285714285371
18309,0.0006637499999999567
18310,0.0006727500000000727
18311,0.0006671785714285506
18312,0.0006498214285713796
18313,0.0006408214285714158
18314,0.0006548571428571697
18315,0.0006846428571428983
18316,0.0007015714285713618
18317,0.0007125000000000524
18318,0.0007153928571429142
18319,0.000679178571428553
18320,0.0006382499999999324
18321,0.0006411428571427942
18322,0.0006595714285714292
18323,0.0006588214285714956
18324,0.000687107142857205
18325,0.0007024285714286244
18326,0.0006746785714286473
18327,0.0006552857142857249
18328,0.0006560357142856584
18329,0.0006647142857142439
18330,0.0006728571428570973
18331,0.0006632142857142246
18332,0.0006736071428571831
18333,0.0006811071428571275
18334,0.000692571428571398
18335,0.0006845357142857215
18336,0.0007041428571428452
18337,0.0006866785714284974
18338,0.0006454285714284985
18339,0.0006667499999999954
18340,0.0006990000000000305
18341,0.0006695357142856803
18342,0.0006442500000000097
18343,0.0006464999999999625
18344,0.000657964285714233
18345,0.0006845357142857215
18346,0.0006975000000000113
18347,0.0006866785714284974
18348,0.0006710357142856997
18349,0.0006533571428571504
18350,0.0006682500000000146
18351,0.0007008214285714283
18352,0.0006790714285713761
18353,0.0006980357142857432
18354,0.0007317857142856456
18355,0.0007166785714285798
18356,0.0006661071428570864
18357,0.0006102857142857536
18358,0.0006616071428571807
18359,0.0007130357142857845
18360,0.0007036071428571132
18361,0.0007176428571428671
18362,0.0007245000000000549
18363,0.0007189285714285327
18364,0.0006913928571429093
18365,0.0006645000000000424
18366,0.0006799285714286388
18367,0.0007055357142856878
18368,0.0007203214285713752
18369,0.0007217142857142176
18370,0.000707035714285707
18371,0.000723857142857146
18372,0.0007654285714285233
18373,0.0007438928571428249
18374,0.0006935357142856853
18375,0.0006550714285713712
18376,0.0006504642857142885
18377,0.0006643928571428656
18378,0.0006830357142857021
18379,0.0006923571428571966
18380,0.0006855000000000087
18381,0.0006572142857142995
18382,0.0006530357142857721
18383,0.0006526071428572169
18384,0.0006481071428571588
18385,0.0006479999999999819
18386,0.000671999999999987
18387,0.0006533571428571504
18388,0.0006301071428570789
18389,0.0006565714285713905
18390,0.0006602142857143382
18391,0.0006499285714285565
18392,0.0006569999999999457
18393,0.000647892857142805
18394,0.0006993214285714089
18395,0.0008066785714285224
18396,0.0008814642857142222
18397,0.000985392857142894
18398,0.001148142857142785
18399,0.0012473571428571971
18400,0.0012829285714284972
18401,0.0013281428571428223
18402,0.0013302857142857504
18403,0.001100249999999952
18404,0.0007512857142857448
18405,0.00051589285714293
18406,0.0004106785714285926
18407,0.00038775000000005174
18408,0.0003662142857143534
18409,0.00035378571428564345
18410,0.0003653571428570907
18411,0.00039310714285706793
18412,0.000450642857142926
18413,0.0005118214285714271
18414,0.000601178571428613
18415,0.0006682500000000146
18416,0.0006859285714285639
18417,0.0006639642857143104
18418,0.0006784285714286195
18419,0.0006863571428571191
18420,0.0006823928571427931
18421,0.0007128214285714307
18422,0.0007121785714285217
18423,0.0007190357142857096
18424,0.0007323214285713777
18425,0.0007216071428571931
18426,0.0007388571428571871
18427,0.000768964285714294
18428,0.000763928571428504
18429,0.0007496785714285486
18430,0.000738321428571455
18431,0.0007554642857142722
18432,0.0007802142857142107
18433,0.000779035714285722
18434,0.0007697142857142276
18435,0.0007567499999999378
18436,0.0007680000000000067
18437,0.0007711071428570701
18438,0.0008020714285714396
18439,0.0008243571428570716
18440,0.0008502857142856511
18441,0.0008508214285713832
18442,0.0008341071428571212
18443,0.0008500714285714496
18444,0.0008562857142857285
18445,0.0008427857142857066
18446,0.0008672142857142669
18447,0.000881571428571399
18448,0.0008699999999999518
18449,0.0008926071428571143
18450,0.0009124285714285918
18451,0.0009439285714285412
18452,0.0009364285714285968
18453,0.0009415714285714115
18454,0.0009923571428571063
18455,0.0009980357142856532
18456,0.0009838928571428746
18457,0.0009978214285714516
18458,0.0010074642857143244
18459,0.001006500000000037
18460,0.000995357142857145
18461,0.000981000000000013
18462,0.0009804642857142807
18463,0.0010137857142857802
18464,0.0010331785714285501
18465,0.0010022142857143328
18466,0.0009621428571428226
18467,0.000973071428571361
18468,0.0009693214285713886
18469,0.0009501428571428201
18470,0.0009193928571428042
18471,0.0009123214285714149
18472,0.0009076071428571554
18473,0.0008641071428572035
18474,0.0008299285714285937
18475,0.0008057142857142351
18476,0.0007671428571428963
18477,0.0007536428571428746
18478,0.0007625357142856615
18479,0.0007476428571427971
18480,0.0007168928571427812
18481,0.0007040357142856684
18482,0.0007052142857143094
18483,0.0006898928571428899
18484,0.0006489642857142692
18485,0.0006230357142856897
18486,0.0006189642857143391
18487,0.0005993571428572153
18488,0.0005992500000000384
18489,0.0006203571428571816
18490,0.0006124285714285296
18491,0.000616178571428502
18492,0.0006018214285713697
18493,0.0005609999999999258
18494,0.0005624999999999452
18495,0.0005664642857142712
18496,0.0005748214285714783
18497,0.000596678571428555
18498,0.0005808214285714034
18499,0.0005605714285713706
18500,0.0005622857142857438
18501,0.0005904642857142761
18502,0.0005996785714285937
18503,0.0005682857142856689
18504,0.0005708571428571523
18505,0.0005962499999999998
18506,0.0005681785714286442
18507,0.0005452499999999512
18508,0.0005504999999999427
18509,0.0005681785714286442
18510,0.0005607857142857244
18511,0.0005539285714285366
18512,0.0005656071428571608
18513,0.0005670000000000033
18514,0.0005450357142857497
18515,0.0005462142857142385
18516,0.0005764285714285223
18517,0.0005873571428572129
18518,0.0005704285714285971
18519,0.0005697857142856882
18520,0.0006021428571429002
18521,0.0005897142857143426
18522,0.0005720357142856411
18523,0.0005873571428572129
18524,0.00057267857142855
18525,0.0005873571428572129
18526,0.0006307499999999879
18527,0.0006010714285714362
18528,0.0005550000000000007
18529,0.0005510357142856747
18530,0.0005768571428570775
18531,0.0006231428571428666
18532,0.0006206785714285599
18533,0.0005908928571428313
18534,0.0005894999999999888
18535,0.0006028928571428338
18536,0.000598392857142928
18537,0.0005739642857142156
18538,0.0005596071428570834
18539,0.0005386071428571171
18540,0.000525964285714358
18541,0.0005377500000000066
18542,0.0005986071428571295
18543,0.0006032142857142122
18544,0.0005786785714286274
18545,0.0005759999999999671
18546,0.0005709642857143292
18547,0.0005781428571428953
18548,0.0005949642857143342
18549,0.0005870357142856822
18550,0.000578785714285652
18551,0.0005590714285715035
18552,0.0005681785714286442
18553,0.0005717142857142628
18554,0.0005727857142857268
18555,0.0005897142857143426
18556,0.0005803928571428482
18557,0.0005891785714286105
18558,0.0005918571428571186
18559,0.0006016071428571682
18560,0.000627964285714303
18561,0.0006101785714285768
18562,0.0005959285714286215
18563,0.0006136071428571707
18564,0.0006119999999999744
18565,0.0006159642857143004
18566,0.000630642857142811
18567,0.0006447857142857418
18568,0.0006153214285713915
18569,0.000623999999999977
18570,0.0006298928571428775
18571,0.0006236785714285986
18572,0.0006185357142857839
18573,0.0006049285714285852
18574,0.0005884285714285247
18575,0.0005722499999999947
18576,0.0005516785714285837
18577,0.0005368928571428962
18578,0.0005514642857142299
18579,0.0005629285714285004
18580,0.0005770714285714311
18581,0.0005761071428571439
18582,0.0005633571428572078
18583,0.0005533928571428045
18584,0.0005642142857143183
18585,0.0005596071428570834
18586,0.0005407500000000453
18587,0.000555964285714288
18588,0.0005761071428571439
18589,0.0005664642857142712
18590,0.0005384999999999402
18591,0.0005325000000000151
18592,0.000573857142857191
18593,0.000683142857142879
18594,0.0008306785714285273
18595,0.0009585000000000271
18596,0.001080642857142828
18597,0.0012119999999999464
18598,0.0012887142857142208
18599,0.0013567500000000621
18600,0.001314857142857154
18601,0.001065642857142787
18602,0.0007218214285713945
18603,0.00047474999999995557
18604,0.0003716785714285464
18605,0.00032625000000002
18606,0.0002690357142856925
18607,0.0002426785714285578
18608,0.0002968928571428466
18609,0.000356892857142859
18610,0.0004050000000000458
18611,0.000426642857142921
18612,0.0004912500000000161
18613,0.000550928571428498
18614,0.000573214285714282
18615,0.000606749999999983
18616,0.0006080357142856485
18617,0.0005943214285714252
18618,0.0006040714285714748
18619,0.000601178571428613
18620,0.000569892857142865
18621,0.0005673214285713816
18622,0.0006184285714286071
18623,0.0006366428571428883
18624,0.0006207857142857368
18625,0.0006051428571427867
18626,0.0006530357142857721
18627,0.0006592500000000509
18628,0.0006624642857142911
18629,0.0006805714285713955
18630,0.0006732857142856525
18631,0.0006565714285713905
18632,0.0006807857142857492
18633,0.0006996428571427872
18634,0.0006987857142856768
18635,0.0007017857142857156
18636,0.0007066071428571518
18637,0.0007235357142857676
18638,0.0007105714285714778
18639,0.0007253571428571653
18640,0.000750535714285659
18641,0.0007493571428571703
18642,0.0007408928571427863
18643,0.0007479642857143278
18644,0.0007572857142856699
18645,0.0007845000000000673
18646,0.0008102142857142931
18647,0.0007899642857142603
18648,0.0008043214285713926
18649,0.0008277857142856655
18650,0.0008903571428571614
18651,0.0009033214285714511
18652,0.0008819999999999542
18653,0.0008792142857142693
18654,0.0008647499999999602
18655,0.0008546785714285323
18656,0.000890035714285783
18657,0.0009347142857142237
18658,0.0009458571428571158
18659,0.0009367499999999751
18660,0.0009289285714285001
18661,0.0009297857142857627
18662,0.000929035714285677
18663,0.0008912142857142718
18664,0.0008819999999999542
18665,0.0008873571428571227
18666,0.0009018214285714318
18667,0.0009054642857142272
18668,0.0008778214285714268
18669,0.0008507142857143586
18670,0.0008024999999999948
18671,0.0007573928571428468
18672,0.0007353214285714164
18673,0.0007601785714285317
18674,0.0007616785714285511
18675,0.0007140000000000717
18676,0.0007012499999999835
18677,0.0006745714285714704
18678,0.0006282857142856813
18679,0.0005915357142857403
18680,0.0005543571428570918
18681,0.0005499642857142107
18682,0.0005672142857143569
18683,0.0005944285714286021
18684,0.0006026785714286323
18685,0.0005554285714285559
18686,0.0005209285714285678
18687,0.0005029285714286402
18688,0.00048589285714284767
18689,0.0005037857142857506
18690,0.0005303571428570868
18691,0.0005093571428571206
18692,0.0004998214285714247
18693,0.00051407142857138
18694,0.0005051785714285931
18695,0.0004900714285713751
18696,0.0004969285714285629
18697,0.000487392857142867
18698,0.0004962857142856539
18699,0.0004942500000000548
18700,0.000514714285714289
18701,0.0005218928571428551
18702,0.0005013214285714441
18703,0.0005063571428570819
18704,0.00048503571428573725
18705,0.0004890000000000632
18706,0.00050528571428577
18707,0.0004914642857142175
18708,0.0004960714285714525
18709,0.0005127857142857144
18710,0.0004898571428571736
18711,0.0004643571428571493
18712,0.0004977857142856733
18713,0.0004977857142856733
18714,0.00048492857142856037
18715,0.0005244642857143386
18716,0.0005217857142856782
18717,0.0004992857142856926
18718,0.0005071071428571676
18719,0.0005164285714285099
18720,0.0005398928571427827
18721,0.0005269285714286453
18722,0.00048503571428573725
18723,0.0005016428571428224
18724,0.0005596071428570834
18725,0.0005529642857142493
18726,0.0005304642857142637
18727,0.0005164285714285099
18728,0.0004963928571428308
18729,0.0005128928571428913
18730,0.000517392857142797
18731,0.0004925357142856817
18732,0.0005066785714286124
18733,0.000510214285714231
18734,0.0005072142857143445
18735,0.000505821428571502
18736,0.0004987499999999605
18737,0.0004997142857142478
18738,0.0004818214285714971
18739,0.0004917857142857482
18740,0.0005229642857143193
18741,0.0005038928571429275
18742,0.0005091428571429191
18743,0.0005194285714285485
18744,0.0005248928571428938
18745,0.0005336785714285039
18746,0.0005038928571429275
18747,0.0004924285714285048
18748,0.0005149285714286427
18749,0.0005185714285714381
18750,0.0004938214285714996
18751,0.0005002499999999799
18752,0.0005441785714286393
18753,0.0005601428571428154
18754,0.0005573571428571305
18755,0.0005507142857142964
18756,0.0005178214285715046
18757,0.0005288571428570675
18758,0.0005552142857143545
18759,0.000538071428571385
18760,0.0005303571428570868
18761,0.0005311071428571727
18762,0.0005384999999999402
18763,0.0005469642857143242
18764,0.0005766428571428759
18765,0.0005802857142856713
18766,0.0005859642857142181
18767,0.0005749285714285029
18768,0.0005951785714285356
18769,0.0005969999999999333
18770,0.0005525357142856941
18771,0.0005300357142857085
18772,0.0005260714285713825
18773,0.0005270357142856698
18774,0.0005457857142856832
18775,0.0005434285714285534
18776,0.0005235000000000513
18777,0.0005144999999999353
18778,0.0005066785714286124
18779,0.0005242499999999849
18780,0.0005357142857142553
18781,0.0005238214285714297
18782,0.0005162142857143083
18783,0.0005293928571427996
18784,0.0005026071428571097
18785,0.0004835357142857179
18786,0.0005104285714285847
18787,0.0005139642857143555
18788,0.0004952142857143421
18789,0.0005045357142856842
18790,0.0005232857142856976
18791,0.0005616428571428348
18792,0.0006517499999999541
18793,0.0007564285714285595
18794,0.000871607142857148
18795,0.0010113214285714736
18796,0.0011630357142856493
18797,0.0012612857142857742
18798,0.0013165714285713749
18799,0.0013246071428572037
18800,0.001190035714285693
18801,0.0008811428571428438
18802,0.0005194285714285485
18803,0.0003169285714285256
18804,0.0002698928571428029
18805,0.00024407142857140027
18806,0.00021867857142855281
18807,0.00026871428571431416
18808,0.0003299999999999922
18809,0.0003659999999999997
18810,0.00040285714285711753
18811,0.00047860714285710465
18812,0.0005424642857142661
18813,0.0005445000000000176
18814,0.0005461071428572138
18815,0.0005427857142856445
18816,0.0005338928571428576
18817,0.0005411785714286005
18818,0.0005840357142856435
18819,0.0005868214285714808
18820,0.0006009642857142593
18821,0.0006075000000000687
18822,0.0006037499999999442
18823,0.0005994642857142399
18824,0.0005987142857143064
18825,0.0006400714285714823
18826,0.0006569999999999457
18827,0.0006548571428571697
18828,0.0006575357142856778
18829,0.0006232500000000434
18830,0.0006235714285714218
18831,0.0006796071428571082
18832,0.0006893571428571578
18833,0.0006574285714285009
18834,0.0006543214285714376
18835,0.0006748928571428487
18836,0.0006815357142856827
18837,0.0006860357142857408
18838,0.0006912857142857324
18839,0.0007111071428572099
18840,0.0007249285714286101
18841,0.0007586785714285124
18842,0.0007632857142857472
18843,0.0007744285714286394
18844,0.00077292857142862
18845,0.0007773214285715012
18846,0.0007827857142856942
18847,0.0007839642857143352
18848,0.0008030357142857269
18849,0.0008256428571428895
18850,0.0008488928571428086
18851,0.0008668928571428885
18852,0.0008985000000000147
18853,0.0009138214285714343
18854,0.0008963571428570865
18855,0.0008706428571428607
18856,0.0008800714285713797
18857,0.0009086785714286196
18858,0.0008998928571428572
18859,0.0009245357142857711
18860,0.0009320357142857156
18861,0.0009358928571428647
18862,0.0009231428571429286
18863,0.000895607142857153
18864,0.0008764285714285843
18865,0.0008602500000000544
18866,0.0008702142857143055
18867,0.000851571428571469
18868,0.0008262857142856461
18869,0.0008071071428570776
18870,0.0007864285714286419
18871,0.0007813928571428517
18872,0.0007506428571428358
18873,0.0007119642857143203
18874,0.0007091785714286354
18875,0.0007113214285714113
18876,0.0006768214285714232
18877,0.0006461785714285842
18878,0.000611785714285773
18879,0.0006008571428570824
18880,0.0005776071428571632
18881,0.0005673214285713816
18882,0.0005700000000000419
18883,0.0005482499999999898
18884,0.0005349642857143217
18885,0.0005100000000000295
18886,0.00048299999999998583
18887,0.0005051785714285931
18888,0.0005395714285714044
18889,0.0005115000000000488
18890,0.00046446428571432616
18891,0.0004819285714285217
18892,0.0005143928571429106
18893,0.0004930714285714138
18894,0.0005010000000000656
18895,0.0005301428571428854
18896,0.0005063571428570819
18897,0.0004941428571428779
18898,0.0004826785714286075
18899,0.00046928571428576254
18900,0.0004955357142857204
18901,0.0005212499999999461
18902,0.0005196428571429022
18903,0.0005034642857142201
18904,0.0004826785714286075
18905,0.0004884642857143311
18906,0.0005077499999999244
18907,0.0004962857142856539
18908,0.00047892857142863525
18909,0.0004896428571428199
18910,0.0004853571428571156
18911,0.0005016428571428224
18912,0.0005376428571428298
18913,0.0005285357142856892
18914,0.0005092499999999437
18915,0.00050528571428577
18916,0.0005075357142857228
18917,0.0005131071428570928
18918,0.0005010000000000656
18919,0.0004977857142856733
18920,0.0005174999999999739
18921,0.0005349642857143217
18922,0.0005258571428571811
18923,0.0005224285714285872
18924,0.0005076428571428997
18925,0.0005162142857143083
18926,0.0005116071428570735
18927,0.000504107142857129
18928,0.0005104285714285847
18929,0.0005255357142856504
18930,0.0005225357142857641
18931,0.0004916785714285713
18932,0.0004817142857143202
18933,0.0005360357142857858
18934,0.0005495357142856554
18935,0.0005409642857142469
18936,0.0005502857142857412
18937,0.0005183571428570843
18938,0.0005167500000000404
18939,0.0005338928571428576
18940,0.0005171785714285956
18941,0.0005172857142857725
18942,0.0005047500000000379
18943,0.0004943571428570794
18944,0.0005181428571428829
18945,0.0005237142857142528
18946,0.0005195357142857253
18947,0.000518035714285706
18948,0.0005172857142857725
18949,0.0005227499999999655
18950,0.00051589285714293
18951,0.000535928571428609
18952,0.000566035714285716
18953,0.0005319642857142831
18954,0.0005358214285714322
18955,0.0005433214285713766
18956,0.0005401071428571365
18957,0.0005532857142857799
18958,0.0005635714285714093
18959,0.0005679642857142905
18960,0.0005716071428570859
18961,0.0005428928571428214
18962,0.0005157857142857531
18963,0.0005561785714286418
18964,0.0005803928571428482
18965,0.0006124285714285296
18966,0.0006094285714286433
18967,0.0006107142857143088
18968,0.000617249999999966
18969,0.0006083571428571791
18970,0.0006053571428571404
18971,0.0005940000000000469
18972,0.0005580000000000395
18973,0.0005127857142857144
18974,0.00052467857142854
18975,0.0005584285714285946
18976,0.0005500714285713875
18977,0.0005420357142857109
18978,0.0005217857142856782
18979,0.0005137500000000017
18980,0.0005649642857142518
18981,0.0005507142857142964
18982,0.0005298214285713547
18983,0.0005351785714285232
18984,0.000542571428571443
18985,0.0005341071428572113
18986,0.000515250000000021
18987,0.0005122499999999823
18988,0.0005134285714286234
18989,0.0005313214285713741
18990,0.000548678571428545
18991,0.0005713928571428843
18992,0.0006232500000000434
18993,0.0007345714285714828
18994,0.0008731071428571673
18995,0.001021607142857103
18996,0.0011675357142857073
18997,0.0012985714285714473
18998,0.001362964285714341
18999,0.0013744285714286113
19000,0.001253142857142921
19001,0.0009516428571428394
19002,0.0006082500000000022
19003,0.0003901071428571815
19004,0.0003282857142857714
19005,0.0002858571428571314
19006,0.00023271428571430673
19007,0.0002965714285714682
19008,0.0003565714285714807
19009,0.0003995357142857005
19010,0.00048075000000003296
19011,0.0005179285714285291
19012,0.0005276785714285788
19013,0.0005446071428571945
19014,0.0005525357142856941
19015,0.0005348571428571449
19016,0.0005702142857142434
19017,0.0006001071428571489
19018,0.0005931428571427842
19019,0.0006113571428572178
19020,0.0006190714285713637
19021,0.0006415714285715016
19022,0.0006507857142856669
19023,0.0006386785714286398
19024,0.0006432857142857224
19025,0.0006492857142856475
19026,0.0006411428571427942
19027,0.0006639642857143104
19028,0.000671999999999987
19029,0.0006721071428571637
19030,0.0006849642857142767
19031,0.0006595714285714292
19032,0.0006665357142856416
19033,0.0007105714285714778
19034,0.0007122857142856986
19035,0.0006907500000000003
19036,0.0007253571428571653
19037,0.0007488214285714382
19038,0.0007407857142857616
19039,0.0007279285714284965
19040,0.0007858928571429098
19041,0.0008171785714285054
19042,0.0007872857142857523
19043,0.0007773214285715012
19044,0.0007943571428571415
19045,0.0008276785714286408
19046,0.0008763214285714075
19047,0.0008500714285714496
19048,0.0008421428571427978
19049,0.000857035714285662
19050,0.0008845714285714378
19051,0.0008887499999999652
19052,0.0008798571428571783
19053,0.0009073928571428018
19054,0.000934071428571467
19055,0.0009419999999999667
19056,0.0009424285714285218
19057,0.0009519642857142177
19058,0.0009627857142857315
19059,0.0009454285714285606
19060,0.000922928571428575
19061,0.0009511071428571073
19062,0.0009576428571429168
19063,0.0009289285714285001
19064,0.0009205714285714452
19065,0.0009056785714285809
19066,0.000894964285714244
19067,0.0009047142857142936
19068,0.000903428571428628
19069,0.0008638928571428498
19070,0.0008148214285713757
19071,0.0007933928571428543
19072,0.0007947857142856967
19073,0.0008210357142856545
19074,0.000783000000000048
19075,0.0007451785714286428
19076,0.0007235357142857676
19077,0.0006982499999999448
19078,0.0006744642857142935
19079,0.000642428571428612
19080,0.000625178571428618
19081,0.0006036428571429196
19082,0.0006103928571429305
19083,0.000625178571428618
19084,0.0006130714285714386
19085,0.0005840357142856435
19086,0.0005471785714285256
19087,0.0005367857142857195
19088,0.000542571428571443
19089,0.0005406428571428685
19090,0.0005256428571428273
19091,0.0005282142857143108
19092,0.0005148214285714658
19093,0.0005285357142856892
19094,0.0005501785714285644
19095,0.0005316428571429048
19096,0.0005413928571428021
19097,0.0005470714285715011
19098,0.000519214285714347
19099,0.00048299999999998583
19100,0.0004947857142857868
19101,0.000510214285714231
19102,0.0005126785714285375
19103,0.0005417142857143326
19104,0.0005481428571428129
19105,0.000546535714285769
19106,0.0005794285714285609
19107,0.0005770714285714311
19108,0.0005438571428571087
19109,0.0005183571428570843
19110,0.0005346428571427911
19111,0.0005688214285714009
19112,0.0005595000000000588
19113,0.0005327142857142166
19114,0.0005067857142857893
19115,0.0005451428571429265
19116,0.0005703214285714203
19117,0.0005654999999999839
19118,0.0005317499999999293
19119,0.0005221071428572089
19120,0.0005768571428570775
19121,0.000579321428571384
19122,0.0005577857142856857
19123,0.0005562857142856663
19124,0.0005468571428571473
19125,0.0005403214285714901
19126,0.0005454642857143048
19127,0.0005416071428571557
19128,0.0005494285714286308
19129,0.0005309999999999958
19130,0.0005350714285714986
19131,0.0005888571428570799
19132,0.0005973214285714638
19133,0.000550928571428498
19134,0.0005332499999999487
19135,0.0005443928571428407
19136,0.0005524285714285172
19137,0.0005318571428571062
19138,0.00050528571428577
19139,0.0005731071428571052
19140,0.0006297857142857006
19141,0.0005859642857142181
19142,0.0005654999999999839
19143,0.0005661428571428929
19144,0.000541499999999979
19145,0.0005066785714286124
19146,0.0005194285714285485
19147,0.000545357142857128
19148,0.0005782500000000722
19149,0.000590571428571453
19150,0.0005831785714285331
19151,0.0005646428571428735
19152,0.0005611071428571027
19153,0.0005612142857142796
19154,0.0005483571428571667
19155,0.0005618571428571886
19156,0.0005649642857142518
19157,0.0005735357142856604
19158,0.0005824285714285996
19159,0.0005616428571428348
19160,0.0005600357142856386
19161,0.000563250000000031
19162,0.0005573571428571305
19163,0.0005831785714285331
19164,0.0006083571428571791
19165,0.0005959285714286215
19166,0.0005624999999999452
19167,0.0005816785714285137
19168,0.0006047142857142315
19169,0.0005746071428571245
19170,0.0006140357142857259
19171,0.0006594642857142523
19172,0.0006335357142856728
19173,0.0005959285714286215
19174,0.0006085714285713806
19175,0.0006571071428571226
19176,0.000637392857142822
19177,0.0006272142857142171
19178,0.0006009642857142593
19179,0.0005796428571429146
19180,0.0005809285714285802
19181,0.0005585357142857715
19182,0.0005318571428571062
19183,0.0005706428571427986
19184,0.0005806071428572019
19185,0.0005609999999999258
19186,0.0005567142857142215
19187,0.0005590714285715035
19188,0.0005667857142856495
19189,0.000573214285714282
19190,0.0005342142857142359
19191,0.0005293928571427996
19192,0.0005325000000000151
19193,0.00056207142857139
19194,0.0005621785714285669
19195,0.0005517857142857606
19196,0.0005794285714285609
19197,0.0006718928571428101
19198,0.0007899642857142603
19199,0.0008978571428571059
19200,0.0010576071428571104
19201,0.0012227142857142834
19202,0.0013485000000000317
19203,0.0013947857142856688
19204,0.0014003571428571908
19205,0.001251749999999926
19206,0.0009185357142856938
19207,0.0005798571428571161
19208,0.0003967500000000155
19209,0.0003261428571428431
19210,0.0002862857142856866
19211,0.00025296428571433945
19212,0.00024974999999994706
19213,0.0002972142857142249
19214,0.0004173214285714266
19215,0.0004953214285713666
19216,0.0005297142857143302
19217,0.0005529642857142493
19218,0.0005731071428571052
19219,0.0005958214285714446
19220,0.0006246428571428859
19221,0.000640714285714239
19222,0.000613928571428549
19223,0.0006047142857142315
19224,0.0006532499999999735
19225,0.0006728571428570973
19226,0.0006643928571428656
19227,0.0006682500000000146
19228,0.0006602142857143382
19229,0.0006520714285714848
19230,0.0006545357142856391
19231,0.000664607142857067
19232,0.0006804642857142187
19233,0.0006936428571428621
19234,0.0006872142857142295
19235,0.0007005000000000499
19236,0.0007293214285714912
19237,0.0007397142857142975
19238,0.000750535714285659
19239,0.000753857142857076
19240,0.000747749999999974
19241,0.0007476428571427971
19242,0.0007442142857143556
19243,0.0007408928571427863
19244,0.000754499999999985
19245,0.0007748571428571946
19246,0.0007793571428571003
19247,0.0007813928571428517
19248,0.0008044285714285694
19249,0.0008124642857142459
19250,0.0008188928571428786
19251,0.0008196428571428121
19252,0.0008295000000000385
19253,0.0008401071428571986
19254,0.0008868214285713906
19255,0.0009172500000000282
19256,0.0009072857142857771
19257,0.0008978571428571059
19258,0.0009321428571428924
19259,0.0009650357142856844
19260,0.0009519642857142177
19261,0.0009766071428571317
19262,0.0009662142857143254
19263,0.0009541071428571461
19264,0.000946821428571403
19265,0.0009387857142857265
19266,0.0009450000000000054
19267,0.0009534642857142371
19268,0.0009777857142857726
19269,0.0009607499999999801
19270,0.0009351428571429312
19271,0.0009232499999999533
19272,0.0009230357142857519
19273,0.0009102857142856635
19274,0.000878249999999982
19275,0.0008513571428571152
19276,0.0008128928571428011
19277,0.0007802142857142107
19278,0.0007942499999999646
19279,0.0007758214285714818
19280,0.0007432500000000683
19281,0.0007375714285713693
19282,0.0006957857142857904
19283,0.0006715714285714317
19284,0.0006517499999999541
19285,0.0006311785714285431
19286,0.0006369642857142668
19287,0.0006446785714285649
19288,0.0006294642857143223
19289,0.0005885357142857016
19290,0.0005383928571429156
19291,0.0005673214285713816
19292,0.0005931428571427842
19293,0.0005816785714285137
19294,0.0005749285714285029
19295,0.0005388214285714708
19296,0.0005256428571428273
19297,0.0005500714285713875
19298,0.0005639999999999645
19299,0.0005619642857142131
19300,0.0005556428571429097
19301,0.0005609999999999258
19302,0.0005467499999999704
19303,0.0005267142857142915
19304,0.0005124642857143361
19305,0.0005574642857143074
19306,0.0005926071428572044
19307,0.0005614285714286334
19308,0.0005696785714285113
19309,0.000556607142857197
19310,0.0005191071428571702
19311,0.0005206071428571895
19312,0.0005523214285714927
19313,0.0005524285714285172
19314,0.0005442857142856639
19315,0.0005785714285714505
19316,0.0005949642857143342
19317,0.0005638928571427877
19318,0.000559285714285705
19319,0.0005301428571428854
19320,0.0005149285714286427
19321,0.0005490000000000756
19322,0.0005778214285713647
19323,0.0005940000000000469
19324,0.0005769642857142542
19325,0.0005460000000000369
19326,0.0005540357142857135
19327,0.000570535714285774
19328,0.0005692499999999561
19329,0.0005442857142856639
19330,0.0005531785714286031
19331,0.0005792142857143594
19332,0.000552642857142871
19333,0.0005645357142856966
19334,0.0005828571428571548
19335,0.0005702142857142434
19336,0.0005825357142857765
19337,0.000562714285714299
19338,0.0005676428571429121
19339,0.0005757857142857655
19340,0.0005910000000000082
19341,0.0006079285714286239
19342,0.0005824285714285996
19343,0.000568714285714224
19344,0.0005656071428571608
19345,0.000578785714285652
19346,0.0005538214285713597
19347,0.0005539285714285366
19348,0.0005596071428570834
19349,0.0005384999999999402
19350,0.0005386071428571171
19351,0.0005602499999999923
19352,0.0005531785714286031
19353,0.0005910000000000082
19354,0.0005928214285714059
19355,0.0005672142857143569
19356,0.0005598214285714371
19357,0.0005426785714286199
19358,0.0005529642857142493
19359,0.0005962499999999998
19360,0.0006405000000000375
19361,0.0006338571428572034
19362,0.0006253928571428194
19363,0.0006175714285714967
19364,0.000601714285714345
19365,0.0005782500000000722
19366,0.000606107142857074
19367,0.0006728571428570973
19368,0.0006616071428571807
19369,0.0006463928571427858
19370,0.000647357142857073
19371,0.000655178571428548
19372,0.0006684642857142162
19373,0.0006596785714286061
19374,0.0006574285714285009
19375,0.0006289285714285902
19376,0.000634607142857137
19377,0.0006260357142857284
19378,0.0006112500000000409
19379,0.0006321428571428304
19380,0.0006427499999999903
19381,0.0006437142857142776
19382,0.0006327857142857392
19383,0.0006213214285714689
19384,0.0006051428571427867
19385,0.0006069642857143366
19386,0.0006146785714286348
19387,0.0006091071428571126
19388,0.0005988214285714832
19389,0.0006080357142856485
19390,0.0006207857142857368
19391,0.0005935714285714916
19392,0.000611785714285773
19393,0.0006542142857142608
19394,0.0006943928571427957
19395,0.0007653214285714987
19396,0.0008638928571428498
19397,0.0010170000000000203
19398,0.001149749999999981
19399,0.0012149999999999852
19400,0.0013018928571428643
19401,0.0013582499999999292
19402,0.001301571428571486
19403,0.0010586785714285746
19404,0.000707678571428616
19405,0.00044892857142855294
19406,0.00036482142857135867
19407,0.00034392857142856925
19408,0.00031799999999998973
19409,0.0003066428571428962
19410,0.000329571428571437
19411,0.0003856071428571235
19412,0.00046585714285716866
19413,0.0005165357142856866
19414,0.0005523214285714927
19415,0.0005998928571427951
19416,0.0006498214285713796
19417,0.0006503571428571117
19418,0.000638464285714286
19419,0.0006511071428571975
19420,0.0006642857142856887
19421,0.0006718928571428101
19422,0.0006997499999999641
19423,0.0007038214285714669
19424,0.0006752142857142271
19425,0.0007312500000000658
19426,0.0007819285714285838
19427,0.0007691785714284955
19428,0.0007299642857142479
19429,0.0006865714285714729
19430,0.0006991071428572074
19431,0.0007378928571428998
19432,0.0007771071428571474
19433,0.0007977857142857353
19434,0.0007945714285714952
19435,0.0007997142857143099
19436,0.0008148214285713757
19437,0.0008227500000000277
19438,0.0008391428571429113
19439,0.0008401071428571986
19440,0.0008251071428571574
19441,0.0008304642857143258
19442,0.0008919642857143576
19443,0.0008981785714286364
19444,0.0008758928571428523
19445,0.0008988214285713931
19446,0.000916821428571473
19447,0.0009260357142856382
19448,0.0009350357142857543
19449,0.0009299999999999642
19450,0.0009456428571429143
19451,0.0009722142857142505
19452,0.0010045714285714625
19453,0.001042714285714246
19454,0.0010496785714286107
19455,0.0010363928571427903
19456,0.0010269642857142713
19457,0.0010181785714285091
19458,0.0010401428571429148
19459,0.0010497857142857875
19460,0.0010770000000000328
19461,0.0010954285714285155
19462,0.0010683214285714473
19463,0.0010471071428571272
19464,0.0010341428571428374
19465,0.0010161428571429099
19466,0.0010190357142857718
19467,0.0010423928571428678
19468,0.0010646785714284997
19469,0.0010738928571428171
19470,0.001025357142857075
19471,0.0009818571428571233
19472,0.0009590357142857592
19473,0.0009308571428570746
19474,0.000896142857142885
19475,0.0008907857142857166
19476,0.0008981785714286364
19477,0.0008578928571429246
19478,0.0008448214285714581
19479,0.0008398928571428448
19480,0.0008111785714285803
19481,0.0007732499999999983
19482,0.0007288928571427838
19483,0.0007219285714285714
19484,0.0007297500000000464
19485,0.0007125000000000524
19486,0.0006975000000000113
19487,0.0007087499999999279
19488,0.0006804642857142187
19489,0.00067371428571436
19490,0.0007039285714286438
19491,0.0006699642857142355
19492,0.0006504642857142885
19493,0.0006799285714286388
19494,0.0006645000000000424
19495,0.0006289285714285902
19496,0.0006224999999999576
19497,0.0006632142857142246
19498,0.0006676071428571058
19499,0.0006234642857142449
19500,0.0006043928571428532
19501,0.0006294642857143223
19502,0.0006288214285714133
19503,0.0006277499999999492
19504,0.0006362142857143331
19505,0.0006192857142857175
19506,0.000642428571428612
19507,0.000664607142857067
19508,0.0006288214285714133
19509,0.0006197142857142727
19510,0.0006471428571428715
19511,0.0006708214285714981
19512,0.0006280714285714797
19513,0.0006052499999999636
19514,0.0006433928571428993
19515,0.0006745714285714704
19516,0.0006431785714285455
19517,0.0006270000000000157
19518,0.0006463928571427858
19519,0.0006325714285713856
19520,0.0006182142857142533
19521,0.0006380357142857308
19522,0.0006352500000000459
19523,0.000610607142857132
19524,0.000603321428571389
19525,0.0006449999999999433
19526,0.0006317142857142752
19527,0.0006082500000000022
19528,0.0006211071428571151
19529,0.0006616071428571807
19530,0.0006615000000000038
19531,0.0006454285714284985
19532,0.0006577500000000316
19533,0.0006131785714286155
19534,0.0006088928571429112
19535,0.0006301071428570789
19536,0.0006336428571428497
19537,0.0006185357142857839
19538,0.00058328571428571
19539,0.0005971071428571102
19540,0.0006007500000000578
19541,0.0006420000000000568
19542,0.0006689999999999482
19543,0.0006543214285714376
19544,0.0006387857142856644
19545,0.0006364285714285347
19546,0.0006542142857142608
19547,0.0006244285714285322
19548,0.0006036428571429196
19549,0.0005996785714285937
19550,0.0006609642857142717
19551,0.0006912857142857324
19552,0.0006573214285714764
19553,0.0006070714285713613
19554,0.000590571428571453
19555,0.0006221785714285793
19556,0.0006618214285713821
19557,0.0006845357142857215
19558,0.0006813214285714813
19559,0.0006772499999999784
19560,0.0006537857142857056
19561,0.0006679285714286363
19562,0.0006759642857143128
19563,0.0006537857142857056
19564,0.0006098571428571985
19565,0.0006060000000000493
19566,0.0006050357142857621
19567,0.0005802857142856713
19568,0.0005788928571428288
19569,0.0006118928571427977
19570,0.0006189642857143391
19571,0.0006112500000000409
19572,0.0006043928571428532
19573,0.0005571428571429291
19574,0.0005624999999999452
19575,0.0006329999999999408
19576,0.0006204642857143585
19577,0.0005743928571429231
19578,0.0005670000000000033
19579,0.0005969999999999333
19580,0.0006021428571429002
19581,0.0006009642857142593
19582,0.0006224999999999576
19583,0.0006804642857142187
19584,0.000775071428571396
19585,0.0008726785714286121
19586,0.000998678571428562
19587,0.0011284285714286365
19588,0.001217249999999938
19589,0.001269750000000006
19590,0.0012726428571428678
19591,0.0011217857142856503
19592,0.0008407499999999552
19593,0.0005766428571428759
19594,0.0004029642857142944
19595,0.00032625000000002
19596,0.00030760714285718344
19597,0.0002792142857142973
19598,0.00026217857142850473
19599,0.0003304285714285474
19600,0.00039889285714279156
19601,0.00046757142857138944
19602,0.0005169642857142418
19603,0.0005473928571428794
19604,0.0005663571428570943
19605,0.0005845714285713756
19606,0.0006081428571428254
19607,0.00063128571428572
19608,0.0006177857142856981
19609,0.0006130714285714386
19610,0.0006471428571428715
19611,0.0006833571428570804
19612,0.0007075714285714391
19613,0.0006970714285714561
19614,0.0006812142857143044
19615,0.0006650357142857745
19616,0.0006576428571428547
19617,0.0006607500000000702
19618,0.0006686785714285699
19619,0.0006820714285714148
19620,0.0006907500000000003
19621,0.0006813214285714813
19622,0.0007097142857142152
19623,0.0007179642857142454
19624,0.0007233214285714139
19625,0.0007234285714285908
19626,0.0007345714285714828
19627,0.0007191428571428864
19628,0.0007237499999999691
19629,0.0007571785714286453
19630,0.0007669285714285427
19631,0.0007936071428572079
19632,0.0007861071428571112
19633,0.0008126785714285997
19634,0.0008400000000000217
19635,0.0008229642857142291
19636,0.0008162142857142182
19637,0.0008201785714285441
19638,0.0008478214285714968
19639,0.0008642142857142282
19640,0.0008768571428571395
19641,0.00086710714285709
19642,0.0008714999999999711
19643,0.000900107142857211
19644,0.0009057857142857578
19645,0.0009160714285713872
19646,0.0009275357142856576
19647,0.0009260357142856382
19648,0.0009553928571428116
19649,0.0009749999999999354
19650,0.0009772500000000406
19651,0.0009597857142856928
19652,0.0009070714285714233
19653,0.0008751428571429187
19654,0.0009246428571427958
19655,0.0009498214285714418
19656,0.000913500000000056
19657,0.0008969999999999955
19658,0.0008932500000000231
19659,0.0008660357142857781
19660,0.0008180357142857682
19661,0.0007970357142856496
19662,0.0007834285714286032
19663,0.0007434642857142697
19664,0.0007309285714285352
19665,0.0007292142857143144
19666,0.0007088571428571047
19667,0.0007009285714286051
19668,0.0006873214285714064
19669,0.0006711428571428765
19670,0.0006464999999999625
19671,0.0006097500000000216
19672,0.0006246428571428859
19673,0.0006185357142857839
19674,0.0005827499999999779
19675,0.0005390357142856723
19676,0.0005330357142857471
19677,0.0005488928571428988
19678,0.0005460000000000369
19679,0.00054085714285707
19680,0.0005151428571428442
19681,0.0005377500000000066
19682,0.0005555357142857328
19683,0.0005298214285713547
19684,0.00052467857142854
19685,0.0005164285714285099
19686,0.0004919999999999496
19687,0.0005169642857142418
19688,0.0005197499999999268
19689,0.0005200714285714574
19690,0.0005153571428571979
19691,0.00048589285714284767
19692,0.0005064642857142588
19693,0.0005358214285714322
19694,0.0005283214285714877
19695,0.0005452499999999512
19696,0.000555964285714288
19697,0.0005062500000000572
19698,0.0005039999999999521
19699,0.0005096785714284989
19700,0.0005011071428570903
19701,0.0004861071428572014
19702,0.0004699285714285192
19703,0.0005020714285713776
19704,0.0005349642857143217
19705,0.0005431071428571751
19706,0.0005571428571429291
19707,0.0005582142857142409
19708,0.0005525357142856941
19709,0.0005538214285713597
19710,0.00053207142857146
19711,0.000528642857142866
19712,0.000538071428571385
19713,0.0005492142857142771
19714,0.0005481428571428129
19715,0.0005136428571428248
19716,0.0004996071428570709
19717,0.00051407142857138
19718,0.0005333571428571255
19719,0.0005350714285714986
19720,0.0005397857142857581
19721,0.0005524285714285172
19722,0.0005591785714285282
19723,0.0005532857142857799
19724,0.0005289642857142444
19725,0.00048750000000004383
19726,0.0004702500000000498
19727,0.0005157857142857531
19728,0.0005362499999999874
19729,0.0005410714285714237
19730,0.0005506071428571195
19731,0.0005439642857142855
19732,0.0005244642857143386
19733,0.0004978928571428502
19734,0.0005094642857142974
19735,0.0005271428571428467
19736,0.0005466428571427937
19737,0.0005300357142857085
19738,0.0005062500000000572
19739,0.0005033571428571954
19740,0.0005401071428571365
19741,0.0005724642857143485
19742,0.0005551071428571776
19743,0.0005452499999999512
19744,0.0005330357142857471
19745,0.0005298214285713547
19746,0.0005387142857142939
19747,0.0005585357142857715
19748,0.0005809285714285802
19749,0.0005841428571428204
19750,0.0005613214285714565
19751,0.0005488928571428988
19752,0.0005514642857142299
19753,0.0005852142857142845
19754,0.0006066428571428061
19755,0.0006057857142856957
19756,0.000587250000000036
19757,0.0005742857142857462
19758,0.0005644285714285197
19759,0.0005748214285714783
19760,0.0005646428571428735
19761,0.0005606785714285475
19762,0.0005323928571428383
19763,0.0005282142857143108
19764,0.0005387142857142939
19765,0.0005378571428571835
19766,0.0005242499999999849
19767,0.0005254285714286259
19768,0.0004958571428570987
19769,0.0004915714285713944
19770,0.0005217857142856782
19771,0.0005195357142857253
19772,0.0004991785714285157
19773,0.000489535714285643
19774,0.0005163214285714852
19775,0.0005418214285713573
19776,0.0005416071428571557
19777,0.0005256428571428273
19778,0.0005244642857143386
19779,0.0005679642857142905
19780,0.0006262499999999298
19781,0.0007391785714285654
19782,0.0008938928571429321
19783,0.001040035714285738
19784,0.0011653928571429312
19785,0.0012665357142857658
19786,0.0013053214285714582
19787,0.0012983571428570935
19788,0.0011282142857142827
19789,0.0007591071428570676
19790,0.0004498928571428402
19791,0.00032271428571424923
19792,0.00028275000000006805
19793,0.00024375000000002192
19794,0.00022907142857135908
19795,0.0002656071428570986
19796,0.0003154285714285062
19797,0.00039932142857149904
19798,0.0004660714285713701
19799,0.0004593214285713592
19800,0.0004928571428572123
19801,0.0005245714285713632
19802,0.0005322857142856614
19803,0.0005631428571428542
19804,0.0005774999999999863
19805,0.0005479285714286115
19806,0.0005636785714285862
19807,0.0005861785714285718
19808,0.0006180000000000519
19809,0.0005959285714286215
19810,0.0005823214285714227
19811,0.0005923928571428507
19812,0.0006002142857143257
19813,0.0006128571428570848
19814,0.0006301071428570789
19815,0.0006519642857143079
19816,0.0006467142857143163
19817,0.0006390000000000181
19818,0.0006437142857142776
19819,0.0006513214285713989
19820,0.0006309642857143416
19821,0.0006590357142856972
19822,0.0006682500000000146
19823,0.0006762857142856912
19824,0.0006987857142856768
19825,0.0007250357142857869
19826,0.0007220357142857483
19827,0.0007184999999999775
19828,0.0007471071428572174
19829,0.0007482857142857061
19830,0.0006988928571428537
19831,0.0006935357142856853
19832,0.0007494642857143471
19833,0.0007698214285714045
19834,0.0007977857142857353
19835,0.0008170714285714809
19836,0.0008254285714285357
19837,0.000829178571428508
19838,0.000832499999999925
19839,0.0008347500000000301
19840,0.0008233928571427843
19841,0.0008424642857143283
19842,0.0008797500000000014
19843,0.0008754642857142971
19844,0.0008814642857142222
19845,0.0008957142857143298
19846,0.0008941071428571336
19847,0.0008990357142857468
19848,0.0008918571428571808
19849,0.0008877857142856779
19850,0.000892821428571468
19851,0.0009125357142857687
19852,0.0008775000000000485
19853,0.0008689285714286399
19854,0.0008588571428572119
19855,0.0008137500000000639
19856,0.0008047499999999478
19857,0.0007998214285714868
19858,0.0007888928571427962
19859,0.0007625357142856615
19860,0.0007415357142856952
19861,0.0007135714285713642
19862,0.0006562500000000122
19863,0.0006540000000000593
19864,0.0006583928571427882
19865,0.0006098571428571985
19866,0.0005947499999999804
19867,0.0005803928571428482
19868,0.0005575714285714843
19869,0.0005296071428571533
19870,0.0005166428571428635
19871,0.0005168571428572173
19872,0.000489535714285643
19873,0.0004818214285714971
19874,0.0005107499999999631
19875,0.0005270357142856698
19876,0.0005290714285714212
19877,0.0005202857142856589
19878,0.0004813928571427896
19879,0.0004528928571428789
19880,0.0004630714285714837
19881,0.000505821428571502
19882,0.0004954285714285435
19883,0.0004532142857142572
19884,0.000446142857142868
19885,0.00045450000000007507
19886,0.00046382142857141724
19887,0.0004805357142856792
19888,0.0004917857142857482
19889,0.0004618928571428427
19890,0.0004306071428570947
19891,0.00047260714285717953
19892,0.00047099999999998337
19893,0.00046328571428568514
19894,0.0004989642857143143
19895,0.0005006785714285351
19896,0.0004999285714286016
19897,0.000521357142857123
19898,0.0005060357142857036
19899,0.000494035714285701
19900,0.00046810714285712153
19901,0.00045899999999998085
19902,0.0004956428571428973
19903,0.0005037857142857506
19904,0.0004788214285714584
19905,0.00047260714285717953
19906,0.0005072142857143445
19907,0.0005023928571429081
19908,0.00046371428571424035
19909,0.0004866428571427812
19910,0.0005232857142856976
19911,0.0005035714285713969
19912,0.0004480714285714425
19913,0.000456107142857119
19914,0.0004912500000000161
19915,0.000487392857142867
19916,0.00043425000000004235
19917,0.0004566428571428511
19918,0.0005182500000000598
19919,0.000530785714285642
19920,0.0005178214285715046
19921,0.000498000000000027
19922,0.0004957500000000741
19923,0.0004910357142856623
19924,0.00045996428571426815
19925,0.0004708928571428065
19926,0.00048203571428569853
19927,0.0004618928571428427
19928,0.0004954285714285435
19929,0.0005379642857143604
19930,0.0005059285714285267
19931,0.0005000357142857784
19932,0.0005078571428571012
19933,0.00046917857142858566
19934,0.00046360714285721574
19935,0.0004887857142857095
19936,0.00048450000000000516
19937,0.00046403571428577095
19938,0.00047817857142854945
19939,0.0005194285714285485
19940,0.0005203928571428357
19941,0.0005085000000000101
19942,0.00047903571428565986
19943,0.0004888928571428863
19944,0.0005271428571428467
19945,0.0005181428571428829
19946,0.0005071071428571676
19947,0.00047474999999995557
19948,0.0005088214285713885
19949,0.0005692499999999561
19950,0.0005537142857143351
19951,0.0005372142857142747
19952,0.0005393571428572029
19953,0.0005194285714285485
19954,0.000531428571428551
19955,0.0005646428571428735
19956,0.000559928571428614
19957,0.000572142857142818
19958,0.0005747142857143014
19959,0.0005523214285714927
19960,0.0005091428571429191
19961,0.0004942500000000548
19962,0.0004851428571429141
19963,0.0004805357142856792
19964,0.0004778571428571711
19965,0.0004996071428570709
19966,0.0005002499999999799
19967,0.00048428571428565145
19968,0.00046757142857138944
19969,0.00045000000000001706
19970,0.0004753928571428645
19971,0.0004901785714285519
19972,0.0004967142857143613
19973,0.0005107499999999631
19974,0.00047989285714292255
19975,0.00046832142857147524
19976,0.00046285714285712994
19977,0.0004593214285713592
19978,0.0004625357142857516
19979,0.0005433214285713766
19980,0.0006540000000000593
19981,0.0007566428571429133
19982,0.0009243214285714174
19983,0.0011172857142857445
19984,0.0012394285714285454
19985,0.001306607142857124
19986,0.0013235357142857395
19987,0.001255928571428606
19988,0.0010436785714285333
19989,0.000666964285714349
19990,0.0003864642857142339
19991,0.0003092142857142274
19992,0.0002846785714286426
19993,0.00021857142857137596
19994,0.00017764285714290753
19995,0.00021589285714286786
19996,0.0003210000000000284
19997,0.00039867857142859007
19998,0.0004116428571428798
19999,0.0004570714285714063
20000,0.0004831071428571627
20001,0.00047003571428569607
20002,0.00047935714285719046
20003,0.0005150357142856673
20004,0.00053207142857146
20005,0.0005239285714286065
20006,0.0005427857142856445
20007,0.000552642857142871
20008,0.0005487857142857219
20009,0.0005543571428570918
20010,0.0005552142857143545
20011,0.0005736428571428373
20012,0.0005808214285714034
20013,0.0005791071428571826
20014,0.0005706428571427986
20015,0.0006020357142857235
20016,0.0006501428571429102
20017,0.0006439285714286314
20018,0.0006462857142857611
20019,0.0006287142857142365
20020,0.0006157499999999467
20021,0.0006311785714285431
20022,0.0006249642857142642
20023,0.0006442500000000097
20024,0.000666964285714349
20025,0.000690428571428622
20026,0.0006973928571428344
20027,0.0006891428571428041
20028,0.0006928928571429285
20029,0.000699214285714232
20030,0.0006895714285713593
20031,0.0006963214285713702
20032,0.0007172142857143119
20033,0.0007453928571428443
20034,0.0007622142857142832
20035,0.0007731428571428214
20036,0.0007997142857143099
20037,0.0008042142857142157
20038,0.0008044285714285694
20039,0.0008315357142857899
20040,0.0008400000000000217
20041,0.0008329285714286324
20042,0.0008641071428572035
20043,0.0008538214285714219
20044,0.0008098928571429147
20045,0.0008243571428570716
20046,0.0008374285714285383
20047,0.0008794285714286231
20048,0.000902249999999987
20049,0.0008762142857142306
20050,0.0008479285714285213
20051,0.0008502857142856511
20052,0.0008241428571428701
20053,0.000795107142857075
20054,0.000809035714285652
20055,0.0008360357142856958
20056,0.0008328214285714555
20057,0.0007700357142857582
20058,0.000726535714285654
20059,0.0007172142857143119
20060,0.0007055357142856878
20061,0.0006615000000000038
20062,0.0006252857142856426
20063,0.0006198214285714495
20064,0.000644571428571388
20065,0.0006340714285714049
20066,0.0006014999999999914
20067,0.0005607857142857244
20068,0.0005367857142857195
20069,0.0005224285714285872
20070,0.0004880357142857759
20071,0.00046799999999994464
20072,0.000466178571428547
20073,0.0004912500000000161
20074,0.0004912500000000161
20075,0.00047485714285713245
20076,0.000455571428571387
20077,0.0004467857142857769
20078,0.0004513928571428595
20079,0.0004612499999999337
20080,0.0004713214285713617
20081,0.00046864285714285356
20082,0.0004613571428571106
20083,0.0004615714285714643
20084,0.00044410714285711655
20085,0.00043939285714285705
20086,0.0004297499999999843
20087,0.0004508571428571275
20088,0.00046403571428577095
20089,0.00045300000000005573
20090,0.000440035714285766
20091,0.0004623214285713979
20092,0.0004630714285714837
20093,0.0004546071428570997
20094,0.00046403571428577095
20095,0.00044325000000000614
20096,0.00042449999999999275
20097,0.00044528571428575757
20098,0.0005027142857142865
20099,0.0005044285714285073
20100,0.0004826785714286075
20101,0.0004729285714285579
20102,0.0004778571428571711
20103,0.00047474999999995557
20104,0.0004666071428571022
20105,0.00045889285714280397
20106,0.00046360714285721574
20107,0.0004676785714285663
20108,0.00045814285714287044
20109,0.00042996428571433806
20110,0.0004376785714286362
20111,0.0004660714285713701
20112,0.00046285714285712994
20113,0.00045942857142853606
20114,0.00045385714285716615
20115,0.0004614642857142875
20116,0.00048364285714289475
20117,0.0005011071428570903
20118,0.0004878214285714222
20119,0.00047014285714287295
20120,0.0004720714285714475
20121,0.00044892857142855294
20122,0.0004627499999999531
20123,0.0004843928571428283
20124,0.0004831071428571627
20125,0.00048289285714280894
20126,0.00047485714285713245
20127,0.00046424999999997244
20128,0.00043307142857140134
20129,0.00043446428571424384
20130,0.0004606071428571771
20131,0.00047485714285713245
20132,0.0004806428571428561
20133,0.0004605000000000002
20134,0.0004630714285714837
20135,0.00046971428571431775
20136,0.0004712142857143371
20137,0.0004523571428571468
20138,0.00046832142857147524
20139,0.0004880357142857759
20140,0.00047603571428577346
20141,0.00046907142857140877
20142,0.00045417857142854447
20143,0.0004643571428571493
20144,0.00046467857142852765
20145,0.00045899999999998085
20146,0.0004826785714286075
20147,0.000504107142857129
20148,0.0004949999999999883
20149,0.00048332142857136415
20150,0.000476785714285707
20151,0.00046360714285721574
20152,0.0004610357142857323
20153,0.0005174999999999739
20154,0.000527464285714225
20155,0.0005349642857143217
20156,0.0005468571428571473
20157,0.0004961785714286294
20158,0.00047410714285719887
20159,0.0005098928571428526
20160,0.0005300357142857085
20161,0.00056207142857139
20162,0.0005701071428572188
20163,0.0005619642857142131
20164,0.000549857142857186
20165,0.0005407500000000453
20166,0.0005418214285713573
20167,0.0005044285714285073
20168,0.00047571428571424287
20169,0.0004618928571428427
20170,0.0004893214285714415
20171,0.000497464285714295
20172,0.00047528571428568766
20173,0.0004553571428571855
20174,0.00046939285714278715
20175,0.0004819285714285217
20176,0.0004810714285714113
20177,0.00048117857142858817
20178,0.00047571428571424287
20179,0.0004606071428571771
20180,0.00047303571428573474
20181,0.0005128928571428913
20182,0.0004927500000000355
20183,0.00046864285714285356
20184,0.0004430357142856524
20185,0.0004407857142856995
20186,0.0004976785714284964
20187,0.0005551071428571776
20188,0.0006332142857142945
20189,0.0007541785714286066
20190,0.0008851071428571698
20191,0.001073464285714262
20192,0.0012576428571428266
20193,0.0013141071428570683
20194,0.0013479642857142998
20195,0.001284321428571492
20196,0.0010117500000000287
20197,0.0006350357142856922
20198,0.0003811071428572177
20199,0.00028028571428576147
20200,0.00022682142857140622
20201,0.00017260714285711743
20202,0.00017892857142857313
20203,0.0002575714285714221
20204,0.0003108214285714236
20205,0.0003744642857142314
20206,0.0004205357142856668
20207,0.00044785714285708875
20208,0.0004937142857143227
20209,0.0005144999999999353
20210,0.0005128928571428913
20211,0.0004885714285713557
20212,0.00048674999999995803
20213,0.0005335714285714792
20214,0.0005416071428571557
20215,0.0005479285714286115
20216,0.000549857142857186
20217,0.0005562857142856663
20218,0.0005752500000000335
20219,0.0005867142857143039
20220,0.000566035714285716
20221,0.0005617500000000117
20222,0.0005749285714285029
20223,0.000596678571428555
20224,0.0006129642857142617
20225,0.0006082500000000022
20226,0.0005942142857142484
20227,0.0006446785714285649
20228,0.0006663214285714402
20229,0.0006532499999999735
20230,0.0006378214285713772
20231,0.0006308571428571648
20232,0.0006549642857143466
20233,0.0006641785714285119
20234,0.0006691071428571251
20235,0.0006683571428571915
20236,0.0006873214285714064
20237,0.0007154999999999388
20238,0.0006969642857142792
20239,0.0006916071428571107
20240,0.00070371428571429
20241,0.0007512857142857448
20242,0.000772285714285711
20243,0.0007488214285714382
20244,0.0007603928571428855
20245,0.0008046428571429232
20246,0.0008215714285713866
20247,0.000837535714285715
20248,0.0008630357142857393
20249,0.0008644285714285818
20250,0.0008449285714286349
20251,0.0008401071428571986
20252,0.0008605714285714328
20253,0.0008919642857143576
20254,0.0008714999999999711
20255,0.0008413928571428641
20256,0.0008796428571428245
20257,0.0008947500000000425
20258,0.0008683928571429078
20259,0.0008679642857143526
20260,0.0008594999999999686
20261,0.0008404285714285769
20262,0.0008494285714285407
20263,0.0008134285714285332
20264,0.0007687499999999403
20265,0.0007701428571427828
20266,0.0007739999999999319
20267,0.0007533214285714962
20268,0.0006988928571428537
20269,0.0006656785714285312
20270,0.0006667499999999954
20271,0.0006553928571429018
20272,0.000633964285714228
20273,0.0006162857142856787
20274,0.000575464285714235
20275,0.0005236071428570759
20276,0.0005211428571429216
20277,0.0005333571428571255
20278,0.0005124642857143361
20279,0.0005251071428570952
20280,0.0005182500000000598
20281,0.0005098928571428526
20282,0.0004922142857143034
20283,0.0004886785714285326
20284,0.0004896428571428199
20285,0.0004664999999999253
20286,0.00045010714285719395
20287,0.00043285714285719984
20288,0.00042878571428569705
20289,0.0004677857142857432
20290,0.00048417857142862684
20291,0.000476785714285707
20292,0.00046971428571431775
20293,0.00046242857142857473
20294,0.00045310714285708034
20295,0.0004520357142857685
20296,0.00045867857142860253
20297,0.0004419642857143405
20298,0.0004563214285714728
20299,0.00046489285714288136
20300,0.00046457142857150304
20301,0.0004764642857143286
20302,0.0004664999999999253
20303,0.0004408928571428764
20304,0.0004508571428571275
20305,0.0005030357142856649
20306,0.0004894285714286184
20307,0.00046907142857140877
20308,0.0004813928571427896
20309,0.0004775357142856405
20310,0.00046875000000003045
20311,0.0004611428571429091
20312,0.00045867857142860253
20313,0.0004613571428571106
20314,0.0004602857142856465
20315,0.00047303571428573474
20316,0.0005110714285714936
20317,0.0005051785714285931
20318,0.000491357142857193
20319,0.0004933928571427921
20320,0.0004762499999999749
20321,0.0004656428571428149
20322,0.0004714285714285385
20323,0.0004851428571429141
20324,0.0004990714285714911
20325,0.00048289285714280894
20326,0.00047989285714292255
20327,0.0004513928571428595
20328,0.00045439285714289824
20329,0.0004975714285714718
20330,0.0005036785714285738
20331,0.0005187857142856395
20332,0.0004927500000000355
20333,0.00046371428571424035
20334,0.00046500000000005825
20335,0.00046864285714285356
20336,0.0004912500000000161
20337,0.0004930714285714138
20338,0.0005022857142857312
20339,0.000500142857142803
20340,0.0004917857142857482
20341,0.0004916785714285713
20342,0.000498535714285759
20343,0.000486214285714226
20344,0.0004891071428570878
20345,0.00046799999999994464
20346,0.00045835714285707193
20347,0.0005004642857143336
20348,0.0005107499999999631
20349,0.00048814285714280053
20350,0.000493499999999969
20351,0.0004657499999999918
20352,0.00046757142857138944
20353,0.0004911428571428392
20354,0.0005124642857143361
20355,0.0005238214285714297
20356,0.00053207142857146
20357,0.0005578928571428626
20358,0.000559928571428614
20359,0.0005313214285713741
20360,0.0005250000000000707
20361,0.0005525357142856941
20362,0.0005469642857143242
20363,0.0005668928571428264
20364,0.0005800714285714698
20365,0.0005835000000000638
20366,0.0005781428571428953
20367,0.0005496428571428323
20368,0.0005387142857142939
20369,0.0005482499999999898
20370,0.0005156785714285762
20371,0.0005011071428570903
20372,0.0005056071428571484
20373,0.00048407142857144996
20374,0.0004780714285713726
20375,0.0004618928571428427
20376,0.00044485714285720236
20377,0.0004961785714286294
20378,0.0005142857142857338
20379,0.000500142857142803
20380,0.0005020714285713776
20381,0.00048450000000000516
20382,0.0004742142857142235
20383,0.00047228571428564893
20384,0.0005000357142857784
20385,0.0005242499999999849
20386,0.000504642857142861
20387,0.0004936071428571458
20388,0.0005443928571428407
20389,0.0006221785714285793
20390,0.0007028571428571796
20391,0.000810857142857202
20392,0.0009430714285714308
20393,0.0010958571428570708
20394,0.001217249999999938
20395,0.00128196428571421
20396,0.0012728571428570693
20397,0.001160571428571495
20398,0.000874928571428565
20399,0.0005205000000000126
20400,0.0002955000000000041
20401,0.000274928571428593
20402,0.00026849999999996045
20403,0.00021257142857145084
20404,0.0001905000000000204
20405,0.0002544642857143588
20406,0.00034842857142862725
20407,0.0004106785714285926
20408,0.0004550357142856549
20409,0.0004856785714286462
20410,0.000506892857142814
20411,0.0005351785714285232
20412,0.000542571428571443
20413,0.0005342142857142359
20414,0.0005476071428570809
20415,0.0005574642857143074
20416,0.0005162142857143083
20417,0.0005449285714285728
20418,0.0006086785714285574
20419,0.0006098571428571985
20420,0.0006080357142856485
20421,0.0006069642857143366
20422,0.000569357142857133
20423,0.0005598214285714371
20424,0.000625178571428618
20425,0.0006837857142857879
20426,0.0006926785714285749
20427,0.000671357142857078
20428,0.0006386785714286398
20429,0.0006173571428571429
20430,0.0006479999999999819
20431,0.0006903214285714451
20432,0.0006776785714285336
20433,0.0006801428571428403
20434,0.0006959999999999919
20435,0.0007083214285713727
20436,0.0007637142857143025
20437,0.0007522500000000321
20438,0.0007090714285714585
20439,0.0007272857142857399
20440,0.0007527857142857642
20441,0.0007537500000000514
20442,0.0007502142857142806
20443,0.0007482857142857061
20444,0.0007561071428571812
20445,0.0007547142857143387
20446,0.0008005714285714204
20447,0.0008417142857142425
20448,0.0008463214285714774
20449,0.0008836071428571505
20450,0.0008753571428571202
20451,0.0008287499999999528
20452,0.0008577857142857479
20453,0.0009110357142857493
20454,0.0009114642857143045
20455,0.000892821428571468
20456,0.0008934642857142247
20457,0.0008899285714286062
20458,0.0008765357142857612
20459,0.00088832142857141
20460,0.0008927142857142912
20461,0.0008508214285713832
20462,0.000830892857142881
20463,0.0008532857142856898
20464,0.0008645357142857587
20465,0.000809035714285652
20466,0.0007909285714285476
20467,0.0008014285714285308
20468,0.0007683214285713851
20469,0.0007377857142857229
20470,0.0007267500000000078
20471,0.0006918214285714645
20472,0.0006921428571428428
20473,0.0006679285714286363
20474,0.0006316071428570983
20475,0.0006193928571428943
20476,0.0006008571428570824
20477,0.0005820000000000444
20478,0.0005624999999999452
20479,0.0005593928571428819
20480,0.0005376428571428298
20481,0.0005188928571428164
20482,0.0005069999999999907
20483,0.000518035714285706
20484,0.0004992857142856926
20485,0.00048760714285706844
20486,0.0005071071428571676
20487,0.0004996071428570709
20488,0.0004810714285714113
20489,0.0004383214285713929
20490,0.0004374642857142825
20491,0.0004975714285714718
20492,0.0005224285714285872
20493,0.0005090357142857422
20494,0.0004893214285714415
20495,0.00046392857142859407
20496,0.00046789285714292003
20497,0.00048460714285718205
20498,0.0004893214285714415
20499,0.00047957142857139195
20500,0.0004995000000000463
20501,0.0005063571428570819
20502,0.0004788214285714584
20503,0.0004884642857143311
20504,0.0005134285714286234
20505,0.0005236071428570759
20506,0.0004712142857143371
20507,0.0004903928571429057
20508,0.000517392857142797
20509,0.000500785714285712
20510,0.0005217857142856782
20511,0.0005000357142857784
20512,0.0004568571428572048
20513,0.0004932857142857675
20514,0.0005019642857143529
20515,0.0005000357142857784
20516,0.0005088214285713885
20517,0.0005043214285714827
20518,0.0004924285714285048
20519,0.0005263928571429132
20520,0.0005151428571428442
20521,0.0004868571428571349
20522,0.00048674999999995803
20523,0.0004967142857143613
20524,0.0005092499999999437
20525,0.0004948928571428114
20526,0.0004916785714285713
20527,0.0005061428571428804
20528,0.0005268214285714684
20529,0.0005322857142856614
20530,0.0005157857142857531
20531,0.0005060357142857036
20532,0.0004957500000000741
20533,0.0005005714285713582
20534,0.0005072142857143445
20535,0.000508607142857187
20536,0.0005016428571428224
20537,0.000501857142857176
20538,0.000507964285714278
20539,0.0005061428571428804
20540,0.0005199642857142805
20541,0.000545357142857128
20542,0.0005362499999999874
20543,0.0005063571428570819
20544,0.0004877142857142453
20545,0.0005250000000000707
20546,0.0005363571428571643
20547,0.0005098928571428526
20548,0.0005224285714285872
20549,0.0005230714285714961
20550,0.0005191071428571702
20551,0.000577178571428608
20552,0.0005854285714286383
20553,0.0005407500000000453
20554,0.0005362499999999874
20555,0.0005654999999999839
20556,0.0005567142857142215
20557,0.0005352857142857001
20558,0.0005572499999999536
20559,0.0005737500000000141
20560,0.00054589285714286
20561,0.0005350714285714986
20562,0.0005399999999999596
20563,0.000539250000000026
20564,0.0005340000000000344
20565,0.0005226428571427886
20566,0.000518678571428615
20567,0.0005110714285714936
20568,0.0005072142857143445
20569,0.0005030357142856649
20570,0.0005206071428571895
20571,0.0005471785714285256
20572,0.0005240357142857834
20573,0.00048792857142859904
20574,0.00047442857142857725
20575,0.00047528571428568766
20576,0.00045439285714289824
20577,0.0004965000000000077
20578,0.0005431071428571751
20579,0.0005089285714285653
20580,0.0005464285714285921
20581,0.0006363214285713578
20582,0.0007361785714285268
20583,0.000820285714285721
20584,0.0009094285714285531
20585,0.0010186071428572164
20586,0.0011267142857142635
20587,0.0011906785714286018
20588,0.0011684999999999946
20589,0.0010358571428572105
20590,0.0007675714285714515
20591,0.0004866428571427812
20592,0.0003279642857142408
20593,0.0002800714285714077
20594,0.00026464285714281136
20595,0.00025767857142859895
20596,0.00025017857142850227
20597,0.0002454642857142427
20598,0.00031328571428573023
20599,0.0003959999999999297
20600,0.0004407857142856995
20601,0.00047571428571424287
20602,0.0004856785714286462
20603,0.0004916785714285713
20604,0.0005376428571428298
20605,0.0005720357142856411
20606,0.0005935714285714916
20607,0.0005993571428572153
20608,0.0005929285714285828
20609,0.0005901428571428978
20610,0.0006054642857143173
20611,0.0006162857142856787
20612,0.0006121071428571513
20613,0.0005780357142857184
20614,0.0006003214285715026
20615,0.0006294642857143223
20616,0.0006262499999999298
20617,0.0006425357142857889
20618,0.0006829285714285252
20619,0.0007134642857143397
20620,0.0006607500000000702
20621,0.0006209999999999382
20622,0.0006626785714286447
20623,0.0006821785714285917
20624,0.0006746785714286473
20625,0.0006786428571428209
20626,0.0006800357142856634
20627,0.0007095000000000137
20628,0.000752357142857209
20629,0.0007342499999999522
20630,0.0007153928571429142
20631,0.0007358571428571484
20632,0.0007002857142856962
20633,0.0007309285714285352
20634,0.0007952142857142519
20635,0.0008044285714285694
20636,0.0008118214285714893
20637,0.000839785714285668
20638,0.0008377500000000688
20639,0.0008110714285714035
20640,0.000816964285714304
20641,0.0008542499999999771
20642,0.0008851071428571698
20643,0.0008852142857143467
20644,0.0008736428571428994
20645,0.0008975357142857275
20646,0.0009305357142856963
20647,0.0009244285714285943
20648,0.0009259285714286136
20649,0.0009255000000000584
20650,0.0008867142857142137
20651,0.0008754642857142971
20652,0.0008418214285714193
20653,0.0008332500000000107
20654,0.0008524285714285794
20655,0.0008411785714285105
20656,0.0008288571428571296
20657,0.0008106428571428483
20658,0.0007882500000000396
20659,0.000761785714285728
20660,0.0007573928571428468
20661,0.0007539642857142529
20662,0.0007278214285714718
20663,0.0007073571428570855
20664,0.000680357142857194
20665,0.0006510000000000206
20666,0.0006403928571428606
20667,0.0006252857142856426
20668,0.000601178571428613
20669,0.000589928571428544
20670,0.0005785714285714505
20671,0.0005689285714285778
20672,0.0005723571428571716
20673,0.000531428571428551
20674,0.0004784999999999278
20675,0.0004947857142857868
20676,0.0005436428571429072
20677,0.0005455714285714817
20678,0.0005333571428571255
20679,0.0005130000000000682
20680,0.00048589285714284767
20681,0.0004956428571428973
20682,0.0005138571428571786
20683,0.0004976785714284964
20684,0.0004961785714286294
20685,0.0004962857142856539
20686,0.0005164285714285099
20687,0.0004707857142857819
20688,0.0004459285714285142
20689,0.0004906071428571071
20690,0.0004918928571429251
20691,0.0004736785714286437
20692,0.0004716428571428923
20693,0.0004818214285714971
20694,0.0005165357142856866
20695,0.0005289642857142444
20696,0.0004887857142857095
20697,0.0004884642857143311
20698,0.0005029285714286402
20699,0.0005110714285714936
20700,0.0004977857142856733
20701,0.000493499999999969
20702,0.0005033571428571954
20703,0.0005299285714285316
20704,0.000518678571428615
20705,0.0005042142857143058
20706,0.0005037857142857506
20707,0.0005112857142856951
20708,0.00051407142857138
20709,0.0004898571428571736
20710,0.0005111785714285183
20711,0.0005405357142856917
20712,0.0005174999999999739
20713,0.000504107142857129
20714,0.0005203928571428357
20715,0.00052467857142854
20716,0.0005167500000000404
20717,0.0005245714285713632
20718,0.000519214285714347
20719,0.0005189999999999933
20720,0.0005155714285713994
20721,0.0004954285714285435
20722,0.0004923214285714803
20723,0.000525964285714358
20724,0.0005187857142856395
20725,0.0005301428571428854
20726,0.0005422500000000647
20727,0.0005419285714285342
20728,0.0005299285714285316
20729,0.0005316428571429048
20730,0.0005235000000000513
20731,0.0005089285714285653
20732,0.0005223214285714103
20733,0.0005673214285713816
20734,0.0005921785714284969
20735,0.000546535714285769
20736,0.0005210357142857447
20737,0.0005405357142856917
20738,0.0005470714285715011
20739,0.0005327142857142166
20740,0.0005434285714285534
20741,0.0005677499999999368
20742,0.0005761071428571439
20743,0.0005487857142857219
20744,0.0005578928571428626
20745,0.000583928571428619
20746,0.0006132857142856401
20747,0.0006019285714285466
20748,0.0005600357142856386
20749,0.0005228571428571424
20750,0.0005137500000000017
20751,0.0005254285714286259
20752,0.0005319642857142831
20753,0.0005303571428570868
20754,0.00047871428571428154
20755,0.0004459285714285142
20756,0.0005174999999999739
20757,0.0005761071428571439
20758,0.0005312142857143495
20759,0.0004951071428571652
20760,0.0004941428571428779
20761,0.0005069999999999907
20762,0.0004904999999999302
20763,0.0004749642857143093
20764,0.0004659642857143455
20765,0.0005093571428571206
20766,0.0005589642857143267
20767,0.0006492857142856475
20768,0.0007431428571428914
20769,0.0008106428571428483
20770,0.0009358928571428647
20771,0.001073999999999994
20772,0.0011957142857142397
20773,0.0012511071428571695
20774,0.0012430714285714929
20775,0.0010824642857142257
20776,0.0007833214285714263
20777,0.0005157857142857531
20778,0.00035346428571426513
20779,0.0002754642857143251
20780,0.0002386071428572072
20781,0.00022542857142856374
20782,0.0002088214285714786
20783,0.00025392857142862675
20784,0.00033150000000001153
20785,0.00040435714285713686
20786,0.00045310714285708034
20787,0.0005066785714286124
20788,0.0005291785714285981
20789,0.0005434285714285534
20790,0.0005475000000000563
20791,0.0005464285714285921
20792,0.0005496428571428323
20793,0.0005661428571428929
20794,0.0005854285714286383
20795,0.0005715000000000612
20796,0.0005951785714285356
20797,0.0006235714285714218
20798,0.0006062142857142509
20799,0.0006062142857142509
20800,0.0006315000000000736
20801,0.0006530357142857721
20802,0.0006129642857142617
20803,0.0006003214285715026
20804,0.0006348214285714907
20805,0.0006372857142856451
20806,0.0006595714285714292
20807,0.0006750000000000256
20808,0.0006613928571428269
20809,0.0006731785714286279
20810,0.0006794999999999314
20811,0.0006789642857143516
20812,0.000666964285714349
20813,0.000685285714285655
20814,0.0007325357142857313
20815,0.0007518214285714769
20816,0.0007452857142856674
20817,0.0007529999999999656
20818,0.0007676785714286284
20819,0.0007756071428571281
20820,0.0007800000000000093
20821,0.0007827857142856942
20822,0.0007832142857142494
20823,0.0008023928571428181
20824,0.0008431071428570849
20825,0.000860357142857079
20826,0.0008703214285714824
20827,0.0008833928571427967
20828,0.0008714999999999711
20829,0.0008494285714285407
20830,0.0008497500000000713
20831,0.0008736428571428994
20832,0.0008765357142857612
20833,0.0009026785714285423
20834,0.0009162857142857409
20835,0.0009144642857143432
20836,0.0009278571428571881
20837,0.0009153214285714536
20838,0.0008905714285713628
20839,0.0008674285714286205
20840,0.0008652857142856923
20841,0.0008523214285714025
20842,0.000830357142857149
20843,0.0008341071428571212
20844,0.0008066785714285224
20845,0.0007602857142857086
20846,0.0007299642857142479
20847,0.0007093928571428368
20848,0.0007205357142857289
20849,0.0007095000000000137
20850,0.0006771428571428017
20851,0.0006278571428571261
20852,0.0006159642857143004
20853,0.0006082500000000022
20854,0.0005572499999999536
20855,0.000565392857142807
20856,0.0005755714285714118
20857,0.0005496428571428323
20858,0.000534749999999968
20859,0.000530785714285642
20860,0.000527464285714225
20861,0.0005199642857142805
20862,0.0004973571428571181
20863,0.00046403571428577095
20864,0.0005067857142857893
20865,0.0005104285714285847
20866,0.0004904999999999302
20867,0.0004956428571428973
20868,0.0004945714285714331
20869,0.0004880357142857759
20870,0.0004707857142857819
20871,0.0004723928571428258
20872,0.00047946428571421507
20873,0.0004933928571427921
20874,0.0004816071428571433
20875,0.00045728571428576
20876,0.00046832142857147524
20877,0.0004764642857143286
20878,0.00048814285714280053
20879,0.0004947857142857868
20880,0.0004937142857143227
20881,0.0004991785714285157
20882,0.000490714285714284
20883,0.00048792857142859904
20884,0.0005277857142857556
20885,0.0005349642857143217
20886,0.0005031428571428417
20887,0.0004620000000000195
20888,0.0004512857142856827
20889,0.0004851428571429141
20890,0.0005188928571428164
20891,0.0005176071428571508
20892,0.0005066785714286124
20893,0.0005401071428571365
20894,0.0005351785714285232
20895,0.0005138571428571786
20896,0.0005355000000000538
20897,0.0005227499999999655
20898,0.0004796785714285688
20899,0.0004784999999999278
20900,0.0004899642857143505
20901,0.0004703571428570744
20902,0.0004719642857142706
20903,0.000511928571428604
20904,0.0005179285714285291
20905,0.0005166428571428635
20906,0.0005348571428571449
20907,0.0005272500000000236
20908,0.0005218928571428551
20909,0.0004977857142856733
20910,0.0004818214285714971
20911,0.0005150357142856673
20912,0.0005163214285714852
20913,0.0005165357142856866
20914,0.0005396785714285812
20915,0.0005557499999999342
20916,0.0005233928571428745
20917,0.0005034642857142201
20918,0.0005093571428571206
20919,0.0005239285714286065
20920,0.0005270357142856698
20921,0.0004918928571429251
20922,0.0004863214285714029
20923,0.00046842857142849985
20924,0.0004956428571428973
20925,0.0005225357142857641
20926,0.0005266071428571146
20927,0.0005427857142856445
20928,0.0005543571428570918
20929,0.000533142857142924
20930,0.0005298214285713547
20931,0.0005193214285713716
20932,0.0005330357142857471
20933,0.0005397857142857581
20934,0.0005422500000000647
20935,0.0005717142857142628
20936,0.0005941071428570715
20937,0.0005949642857143342
20938,0.0005817857142856906
20939,0.0005661428571428929
20940,0.0005412857142857774
20941,0.000535392857142877
20942,0.0005445000000000176
20943,0.0005468571428571473
20944,0.0005024999999999328
20945,0.00048032142857147776
20946,0.0005014285714286208
20947,0.0005251071428570952
20948,0.0005172857142857725
20949,0.0005062500000000572
20950,0.00049467857142861
20951,0.0004931785714285906
20952,0.0004893214285714415
20953,0.0005012142857142672
20954,0.0004937142857143227
20955,0.0004959642857142756
20956,0.0004931785714285906
20957,0.00047185714285709373
20958,0.0004916785714285713
20959,0.0005271428571428467
20960,0.0006087857142857343
20961,0.0007342499999999522
20962,0.0008590714285714135
20963,0.0010141071428571584
20964,0.0011422500000000367
20965,0.0012700714285713843
20966,0.0013429285714285097
20967,0.0013384285714286039
20968,0.0011911071428571572
20969,0.0008261785714286215
20970,0.00048375000000007163
20971,0.00032421428571426857
20972,0.0002907857142857446
20973,0.00025435714285718195
20974,0.00021246428571427398
20975,0.00023785714285712143
20976,0.00028832142857143796
20977,0.0003573214285714142
20978,0.0004322142857142909
20979,0.0004719642857142706
20980,0.0004915714285713944
20981,0.0005094642857142974
20982,0.00051407142857138
20983,0.0005211428571429216
20984,0.0005374285714286283
20985,0.000559928571428614
20986,0.0005389285714284954
20987,0.0005543571428570918
20988,0.0005622857142857438
20989,0.0005704285714285971
20990,0.0005915357142857403
20991,0.0005921785714284969
20992,0.0005695714285714867
20993,0.0006016071428571682
20994,0.0006294642857143223
20995,0.0006288214285714133
20996,0.0006193928571428943
20997,0.0006238928571428001
20998,0.0006264642857142836
20999,0.0006155357142857452
21000,0.0006115714285714192
21001,0.0006287142857142365
21002,0.0006695357142856803
21003,0.0006883928571428706
21004,0.0006699642857142355
21005,0.0006689999999999482
21006,0.0006880714285714922
21007,0.0006988928571428537
21008,0.0006919285714286413
21009,0.0006889285714286026
21010,0.0007187142857143313
21011,0.0007473214285714188
21012,0.0007468928571428636
21013,0.0007438928571428249
21014,0.0007671428571428963
21015,0.0007958571428571609
21016,0.0008285357142857512
21017,0.0008358214285714942
21018,0.0008210357142856545
21019,0.0008113928571427819
21020,0.00082971428571424
21021,0.0008827500000000401
21022,0.000902785714285719
21023,0.0008568214285714606
21024,0.0008234999999999612
21025,0.0008882142857142331
21026,0.0009248571428571495
21027,0.0009035357142856526
21028,0.0008906785714285397
21029,0.0008619642857142753
21030,0.0008701071428571286
21031,0.0008865000000000123
21032,0.0008732142857143442
21033,0.0008563928571429054
21034,0.0008288571428571296
21035,0.0007828928571428711
21036,0.0007941428571427878
21037,0.0008155714285714615
21038,0.0007792500000000757
21039,0.0007375714285713693
21040,0.0007193571428570879
21041,0.0007006071428570745
21042,0.0006584999999999651
21043,0.0006548571428571697
21044,0.0006125357142857065
21045,0.000592714285714229
21046,0.000606749999999983
21047,0.000563785714285763
21048,0.0005511428571428516
21049,0.0005546785714286224
21050,0.0005306785714286175
21051,0.0005081785714286318
21052,0.0005182500000000598
21053,0.0005423571428570894
21054,0.000506892857142814
21055,0.0004883571428571543
21056,0.0004916785714285713
21057,0.00047999999999994716
21058,0.00046510714285708286
21059,0.00047732142857143903
21060,0.0005037857142857506
21061,0.0005194285714285485
21062,0.00047003571428569607
21063,0.00044367857142856135
21064,0.0004472142857143321
21065,0.00044442857142864715
21066,0.0004523571428571468
21067,0.00047014285714287295
21068,0.0004714285714285385
21069,0.00044528571428575757
21070,0.00045482142857145345
21071,0.0004805357142856792
21072,0.00046789285714292003
21073,0.00045921428571433457
21074,0.00047507142857148617
21075,0.0004610357142857323
21076,0.00046799999999994464
21077,0.00047528571428568766
21078,0.0004990714285714911
21079,0.00053207142857146
21080,0.0004888928571428863
21081,0.0004755000000000414
21082,0.0005113928571428719
21083,0.0005141785714285569
21084,0.0004848214285713835
21085,0.0004652142857142597
21086,0.0004995000000000463
21087,0.0005062500000000572
21088,0.00047260714285717953
21089,0.00046403571428577095
21090,0.00047346428571428995
21091,0.0004783928571429032
21092,0.0004909285714286378
21093,0.0004613571428571106
21094,0.00043296428571422445
21095,0.0005127857142857144
21096,0.0005091428571429191
21097,0.0004839642857142731
21098,0.0004872857142856901
21099,0.00048503571428573725
21100,0.0004983214285714053
21101,0.0004856785714286462
21102,0.00048417857142862684
21103,0.0004796785714285688
21104,0.0004503214285713954
21105,0.0004476428571428873
21106,0.0004716428571428923
21107,0.0005034642857142201
21108,0.0005157857142857531
21109,0.0004993928571428695
21110,0.0004765714285713532
21111,0.00047389285714284515
21112,0.0004977857142856733
21113,0.000508607142857187
21114,0.0005125714285713607
21115,0.0004778571428571711
21116,0.00046446428571432616
21117,0.00045942857142853606
21118,0.00048278571428578434
21119,0.0004949999999999883
21120,0.0004513928571428595
21121,0.0004759285714285966
21122,0.0005028214285714633
21123,0.00048674999999995803
21124,0.00045407142857136764
21125,0.00044817857142861935
21126,0.00045889285714280397
21127,0.0004715357142857154
21128,0.0005749285714285029
21129,0.0005831785714285331
21130,0.0005534999999999814
21131,0.0005457857142856832
21132,0.0005288571428570675
21133,0.0005038928571429275
21134,0.000507964285714278
21135,0.0005420357142857109
21136,0.0005931428571427842
21137,0.000578785714285652
21138,0.0005790000000000057
21139,0.000575464285714235
21140,0.0005527500000000479
21141,0.0005539285714285366
21142,0.0005701071428572188
21143,0.0005662500000000696
21144,0.0005104285714285847
21145,0.0004742142857142235
21146,0.0004847142857143589
21147,0.0005115000000000488
21148,0.0005127857142857144
21149,0.0005267142857142915
21150,0.0005268214285714684
21151,0.0004961785714286294
21152,0.0004888928571428863
21153,0.0005005714285713582
21154,0.0004809642857142344
21155,0.0004419642857143405
21156,0.00046853571428567673
21157,0.0005194285714285485
21158,0.0004929642857142369
21159,0.0004717500000000691
21160,0.0004823571428570769
21161,0.000476785714285707
21162,0.000554785714285647
21163,0.0006576428571428547
21164,0.0007489285714286151
21165,0.0008863928571428354
21166,0.0010376785714286082
21167,0.0011952857142856846
21168,0.0013165714285713749
21169,0.001360607142857211
21170,0.0013342499999999243
21171,0.0011682857142856409
21172,0.0008110714285714035
21173,0.00048792857142859904
21174,0.00034392857142856925
21175,0.0003107142857142467
21176,0.00024257142857138093
21177,0.0002008928571428267
21178,0.0002341071428571492
21179,0.00030471428571432165
21180,0.0003715714285713696
21181,0.0004321071428571141
21182,0.0004631785714285083
21183,0.0005069999999999907
21184,0.0005403214285714901
21185,0.0005201785714286343
21186,0.0005131071428570928
21187,0.0005565000000000201
21188,0.0005685000000000225
21189,0.0005544642857142687
21190,0.0005751428571428566
21191,0.0005777142857143401
21192,0.0005838214285714421
21193,0.000598392857142928
21194,0.0006097500000000216
21195,0.0005706428571427986
21196,0.0005641071428571414
21197,0.0006035357142857427
21198,0.0006262499999999298
21199,0.0006363214285713578
21200,0.0006118928571427977
21201,0.0006263571428571067
21202,0.0006342857142857586
21203,0.0005944285714286021
21204,0.0006169285714285877
21205,0.0006672857142857273
21206,0.0006519642857143079
21207,0.0006484285714285371
21208,0.0007040357142856684
21209,0.0007207499999999304
21210,0.0006968571428571023
21211,0.000713785714285718
21212,0.0006774642857143322
21213,0.0007150714285713836
21214,0.0007326428571429082
21215,0.0007057500000000415
21216,0.0007442142857143556
21217,0.0007677857142856531
21218,0.000732214285714353
21219,0.0008114999999999587
21220,0.0009086785714286196
21221,0.0008684999999999325
21222,0.0008395714285714665
21223,0.0008473928571427892
21224,0.0008937857142857552
21225,0.0008786785714285372
21226,0.0008847857142856392
21227,0.0009196071428571579
21228,0.0008993571428571252
21229,0.0008619642857142753
21230,0.0008653928571428691
21231,0.000864857142857137
21232,0.0008443928571429029
21233,0.0008489999999999855
21234,0.0008972142857143491
21235,0.0008540357142857756
21236,0.000806357142857144
21237,0.000816321428571395
21238,0.0008359285714285189
21239,0.0008458928571429222
21240,0.0008428928571428835
21241,0.0008121428571428676
21242,0.0007686428571429157
21243,0.0007010357142857819
21244,0.0006853928571428318
21245,0.000689249999999981
21246,0.0006502499999999348
21247,0.000579321428571384
21248,0.0005667857142856495
21249,0.0005904642857142761
21250,0.0006236785714285986
21251,0.0006186428571428085
21252,0.0005718214285714395
21253,0.0005447142857142191
21254,0.0005029285714286402
21255,0.00048075000000003296
21256,0.0005196428571429022
21257,0.0005328214285713935
21258,0.0005003571428571568
21259,0.0004852499999999387
21260,0.0004664999999999253
21261,0.0004317857142857357
21262,0.00044946428571428497
21263,0.0004963928571428308
21264,0.0005121428571428055
21265,0.00047303571428573474
21266,0.0004563214285714728
21267,0.00045374999999998926
21268,0.00044464285714284864
21269,0.0004582500000000473
21270,0.0004616785714286412
21271,0.0004703571428570744
21272,0.0004676785714285663
21273,0.000434892857142799
21274,0.00043382142857148714
21275,0.00047603571428577346
21276,0.0004973571428571181
21277,0.0004978928571428502
21278,0.0004923214285714803
21279,0.00047603571428577346
21280,0.0004809642857142344
21281,0.0004620000000000195
21282,0.00044496428571422697
21283,0.000476785714285707
21284,0.0005668928571428264
21285,0.0005530714285714262
21286,0.0004902857142857288
21287,0.0004323214285714678
21288,0.00046392857142859407
21289,0.0005357142857142553
21290,0.0005272500000000236
21291,0.0005196428571429022
21292,0.0005258571428571811
21293,0.0004865357142857566
21294,0.00046939285714278715
21295,0.0004916785714285713
21296,0.0004865357142857566
21297,0.0004864285714285797
21298,0.0004963928571428308
21299,0.00047389285714284515
21300,0.0004464642857142463
21301,0.0004899642857143505
21302,0.0005139642857143555
21303,0.0004853571428571156
21304,0.0005258571428571811
21305,0.0005323928571428383
21306,0.0004939285714285242
21307,0.0004776428571428174
21308,0.0004674642857142126
21309,0.0005034642857142201
21310,0.0005020714285713776
21311,0.00048760714285706844
21312,0.0005451428571429265
21313,0.0005338928571428576
21314,0.0004903928571429057
21315,0.0004926428571428586
21316,0.0005026071428571097
21317,0.0005138571428571786
21318,0.0005087142857142116
21319,0.0005128928571428913
21320,0.0004912500000000161
21321,0.000476785714285707
21322,0.0004761428571427981
21323,0.0004886785714285326
21324,0.0004963928571428308
21325,0.0004998214285714247
21326,0.0005277857142857556
21327,0.0005278928571429324
21328,0.0005165357142856866
21329,0.0005342142857142359
21330,0.0004966071428571846
21331,0.0005132142857142696
21332,0.0005413928571428021
21333,0.0005148214285714658
21334,0.0004941428571428779
21335,0.000487392857142867
21336,0.0004902857142857288
21337,0.0005100000000000295
21338,0.0005293928571427996
21339,0.00053207142857146
21340,0.0005431071428571751
21341,0.0005623928571429205
21342,0.0005565000000000201
21343,0.0005317499999999293
21344,0.000551999999999962
21345,0.0005753571428572103
21346,0.0005588571428571498
21347,0.0005670000000000033
21348,0.000621857142857201
21349,0.0006335357142856728
21350,0.0006039642857142979
21351,0.0006012857142857898
21352,0.0005624999999999452
21353,0.0004896428571428199
21354,0.0005122499999999823
21355,0.0005718214285714395
21356,0.0005539285714285366
21357,0.0005300357142857085
21358,0.000531428571428551
21359,0.0005461071428572138
21360,0.000545357142857128
21361,0.0005440714285714624
21362,0.0005237142857142528
21363,0.0005036785714285738
21364,0.000533142857142924
21365,0.0005521071428571389
21366,0.000548678571428545
21367,0.0005586428571427961
21368,0.0005125714285713607
21369,0.0004806428571428561
21370,0.0004721785714286243
21371,0.0004928571428572123
21372,0.0005742857142857462
21373,0.0006566785714285674
21374,0.0007774285714285257
21375,0.0008846785714286146
21376,0.001048392857142793
21377,0.0012594642857142243
21378,0.0013578214285713739
21379,0.0013925357142857157
21380,0.0013620000000000537
21381,0.001153178571428575
21382,0.0008006785714285972
21383,0.00046907142857140877
21384,0.0003697499999999719
21385,0.0003355714285713621
21386,0.0002742857142856841
21387,0.00026849999999996045
21388,0.00028392857142855684
21389,0.00034296428571428195
21390,0.000446142857142868
21391,0.0004888928571428863
21392,0.000515250000000021
21393,0.0005466428571427937
21394,0.0005718214285714395
21395,0.0005463214285714152
21396,0.0005665714285714481
21397,0.0006160714285714773
21398,0.0006222857142857562
21399,0.0006353571428570705
21400,0.0006513214285713989
21401,0.0006197142857142727
21402,0.0006122142857143282
21403,0.0006114642857142425
21404,0.0006429642857143441
21405,0.0006783214285714426
21406,0.0006604285714285396
21407,0.0006520714285714848
21408,0.0006673928571429042
21409,0.0006601071428571613
21410,0.0006581785714285868
21411,0.0006990000000000305
21412,0.0006921428571428428
21413,0.0006984642857142985
21414,0.000731678571428621
21415,0.0007125000000000524
21416,0.000713142857142809
21417,0.0007315714285714442
21418,0.0007302857142857785
21419,0.0007531071428571425
21420,0.0007506428571428358
21421,0.0007434642857142697
21422,0.0007672500000000732
21423,0.0008198571428571658
21424,0.0008339999999999443
21425,0.0008226428571428508
21426,0.000803571428571459
21427,0.0008060357142857656
21428,0.0008479285714285213
21429,0.0008847857142856392
21430,0.0009129642857143239
21431,0.0008948571428570672
21432,0.0008748214285713881
21433,0.0009054642857142272
21434,0.0009436071428571629
21435,0.000934071428571467
21436,0.0009207857142856467
21437,0.000934071428571467
21438,0.0009297857142857627
21439,0.0009480000000000441
21440,0.0009601071428570712
21441,0.0009635357142856651
21442,0.0009545357142857013
21443,0.0009115714285714814
21444,0.0008898214285714293
21445,0.0009378214285714392
21446,0.0009455357142857374
21447,0.000896142857142885
21448,0.0008993571428571252
21449,0.0008594999999999686
21450,0.0008346428571428532
21451,0.0008540357142857756
21452,0.0008363571428570741
21453,0.0008003571428572189
21454,0.0007802142857142107
21455,0.0007528928571427887
21456,0.0007347857142856843
21457,0.0007234285714285908
21458,0.0006955714285714367
21459,0.0006780000000000643
21460,0.0006500357142857333
21461,0.0006123214285713529
21462,0.00060450000000003
21463,0.0006333214285714713
21464,0.0006300000000000543
21465,0.0006113571428572178
21466,0.0005957142857142677
21467,0.0005697857142856882
21468,0.0005435357142857303
21469,0.0005379642857143604
21470,0.0005399999999999596
21471,0.0005560714285714649
21472,0.00056207142857139
21473,0.0005313214285713741
21474,0.0005427857142856445
21475,0.0005495357142856554
21476,0.0005370000000000731
21477,0.0005275714285714019
21478,0.0005557499999999342
21479,0.0005504999999999427
21480,0.0005141785714285569
21481,0.0005071071428571676
21482,0.0005250000000000707
21483,0.000562714285714299
21484,0.0005788928571428288
21485,0.0005141785714285569
21486,0.0005008928571428889
21487,0.0005197499999999268
21488,0.0005561785714286418
21489,0.0005774999999999863
21490,0.0005442857142856639
21491,0.000549321428571454
21492,0.0005715000000000612
21493,0.0005476071428570809
21494,0.00051407142857138
21495,0.0005332499999999487
21496,0.0005678571428571137
21497,0.0005811428571427818
21498,0.00057267857142855
21499,0.0005457857142856832
21500,0.0005311071428571727
21501,0.000544821428571396
21502,0.000594535714285779
21503,0.00060450000000003
21504,0.000573857142857191
21505,0.0005673214285713816
21506,0.0005350714285714986
21507,0.00054085714285707
21508,0.0005643214285714951
21509,0.0005631428571428542
21510,0.0005803928571428482
21511,0.0005806071428572019
21512,0.0005573571428571305
21513,0.0005460000000000369
21514,0.0005673214285713816
21515,0.0005770714285714311
21516,0.0005810357142857571
21517,0.0005685000000000225
21518,0.0005548928571428239
21519,0.0005634642857142325
21520,0.0005522142857143158
21521,0.0005419285714285342
21522,0.0005825357142857765
21523,0.000559928571428614
21524,0.0005464285714285921
21525,0.0005586428571427961
21526,0.0005644285714285197
21527,0.000543214285714352
21528,0.0005492142857142771
21529,0.00058328571428571
21530,0.0005642142857143183
21531,0.0005578928571428626
21532,0.0005719285714286164
21533,0.0005494285714286308
21534,0.0005802857142856713
21535,0.0005868214285714808
21536,0.0005624999999999452
21537,0.0005729999999999284
21538,0.0005757857142857655
21539,0.0005768571428570775
21540,0.0005861785714285718
21541,0.0005921785714284969
21542,0.00059389285714287
21543,0.000598392857142928
21544,0.0006268928571428388
21545,0.0006170357142857646
21546,0.0005963571428571767
21547,0.0005647500000000503
21548,0.0005889642857142568
21549,0.0006575357142856778
21550,0.0006599999999999844
21551,0.0006224999999999576
21552,0.0006250714285714411
21553,0.0006560357142856584
21554,0.0006231428571428666
21555,0.0006222857142857562
21556,0.0006012857142857898
21557,0.0005284285714285123
21558,0.0005326071428571919
21559,0.0005525357142856941
21560,0.0005674285714285585
21561,0.0005675357142857352
21562,0.0005856428571428397
21563,0.0005846785714285525
21564,0.00056710714285718
21565,0.000568714285714224
21566,0.0005319642857142831
21567,0.0005330357142857471
21568,0.0005846785714285525
21569,0.0006087857142857343
21570,0.0005921785714284969
21571,0.0005741785714285693
21572,0.0005573571428571305
21573,0.0005739642857142156
21574,0.0006062142857142509
21575,0.0006673928571429042
21576,0.000756214285714358
21577,0.0008731071428571673
21578,0.000998785714285739
21579,0.0011344285714285616
21580,0.0012421071428572058
21581,0.0012645000000000145
21582,0.001256357142857161
21583,0.0011411785714285725
21584,0.0008734285714285456
21585,0.0005633571428572078
21586,0.0004061785714285345
21587,0.000360857142857185
21588,0.00031799999999998973
21589,0.00030278571428574705
21590,0.00029196428571423333
21591,0.00033321428571423235
21592,0.00041389285714283275
21593,0.00043853571428574664
21594,0.0004910357142856623
21595,0.0005396785714285812
21596,0.000569357142857133
21597,0.0005672142857143569
21598,0.0005892857142857874
21599,0.0006329999999999408
21600,0.0006387857142856644
21601,0.000632357142857184
21602,0.000632357142857184
21603,0.0006242142857143307
21604,0.0006475714285714267
21605,0.0006631071428571999
21606,0.0006668571428571722
21607,0.0006777857142857105
21608,0.0006776785714285336
21609,0.0006533571428571504
21610,0.0006590357142856972
21611,0.0006967499999999254
21612,0.0006918214285714645
21613,0.0006771428571428017
21614,0.0007047857142857542
21615,0.0007343571428571291
21616,0.000733821428571397
21617,0.0007288928571427838
21618,0.0007374642857143446
21619,0.0007615714285713742
21620,0.0007463571428571315
21621,0.0007084285714285495
21622,0.0007664999999999875
21623,0.0007928571428571222
21624,0.0007979999999999369
21625,0.0008020714285714396
21626,0.000812999999999978
21627,0.0008526428571429332
21628,0.0008400000000000217
21629,0.0008350714285714085
21630,0.0008521071428572011
21631,0.0008683928571429078
21632,0.0008644285714285818
21633,0.0008622857142856536
21634,0.0008772857142856947
21635,0.0008958214285713544
21636,0.0009198214285713594
21637,0.0009245357142857711
21638,0.0008899285714286062
21639,0.000887678571428501
21640,0.0009265714285713703
21641,0.0009274285714286329
21642,0.000891642857142827
21643,0.0009170357142856744
21644,0.000961392857142889
21645,0.0009431785714286077
21646,0.0009349285714285774
21647,0.0009414642857142346
21648,0.000932357142857094
21649,0.0008889642857143189
21650,0.0008666785714285348
21651,0.0008882142857142331
21652,0.0008693571428571951
21653,0.0008432142857142618
21654,0.0008119285714285139
21655,0.000781178571428498
21656,0.0007710000000000454
21657,0.0007507500000000127
21658,0.0007107857142856793
21659,0.0006682500000000146
21660,0.0006709285714285228
21661,0.0007063928571427982
21662,0.0006885000000000474
21663,0.0006402857142856838
21664,0.0006265714285714605
21665,0.0006030000000000106
21666,0.0005702142857142434
21667,0.0005605714285713706
21668,0.0005471785714285256
21669,0.0005389285714284954
21670,0.0005679642857142905
21671,0.0005634642857142325
21672,0.0005345357142857665
21673,0.0005100000000000295
21674,0.0005269285714286453
21675,0.0005318571428571062
21676,0.000539250000000026
21677,0.0005646428571428735
21678,0.0005466428571427937
21679,0.0005233928571428745
21680,0.0005272500000000236
21681,0.0005218928571428551
21682,0.00051407142857138
21683,0.0005294999999999764
21684,0.0005490000000000756
21685,0.0005694642857143098
21686,0.0005636785714285862
21687,0.0005484642857143436
21688,0.0005251071428570952
21689,0.0004927500000000355
21690,0.0005285357142856892
21691,0.0005624999999999452
21692,0.0005488928571428988
21693,0.0005576785714285088
21694,0.0005758928571427902
21695,0.0005742857142857462
21696,0.0005618571428571886
21697,0.000565392857142807
21698,0.0005527500000000479
21699,0.0005136428571428248
21700,0.0005191071428571702
21701,0.0005110714285714936
21702,0.0004883571428571543
21703,0.0005427857142856445
21704,0.0005786785714286274
21705,0.0005696785714285113
21706,0.0005736428571428373
21707,0.000579964285714293
21708,0.0005363571428571643
21709,0.0005000357142857784
21710,0.0005105357142857615
21711,0.0005297142857143302
21712,0.0005778214285713647
21713,0.0005856428571428397
21714,0.0005645357142856966
21715,0.0005303571428570868
21716,0.0005472857142857025
21717,0.0005557499999999342
21718,0.0005513571428572054
21719,0.0005379642857143604
21720,0.000504107142857129
21721,0.0005137500000000017
21722,0.000563785714285763
21723,0.0005749285714285029
21724,0.0005562857142856663
21725,0.0005607857142857244
21726,0.0005889642857142568
21727,0.0005518928571427851
21728,0.0005379642857143604
21729,0.000544821428571396
21730,0.0005445000000000176
21731,0.0005746071428571245
21732,0.0005485714285713681
21733,0.0005548928571428239
21734,0.0005831785714285331
21735,0.0005810357142857571
21736,0.0006005357142857041
21737,0.000606107142857074
21738,0.000575464285714235
21739,0.0005488928571428988
21740,0.0005641071428571414
21741,0.0005972142857142871
21742,0.0006132857142856401
21743,0.000587250000000036
21744,0.0005932499999999611
21745,0.0006174642857143198
21746,0.0006295714285714991
21747,0.0006080357142856485
21748,0.0005717142857142628
21749,0.0005487857142857219
21750,0.000558749999999973
21751,0.0005578928571428626
21752,0.0005461071428572138
21753,0.0005409642857142469
21754,0.0005485714285713681
21755,0.0005191071428571702
21756,0.0004982142857142285
21757,0.0005343214285714128
21758,0.0005533928571428045
21759,0.0005551071428571776
21760,0.0005403214285714901
21761,0.000518035714285706
21762,0.0005203928571428357
21763,0.0005449285714285728
21764,0.0005484642857143436
21765,0.0005236071428570759
21766,0.0005325000000000151
21767,0.0006146785714286348
21768,0.0006900000000000668
21769,0.0007797857142856555
21770,0.0008926071428571143
21771,0.0010213928571429015
21772,0.0011684999999999946
21773,0.0012476785714285756
21774,0.0012711428571428485
21775,0.0012376071428571477
21776,0.0010277142857143572
21777,0.0007062857142857735
21778,0.0004469999999999784
21779,0.00030342857142850375
21780,0.000291642857142855
21781,0.00029882142857142114
21782,0.0002471785714286158
21783,0.0002681785714285821
21784,0.000316178571428592
21785,0.0003823928571428833
21786,0.000434892857142799
21787,0.00046339285714286203
21788,0.0005272500000000236
21789,0.0005788928571428288
21790,0.0005752500000000335
21791,0.0005862857142857487
21792,0.0005802857142856713
21793,0.000573214285714282
21794,0.0005998928571427951
21795,0.0006109285714285104
21796,0.0006021428571429002
21797,0.0005952857142857125
21798,0.0006047142857142315
21799,0.000629035714285767
21800,0.000634607142857137
21801,0.0006502499999999348
21802,0.0006500357142857333
21803,0.0006270000000000157
21804,0.0006260357142857284
21805,0.0006754285714285808
21806,0.0006939642857142405
21807,0.0006728571428570973
21808,0.0006780000000000643
21809,0.000666428571428617
21810,0.0006744642857142935
21811,0.0007457142857142226
21812,0.0007218214285713945
21813,0.0007024285714286244
21814,0.0007228928571428587
21815,0.0007057500000000415
21816,0.0007192500000000633
21817,0.0007588928571428661
21818,0.0007872857142857523
21819,0.0007968214285714482
21820,0.0007680000000000067
21821,0.0007806428571429182
21822,0.0008612142857143417
21823,0.0008622857142856536
21824,0.0008452500000000133
21825,0.0008550000000000628
21826,0.0008578928571429246
21827,0.0008644285714285818
21828,0.0008898214285714293
21829,0.0009070714285714233
21830,0.0008966785714286171
21831,0.0008985000000000147
21832,0.000892285714285736
21833,0.0009235714285714838
21834,0.0009230357142857519
21835,0.0009345000000000222
21836,0.0009415714285714115
21837,0.0009372857142857071
21838,0.0009365357142857736
21839,0.0009019285714286086
21840,0.0008649642857143139
21841,0.0008262857142856461
21842,0.0008546785714285323
21843,0.0008629285714285626
21844,0.0008327142857142788
21845,0.0008302499999999721
21846,0.0008000357142856883
21847,0.000733285714285665
21848,0.0007112142857142345
21849,0.0007122857142856986
21850,0.0007114285714285882
21851,0.0006820714285714148
21852,0.0006643928571428656
21853,0.0006266785714286374
21854,0.0006053571428571404
21855,0.0006026785714286323
21856,0.0005917499999999417
21857,0.0005710714285713538
21858,0.0005443928571428407
21859,0.0005449285714285728
21860,0.0005334642857143024
21861,0.0005199642857142805
21862,0.0005328214285713935
21863,0.0005128928571428913
21864,0.000522000000000032
21865,0.0005282142857143108
21866,0.0005045357142856842
21867,0.0004852499999999387
21868,0.0004813928571427896
21869,0.00047774999999999424
21870,0.0004703571428570744
21871,0.0004620000000000195
21872,0.0005014285714286208
21873,0.0005266071428571146
21874,0.0005134285714286234
21875,0.00048503571428573725
21876,0.00046071428571435396
21877,0.00048332142857136415
21878,0.00047228571428564893
21879,0.00046360714285721574
21880,0.0004778571428571711
21881,0.0004664999999999253
21882,0.0004901785714285519
21883,0.0004939285714285242
21884,0.000518035714285706
21885,0.0005203928571428357
21886,0.0005222142857142334
21887,0.0005407500000000453
21888,0.0004896428571428199
21889,0.0004416428571428099
21890,0.00048503571428573725
21891,0.0005279999999999571
21892,0.0005078571428571012
21893,0.0004906071428571071
21894,0.0005161071428571314
21895,0.000545357142857128
21896,0.0005537142857143351
21897,0.0005326071428571919
21898,0.0005049642857142394
21899,0.0005014285714286208
21900,0.0005263928571429132
21901,0.0005305714285714406
21902,0.0005248928571428938
21903,0.0005155714285713994
21904,0.0005002499999999799
21905,0.0005066785714286124
21906,0.0005276785714285788
21907,0.000505821428571502
21908,0.0005016428571428224
21909,0.0005179285714285291
21910,0.000537535714285653
21911,0.000515250000000021
21912,0.00048417857142862684
21913,0.0005155714285713994
21914,0.0005469642857143242
21915,0.0005306785714286175
21916,0.0005288571428570675
21917,0.00048750000000004383
21918,0.00045771428571431523
21919,0.0004703571428570744
21920,0.0004947857142857868
21921,0.0005419285714285342
21922,0.0005703214285714203
21923,0.0005406428571428685
21924,0.000522000000000032
21925,0.0005251071428570952
21926,0.0005215714285714768
21927,0.000505821428571502
21928,0.0004929642857142369
21929,0.0005174999999999739
21930,0.0005340000000000344
21931,0.0005513571428572054
21932,0.0005617500000000117
21933,0.0005409642857142469
21934,0.000566035714285716
21935,0.000584464285714351
21936,0.0005670000000000033
21937,0.0005639999999999645
21938,0.0005654999999999839
21939,0.0005806071428572019
21940,0.0006028928571428338
21941,0.0006188571428571623
21942,0.0006023571428571018
21943,0.0005825357142857765
21944,0.0005679642857142905
21945,0.0005810357142857571
21946,0.0005695714285714867
21947,0.0005362499999999874
21948,0.000535928571428609
21949,0.000529285714285775
21950,0.0005000357142857784
21951,0.0005019642857143529
21952,0.0005214642857142999
21953,0.000535392857142877
21954,0.0005541428571428903
21955,0.0005681785714286442
21956,0.0005506071428571195
21957,0.0005287500000000429
21958,0.0005189999999999933
21959,0.000535392857142877
21960,0.0005263928571429132
21961,0.0005161071428571314
21962,0.000504107142857129
21963,0.00050528571428577
21964,0.0005607857142857244
21965,0.0006421071428570815
21966,0.0007125000000000524
21967,0.0008071071428570776
21968,0.0009783214285713525
21969,0.0011517857142857326
21970,0.0012695357142856523
21971,0.0013340357142857227
21972,0.0013687500000000646
21973,0.001313249999999958
21974,0.0010426071428570691
21975,0.0006900000000000668
21976,0.0004605000000000002
21977,0.0003617142857142954
21978,0.0003075000000000066
21979,0.00026967857142860146
21980,0.0002465357142857069
21981,0.00029314285714287434
21982,0.0003761785714286045
21983,0.00045428571428572136
21984,0.0004576071428571384
21985,0.0005343214285714128
21986,0.0006022499999999249
21987,0.0005756785714285887
21988,0.0005735357142856604
21989,0.0005932499999999611
21990,0.0006174642857143198
21991,0.0006229285714285128
21992,0.0006224999999999576
21993,0.0005992500000000384
21994,0.0006073928571428918
21995,0.0006291428571427917
21996,0.000637392857142822
21997,0.0006434999999999239
21998,0.0006408214285714158
21999,0.0006592500000000509
22000,0.0006757499999999592
22001,0.0006832500000000559
22002,0.0006936428571428621
22003,0.0006836785714286111
22004,0.0006896785714285362
22005,0.0007068214285713534
22006,0.000699214285714232
22007,0.0006797142857142851
22008,0.0007095000000000137
22009,0.000720428571428552
22010,0.0007429285714285376
22011,0.00076232142857146
22012,0.0007568571428571147
22013,0.0007847142857142688
22014,0.000816321428571395
22015,0.000771214285714247
22016,0.0007801071428571861
22017,0.0008222142857142956
22018,0.0008382857142856487
22019,0.0008419285714285962
22020,0.0008463214285714774
22021,0.0008607857142857865
22022,0.0008852142857143467
22023,0.0008914285714286255
22024,0.0008877857142856779
22025,0.0009319285714285388
22026,0.0009513214285714611
22027,0.0009465000000000247
22028,0.0009590357142857592
22029,0.0009665357142857037
22030,0.000981428571428568
22031,0.0009757500000000213
22032,0.0009579642857142952
22033,0.0009753214285714661
22034,0.0009707142857142312
22035,0.0009762857142857533
22036,0.0009745714285713802
22037,0.0009346071428571991
22038,0.0009049285714286474
22039,0.0008983928571428379
22040,0.0009028928571428959
22041,0.0009091071428571748
22042,0.0008998928571428572
22043,0.0008800714285713797
22044,0.0008987142857142163
22045,0.0008807142857142886
22046,0.0008072142857142543
22047,0.0007655357142857002
22048,0.0007353214285714164
22049,0.0007089642857142816
22050,0.0007242857142857011
22051,0.0006895714285713593
22052,0.0006775714285713568
22053,0.0006819642857142379
22054,0.0006470357142856946
22055,0.0006231428571428666
22056,0.0006237857142857755
22057,0.0006148928571428363
22058,0.0005984999999999527
22059,0.0005914285714285634
22060,0.0005822142857142458
22061,0.0005641071428571414
22062,0.0005694642857143098
22063,0.0005661428571428929
22064,0.000549857142857186
22065,0.0005712857142857076
22066,0.0006004285714285272
22067,0.0006004285714285272
22068,0.0005874642857142374
22069,0.0005894999999999888
22070,0.0005617500000000117
22071,0.00056207142857139
22072,0.0005759999999999671
22073,0.0005851071428571077
22074,0.0005786785714286274
22075,0.0005831785714285331
22076,0.0006043928571428532
22077,0.0005852142857142845
22078,0.0005570357142857522
22079,0.000598392857142928
22080,0.0006116785714285961
22081,0.0005795357142857378
22082,0.0005507142857142964
22083,0.0005900357142857209
22084,0.000578785714285652
22085,0.0005289642857142444
22086,0.0005130000000000682
22087,0.0005633571428572078
22088,0.0006039642857142979
22089,0.0006372857142856451
22090,0.000641785714285703
22091,0.0006054642857143173
22092,0.0005990357142856847
22093,0.0005907857142856544
22094,0.0005996785714285937
22095,0.0005882142857143233
22096,0.0005910000000000082
22097,0.0006270000000000157
22098,0.0006154285714285683
22099,0.0006126428571428834
22100,0.0006275357142857478
22101,0.0006197142857142727
22102,0.0006134999999999938
22103,0.0006086785714285574
22104,0.0005991428571428616
22105,0.0006018214285713697
22106,0.0006016071428571682
22107,0.0005929285714285828
22108,0.0005965714285713781
22109,0.0006018214285713697
22110,0.0005996785714285937
22111,0.0006137142857143476
22112,0.000632357142857184
22113,0.0006060000000000493
22114,0.0006035357142857427
22115,0.000629035714285767
22116,0.000641249999999971
22117,0.0006350357142856922
22118,0.0006283928571428581
22119,0.0005932499999999611
22120,0.0005845714285713756
22121,0.0005934642857143148
22122,0.000579964285714293
22123,0.000579321428571384
22124,0.0005923928571428507
22125,0.0005739642857142156
22126,0.0005940000000000469
22127,0.0006628928571428463
22128,0.0006700714285714124
22129,0.0006618214285713821
22130,0.0006447857142857418
22131,0.0006220714285714024
22132,0.0006408214285714158
22133,0.0006686785714285699
22134,0.0006561428571428353
22135,0.0006439285714286314
22136,0.000655178571428548
22137,0.000671999999999987
22138,0.0006902142857142682
22139,0.0006550714285713712
22140,0.0006439285714286314
22141,0.0006947142857143263
22142,0.0007459285714285763
22143,0.0007356428571427947
22144,0.0007136785714285411
22145,0.0006837857142857879
22146,0.0006782142857142657
22147,0.000673071428571451
22148,0.0006278571428571261
22149,0.0006052499999999636
22150,0.000592714285714229
22151,0.0006331071428571177
22152,0.0006607500000000702
22153,0.0006474642857142498
22154,0.000635785714285778
22155,0.000620035714285651
22156,0.0006007500000000578
22157,0.0006322500000000073
22158,0.0006584999999999651
22159,0.0006223928571429331
22160,0.0005986071428571295
22161,0.0006204642857143585
22162,0.0006490714285714461
22163,0.000651857142857131
22164,0.0006443571428571866
22165,0.0005941071428570715
22166,0.0006098571428571985
22167,0.0006760714285714897
22168,0.0007618928571429048
22169,0.0008598214285714992
22170,0.0010086428571428132
22171,0.0011841428571427923
22172,0.0013648928571429154
22173,0.001491642857142799
22174,0.0015232499999999253
22175,0.0014871428571428932
22176,0.0012648214285713927
22177,0.0009159642857142103
22178,0.0006010714285714362
22179,0.0004853571428571156
22180,0.0004416428571428099
22181,0.00037285714285718744
22182,0.0003461785714285221
22183,0.00039171428571422543
22184,0.00045910714285715774
22185,0.0005022857142857312
22186,0.0005513571428572054
22187,0.000594535714285779
22188,0.0006114642857142425
22189,0.0006446785714285649
22190,0.0006847500000000752
22191,0.0006755357142857576
22192,0.0006676071428571058
22193,0.0006921428571428428
22194,0.0007108928571428562
22195,0.0007487142857142613
22196,0.0007424999999999824
22197,0.0007169999999999581
22198,0.0007159285714286463
22199,0.0007089642857142816
22200,0.0007173214285714888
22201,0.0007488214285714382
22202,0.0007414285714285184
22203,0.0007564285714285595
22204,0.0007907142857143461
22205,0.000775714285714305
22206,0.0007391785714285654
22207,0.0007391785714285654
22208,0.0007561071428571812
22209,0.000762857142857192
22210,0.0007976785714285586
22211,0.0008085000000000723
22212,0.000820285714285721
22213,0.0008529642857143115
22214,0.0008393571428571127
22215,0.0008057142857142351
22216,0.0008238214285714917
22217,0.0008480357142856982
22218,0.0008577857142857479
22219,0.0008686071428571093
22220,0.0008708571428572144
22221,0.0008758928571428523
22222,0.0008904642857143382
22223,0.0009228214285713981
22224,0.0009273214285714561
22225,0.0009537857142857676
22226,0.0009728571428571594
22227,0.0009985714285713852
22228,0.001008107142857081
22229,0.000984214285714253
22230,0.0009571071428571848
22231,0.000985928571428626
22232,0.0010244999999999647
22233,0.0010445357142856437
22234,0.0010530000000000277
22235,0.001040035714285738
22236,0.001026642857142893
22237,0.0010247142857143184
22238,0.001026642857142893
22239,0.0010167857142856665
22240,0.0010039285714285536
22241,0.0009962142857142555
22242,0.0009830357142857642
22243,0.0009851785714285403
22244,0.0009533571428572124
22245,0.0009091071428571748
22246,0.0009069642857142465
22247,0.0008990357142857468
22248,0.0008450357142856595
22249,0.0008249999999999805
22250,0.0008045357142857463
22251,0.000785678571428556
22252,0.0007784999999999899
22253,0.000732214285714353
22254,0.0007058571428572183
22255,0.0006856071428571856
22256,0.0006742499999999398
22257,0.0006757499999999592
22258,0.0006805714285713955
22259,0.0006682500000000146
22260,0.0006560357142856584
22261,0.0006304285714286096
22262,0.0006154285714285683
22263,0.0006075000000000687
22264,0.000589392857142812
22265,0.0005935714285714916
22266,0.0006073928571428918
22267,0.0006096428571428447
22268,0.0006114642857142425
22269,0.0005776071428571632
22270,0.0005830714285713562
22271,0.0005958214285714446
22272,0.0005700000000000419
22273,0.0005648571428570749
22274,0.000584464285714351
22275,0.000593357142857138
22276,0.0005885357142857016
22277,0.0005879999999999695
22278,0.0005849999999999308
22279,0.0005806071428572019
22280,0.0005882142857143233
22281,0.0005794285714285609
22282,0.0005608928571429013
22283,0.0005651785714286056
22284,0.0005934642857143148
22285,0.0006040714285714748
22286,0.0006036428571429196
22287,0.0005766428571428759
22288,0.0005959285714286215
22289,0.0006283928571428581
22290,0.0005920714285714724
22291,0.0005743928571429231
22292,0.0005746071428571245
22293,0.0005621785714285669
22294,0.0005923928571428507
22295,0.0006026785714286323
22296,0.000601178571428613
22297,0.0006131785714286155
22298,0.0005995714285714168
22299,0.0005831785714285331
22300,0.0005876785714285912
22301,0.0006156428571429221
22302,0.0006154285714285683
22303,0.0006464999999999625
22304,0.0006747857142856719
22305,0.0005728928571429037
22306,0.000528107142857134
22307,0.0005764285714285223
22308,0.0006157499999999467
22309,0.0006049285714285852
22310,0.0005747142857143014
22311,0.0005763214285714976
22312,0.000599999999999972
22313,0.0005979642857142206
22314,0.0005695714285714867
22315,0.0005644285714285197
22316,0.0005871428571428591
22317,0.0005849999999999308
22318,0.0005894999999999888
22319,0.0006372857142856451
22320,0.0006305357142857864
22321,0.0005903571428570992
22322,0.0005836071428570883
22323,0.0005628214285714757
22324,0.0005563928571428432
22325,0.0005617500000000117
22326,0.0005621785714285669
22327,0.0005989285714285079
22328,0.0006113571428572178
22329,0.000603321428571389
22330,0.0006069642857143366
22331,0.0006297857142857006
22332,0.0005995714285714168
22333,0.0005965714285713781
22334,0.0005795357142857378
22335,0.000602785714285657
22336,0.0006515357142857527
22337,0.0006396428571429271
22338,0.0006131785714286155
22339,0.0006288214285714133
22340,0.0006436071428571007
22341,0.0006296785714285237
22342,0.0006470357142856946
22343,0.0006588214285714956
22344,0.0006242142857143307
22345,0.0006141428571429028
22346,0.0006565714285713905
22347,0.0006822857142857686
22348,0.0006630000000000231
22349,0.0006057857142856957
22350,0.0005616428571428348
22351,0.0005703214285714203
22352,0.0005943214285714252
22353,0.0005860714285713949
22354,0.0005874642857142374
22355,0.0006040714285714748
22356,0.0005926071428572044
22357,0.0005785714285714505
22358,0.0005831785714285331
22359,0.0005942142857142484
22360,0.0005871428571428591
22361,0.0005580000000000395
22362,0.0005664642857142712
22363,0.0005848928571429062
22364,0.0005658214285713622
22365,0.000559928571428614
22366,0.0005694642857143098
22367,0.0005975357142856654
22368,0.0006695357142856803
22369,0.0007398214285714744
22370,0.0008056071428572104
22371,0.0009347142857142237
22372,0.0011216785714286256
22373,0.0013018928571428643
22374,0.0013796785714286029
22375,0.0013919999999999837
22376,0.0013961785714285112
22377,0.001195071428571483
22378,0.0008190000000000554
22379,0.0005062500000000572
22380,0.0003649285714285355
22381,0.0003050357142857
22382,0.00030417857142858956
22383,0.00031414285714284065
22384,0.00030910714285720277
22385,0.0003763928571428059
22386,0.0004676785714285663
22387,0.0005239285714286065
22388,0.0005481428571428129
22389,0.0005577857142856857
22390,0.0005727857142857268
22391,0.0005901428571428978
22392,0.0006267857142856619
22393,0.0006563571428571891
22394,0.0006514285714285758
22395,0.0006189642857143391
22396,0.0006152142857142147
22397,0.0006337500000000265
22398,0.000663642857142932
22399,0.000680357142857194
22400,0.0006813214285714813
22401,0.0006963214285713702
22402,0.0006769285714286001
22403,0.0006710357142856997
22404,0.0006993214285714089
22405,0.0007242857142857011
22406,0.0007072500000000608
22407,0.0007099285714285689
22408,0.0007268571428571847
22409,0.000738321428571455
22410,0.000742285714285781
22411,0.0007328571428571098
22412,0.0007297500000000464
22413,0.0007520357142856783
22414,0.0007488214285714382
22415,0.0007474285714285957
22416,0.0007518214285714769
22417,0.0007732499999999983
22418,0.0008451428571428364
22419,0.0008566071428571068
22420,0.0008329285714286324
22421,0.0008256428571428895
22422,0.000827571428571464
22423,0.0008467500000000326
22424,0.0008676428571428221
22425,0.0008812500000000207
22426,0.0008757857142856754
22427,0.0008863928571428354
22428,0.0009170357142856744
22429,0.0008920714285713822
22430,0.0008995714285714789
22431,0.0009454285714285606
22432,0.0009705000000000297
22433,0.0009867857142857365
22434,0.0009581785714284966
22435,0.000940178571428569
22436,0.0009530357142856819
22437,0.0009409285714285026
22438,0.0009186428571428707
22439,0.0009258214285714368
22440,0.0009549642857142565
22441,0.0009633214285714635
22442,0.0009534642857142371
22443,0.0009376071428570856
22444,0.0008873571428571227
22445,0.0008680714285713773
22446,0.0008457857142857453
22447,0.0008285357142857512
22448,0.0008315357142857899
22449,0.0007971428571428265
22450,0.0007718571428571558
22451,0.0007488214285714382
22452,0.0007400357142856759
22453,0.0007263214285714526
22454,0.0007060714285714198
22455,0.0006968571428571023
22456,0.0006742499999999398
22457,0.0006281785714285044
22458,0.0006047142857142315
22459,0.0006108214285714857
22460,0.0005842499999999973
22461,0.0005492142857142771
22462,0.0005602499999999923
22463,0.0005511428571428516
22464,0.0005268214285714684
22465,0.0005507142857142964
22466,0.0005590714285715035
22467,0.0005639999999999645
22468,0.0005411785714286005
22469,0.0005255357142856504
22470,0.0005475000000000563
22471,0.0005322857142856614
22472,0.0004893214285714415
22473,0.0005125714285713607
22474,0.0005482499999999898
22475,0.0005417142857143326
22476,0.0005405357142856917
22477,0.0005546785714286224
22478,0.0005480357142857884
22479,0.0005329285714285703
22480,0.0005276785714285788
22481,0.0005277857142857556
22482,0.0005636785714285862
22483,0.0005355000000000538
22484,0.0004933928571427921
22485,0.0005085000000000101
22486,0.0005418214285713573
22487,0.0005768571428570775
22488,0.0005923928571428507
22489,0.000580500000000025
22490,0.0005503928571429181
22491,0.000539250000000026
22492,0.0005554285714285559
22493,0.0005542500000000672
22494,0.000562714285714299
22495,0.0005604642857143461
22496,0.0005396785714285812
22497,0.0005284285714285123
22498,0.0005525357142856941
22499,0.0005605714285713706
22500,0.0005377500000000066
22501,0.0005696785714285113
22502,0.0005607857142857244
22503,0.000543214285714352
22504,0.0005602499999999923
22505,0.0005522142857143158
22506,0.0005348571428571449
22507,0.0005413928571428021
22508,0.0005457857142856832
22509,0.0005413928571428021
22510,0.0005561785714286418
22511,0.0005719285714286164
22512,0.0005399999999999596
22513,0.0005367857142857195
22514,0.0005221071428572089
22515,0.0005071071428571676
22516,0.0005452499999999512
22517,0.0005499642857142107
22518,0.0005690357142857546
22519,0.0005702142857142434
22520,0.0005496428571428323
22521,0.0005622857142857438
22522,0.0005643214285714951
22523,0.0005257500000000042
22524,0.000546535714285769
22525,0.0005859642857142181
22526,0.0005940000000000469
22527,0.000582642857142801
22528,0.0005825357142857765
22529,0.0005762142857143207
22530,0.0005883214285715001
22531,0.0005947499999999804
22532,0.0005722499999999947
22533,0.0005558571428571111
22534,0.0005724642857143485
22535,0.0005937857142856932
22536,0.000620035714285651
22537,0.0006319285714286288
22538,0.0006217500000000241
22539,0.0006077142857142701
22540,0.0006046071428572069
22541,0.0005825357142857765
22542,0.0005748214285714783
22543,0.0005634642857142325
22544,0.0005717142857142628
22545,0.0005618571428571886
22546,0.000568714285714224
22547,0.0005744999999999477
22548,0.0005531785714286031
22549,0.0005300357142857085
22550,0.0005171785714285956
22551,0.000518678571428615
22552,0.0005351785714285232
22553,0.0005605714285713706
22554,0.0005724642857143485
22555,0.0005297142857143302
22556,0.0005108571428571399
22557,0.0005341071428572113
22558,0.0005608928571429013
22559,0.0005539285714285366
22560,0.0005525357142856941
22561,0.0006108214285714857
22562,0.0006656785714285312
22563,0.0007301785714286016
22564,0.0008590714285714135
22565,0.001000928571428515
22566,0.0011194285714285204
22567,0.0011934642857142868
22568,0.001232464285714333
22569,0.0012466071428571114
22570,0.0010937142857142946
22571,0.0007870714285713985
22572,0.000498000000000027
22573,0.00033396428571431816
22574,0.00029399999999998476
22575,0.0002761071428570818
22576,0.00025896428571426457
22577,0.00027235714285710953
22578,0.0003260357142856662
22579,0.00037328571428574264
22580,0.00041721428571424974
22581,0.00046467857142852765
22582,0.0005060357142857036
22583,0.0005480357142857884
22584,0.0005978571428571959
22585,0.0006056785714285188
22586,0.0006138214285713721
22587,0.0005871428571428591
22588,0.0005603571428571692
22589,0.0005757857142857655
22590,0.0006192857142857175
22591,0.0006350357142856922
22592,0.000645214285714297
22593,0.0006304285714286096
22594,0.0006451071428571201
22595,0.0006597857142857829
22596,0.0006686785714285699
22597,0.0006627857142856694
22598,0.0006812142857143044
22599,0.0006740357142857383
22600,0.0006642857142856887
22601,0.0006841071428571663
22602,0.0007117499999999665
22603,0.0007057500000000415
22604,0.0006882857142856937
22605,0.0006931071428571301
22606,0.0007457142857142226
22607,0.000757821428571402
22608,0.000728250000000027
22609,0.0007357499999999716
22610,0.000732214285714353
22611,0.0007132499999999859
22612,0.000717750000000044
22613,0.0007596428571427997
22614,0.000772285714285711
22615,0.0007886785714285948
22616,0.0008160000000000167
22617,0.0008358214285714942
22618,0.0008401071428571986
22619,0.0008501785714286265
22620,0.0008494285714285407
22621,0.0008731071428571673
22622,0.0009013928571428766
22623,0.0009038571428571832
22624,0.0009042857142857384
22625,0.0008920714285713822
22626,0.0008923928571429128
22627,0.0009253928571428816
22628,0.0009357857142856878
22629,0.0009245357142857711
22630,0.0008997857142856804
22631,0.0009012857142856997
22632,0.0009051428571428488
22633,0.0008852142857143467
22634,0.0008834999999999736
22635,0.0008680714285713773
22636,0.0008322857142857236
22637,0.0008343214285714749
22638,0.0008229642857142291
22639,0.0008114999999999587
22640,0.0007916785714286334
22641,0.0007734642857143521
22642,0.0007553571428570953
22643,0.0007447499999999354
22644,0.0007225714285714804
22645,0.0006846428571428983
22646,0.0006693214285714788
22647,0.0006618214285713821
22648,0.0006504642857142885
22649,0.0005972142857142871
22650,0.000541499999999979
22651,0.0005634642857142325
22652,0.0006005357142857041
22653,0.0005833928571428869
22654,0.0005694642857143098
22655,0.0005558571428571111
22656,0.0005513571428572054
22657,0.0005626071428571221
22658,0.0005346428571427911
22659,0.0004884642857143311
22660,0.0005236071428570759
22661,0.0005297142857143302
22662,0.0004930714285714138
22663,0.0005013214285714441
22664,0.0005097857142856758
22665,0.0005191071428571702
22666,0.0005011071428570903
22667,0.0004882499999999774
22668,0.0005149285714286427
22669,0.0004943571428570794
22670,0.00046339285714286203
22671,0.0004916785714285713
22672,0.0005389285714284954
22673,0.0005305714285714406
22674,0.0005035714285713969
22675,0.0005005714285713582
22676,0.000539250000000026
22677,0.0005371071428570978
22678,0.0004967142857143613
22679,0.0004878214285714222
22680,0.0004927500000000355
22681,0.0005000357142857784
22682,0.0005206071428571895
22683,0.0005317499999999293
22684,0.0005226428571427886
22685,0.0005191071428571702
22686,0.0005242499999999849
22687,0.0005254285714286259
22688,0.0005254285714286259
22689,0.0005227499999999655
22690,0.000518678571428615
22691,0.0005161071428571314
22692,0.0005719285714286164
22693,0.0005929285714285828
22694,0.0005149285714286427
22695,0.00046510714285708286
22696,0.0004997142857142478
22697,0.0005338928571428576
22698,0.0005344285714285897
22699,0.0005276785714285788
22700,0.0005258571428571811
22701,0.0005279999999999571
22702,0.0005164285714285099
22703,0.0005149285714286427
22704,0.0005178214285715046
22705,0.0005128928571428913
22706,0.0005128928571428913
22707,0.0005356071428570784
22708,0.000525964285714358
22709,0.0005039999999999521
22710,0.0005250000000000707
22711,0.0005471785714285256
22712,0.0005335714285714792
22713,0.0005303571428570868
22714,0.0005326071428571919
22715,0.0005254285714286259
22716,0.0005101071428572063
22717,0.0005379642857143604
22718,0.0005688214285714009
22719,0.0005613214285714565
22720,0.000573857142857191
22721,0.0005903571428570992
22722,0.00057267857142855
22723,0.000556607142857197
22724,0.000543214285714352
22725,0.0005371071428570978
22726,0.0005607857142857244
22727,0.0005704285714285971
22728,0.0005580000000000395
22729,0.0006020357142857235
22730,0.0006037499999999442
22731,0.0005806071428572019
22732,0.0005670000000000033
22733,0.0005413928571428021
22734,0.0005067857142857893
22735,0.0004713214285713617
22736,0.0004956428571428973
22737,0.0005343214285714128
22738,0.0005098928571428526
22739,0.0005130000000000682
22740,0.0005059285714285267
22741,0.000497464285714295
22742,0.0005264999999999377
22743,0.0005112857142856951
22744,0.0004956428571428973
22745,0.0005139642857143555
22746,0.0005017499999999993
22747,0.00046896428571423194
22748,0.000480107142857124
22749,0.0005388214285714708
22750,0.0005529642857142493
22751,0.0005652857142857824
22752,0.0006575357142856778
22753,0.0007640357142856808
22754,0.0008545714285713554
22755,0.0009548571428570796
22756,0.0010792499999999856
22757,0.0011992500000000104
22758,0.0012572142857142715
22759,0.0012146785714286068
22760,0.001008107142857081
22761,0.0007041428571428452
22762,0.000442178571428542
22763,0.00031253571428564443
22764,0.0002806071428571398
22765,0.00022960714285709117
22766,0.00019960714285716108
22767,0.00023239285714292838
22768,0.0002861785714285097
22769,0.0003350357142857823
22770,0.00038742857142852114
22771,0.0004307142857142716
22772,0.0004609285714285554
22773,0.0004975714285714718
22774,0.0005088214285713885
22775,0.0005340000000000344
22776,0.0005719285714286164
22777,0.000586607142857127
22778,0.0005763214285714976
22779,0.0005661428571428929
22780,0.0005729999999999284
22781,0.0005692499999999561
22782,0.0005800714285714698
22783,0.0006146785714286348
22784,0.000637928571428554
22785,0.0006153214285713915
22786,0.0006030000000000106
22787,0.0006007500000000578
22788,0.0005906785714286299
22789,0.0006092142857142895
22790,0.0006953571428570829
22791,0.0006717857142857854
22792,0.0006265714285714605
22793,0.0006625714285714678
22794,0.0007175357142856902
22795,0.0007174285714285133
22796,0.0006834642857142573
22797,0.0006729642857142741
22798,0.0006572142857142995
22799,0.0006615000000000038
22800,0.000688607142857072
22801,0.0007355357142857701
22802,0.0007535357142856977
22803,0.000750535714285659
22804,0.0007479642857143278
22805,0.0007463571428571315
22806,0.0007981071428571138
22807,0.0008153571428571078
22808,0.0008223214285714725
22809,0.0008227500000000277
22810,0.0008065714285714977
22811,0.0008166428571429257
22812,0.0008472857142857647
22813,0.0008752499999999433
22814,0.0008710714285714159
22815,0.0008743928571428329
22816,0.0008797500000000014
22817,0.0008968928571428186
22818,0.0009086785714286196
22819,0.0008830714285714184
22820,0.0008841428571428826
22821,0.0008846785714286146
22822,0.0008980714285714595
22823,0.0009107142857142187
22824,0.000876107142857206
22825,0.0008422499999999745
22826,0.0008373214285713614
22827,0.0008045357142857463
22828,0.0007674642857142748
22829,0.0007682142857143605
22830,0.0007835357142857801
22831,0.0007434642857142697
22832,0.0006877499999999616
22833,0.0006857142857142102
22834,0.0006903214285714451
22835,0.0006481071428571588
22836,0.0006129642857142617
22837,0.0005889642857142568
22838,0.0005836071428570883
22839,0.0005881071428571464
22840,0.0005391428571428492
22841,0.0004975714285714718
22842,0.0005319642857142831
22843,0.0005555357142857328
22844,0.0005215714285714768
22845,0.0004928571428572123
22846,0.0004843928571428283
22847,0.00048760714285706844
22848,0.000480107142857124
22849,0.0004568571428572048
22850,0.00045739285714278463
22851,0.0004872857142856901
22852,0.0005022857142857312
22853,0.00047228571428564893
22854,0.0004473214285713567
22855,0.00043242857142864464
22856,0.00044914285714290665
22857,0.00048814285714280053
22858,0.0005216785714285013
22859,0.0004988571428571374
22860,0.00048289285714280894
22861,0.0004721785714286243
22862,0.00046446428571432616
22863,0.00046339285714286203
22864,0.0004788214285714584
22865,0.0004894285714286184
22866,0.00047432142857140036
22867,0.00044378571428573823
22868,0.00043800000000001455
22869,0.00045042857142857227
22870,0.00047946428571421507
22871,0.00047442857142857725
22872,0.00046017857142862187
22873,0.0004620000000000195
22874,0.00047357142857146683
22875,0.0004972499999999412
22876,0.0005019642857143529
22877,0.0004877142857142453
22878,0.0004564285714284974
22879,0.0004248214285713711
22880,0.00048385714285709624
22881,0.0005302500000000622
22882,0.0004869642857143118
22883,0.00045910714285715774
22884,0.0004659642857143455
22885,0.0005036785714285738
22886,0.0005048571428572148
22887,0.0005035714285713969
22888,0.0005423571428570894
22889,0.0005211428571429216
22890,0.00047389285714284515
22891,0.00048407142857144996
22892,0.000498535714285759
22893,0.0004623214285713979
22894,0.00046714285714283423
22895,0.0004856785714286462
22896,0.0004853571428571156
22897,0.00048814285714280053
22898,0.0004870714285714886
22899,0.0005049642857142394
22900,0.0005270357142856698
22901,0.0004917857142857482
22902,0.0004321071428571141
22903,0.00043242857142864464
22904,0.00048460714285718205
22905,0.0005337857142856807
22906,0.0005335714285714792
22907,0.0005195357142857253
22908,0.0005090357142857422
22909,0.0005072142857143445
22910,0.0005063571428570819
22911,0.0005042142857143058
22912,0.0005261785714285594
22913,0.0005200714285714574
22914,0.0005150357142856673
22915,0.0005174999999999739
22916,0.0005016428571428224
22917,0.0004919999999999496
22918,0.0005096785714284989
22919,0.0005467499999999704
22920,0.000577178571428608
22921,0.0005831785714285331
22922,0.0005720357142856411
22923,0.0005497500000000092
22924,0.0005628214285714757
22925,0.0005469642857143242
22926,0.0005176071428571508
22927,0.0004912500000000161
22928,0.00046071428571435396
22929,0.00044935714285710814
22930,0.00044871428571435144
22931,0.000460071428571445
22932,0.000510214285714231
22933,0.0005297142857143302
22934,0.0004981071428572038
22935,0.0005030357142856649
22936,0.0004848214285713835
22937,0.00047474999999995557
22938,0.0004899642857143505
22939,0.0005179285714285291
22940,0.0005083928571428333
22941,0.0004546071428570997
22942,0.0004331785714285782
22943,0.000456750000000028
22944,0.0005092499999999437
22945,0.0005848928571429062
22946,0.0006741428571429152
22947,0.0007797857142856555
22948,0.0009484285714285993
22949,0.0011360357142857578
22950,0.0012605357142856885
22951,0.0013254642857143141
22952,0.0013389642857143359
22953,0.0011911071428571572
22954,0.0008814642857142222
22955,0.0005233928571428745
22956,0.00031821428571434345
22957,0.0002753571428571482
22958,0.0002396785714285191
22959,0.00018642857142851758
22960,0.00019403571428563892
22961,0.0002453571428572181
22962,0.00030214285714283813
22963,0.00038807142857143006
22964,0.0004458214285714896
22965,0.0004947857142857868
22966,0.0004713214285713617
22967,0.0004943571428570794
22968,0.00054085714285707
22969,0.0005267142857142915
22970,0.0005273571428572004
22971,0.000563785714285763
22972,0.0005611071428571027
22973,0.0005512500000000285
22974,0.0005466428571427937
22975,0.0005529642857142493
22976,0.0005455714285714817
22977,0.0005597142857142602
22978,0.0005974285714286407
22979,0.0006137142857143476
22980,0.0006189642857143391
22981,0.0006060000000000493
22982,0.0005829642857143317
22983,0.0005803928571428482
22984,0.0006316071428570983
22985,0.0006488571428570923
22986,0.0006679285714286363
22987,0.0006847500000000752
22988,0.0006549642857143466
22989,0.0006215357142856703
22990,0.0006277499999999492
22991,0.0006641785714285119
22992,0.0006817500000000365
22993,0.0006947142857143263
22994,0.000689785714285713
22995,0.0006805714285713955
22996,0.0006893571428571578
22997,0.0007379999999999245
22998,0.0007776428571428795
22999,0.0007792500000000757
23000,0.0008021785714286165
23001,0.0007966071428570944
23002,0.0007846071428570919
23003,0.0007932857142856774
23004,0.0007992857142857547
23005,0.0008079642857143402
23006,0.00080292857142855
23007,0.0008444999999999274
23008,0.0009076071428571554
23009,0.0009133928571428791
23010,0.000896142857142885
23011,0.0008812500000000207
23012,0.0008617500000000738
23013,0.0008487857142857841
23014,0.0008588571428572119
23015,0.000860999999999988
23016,0.0008689285714286399
23017,0.0008847857142856392
23018,0.0008552142857142643
23019,0.0008343214285714749
23020,0.0007897500000000589
23021,0.0007719642857143327
23022,0.0007728214285714431
23023,0.0007473214285714188
23024,0.000706499999999975
23025,0.0006861428571429177
23026,0.0006865714285714729
23027,0.0006790714285713761
23028,0.0006557142857142801
23029,0.0006615000000000038
23030,0.000640714285714239
23031,0.0006071785714285382
23032,0.0005797499999999393
23033,0.0005478214285714346
23034,0.0005301428571428854
23035,0.0004886785714285326
23036,0.00046885714285720733
23037,0.000522000000000032
23038,0.0005316428571429048
23039,0.0005148214285714658
23040,0.0004864285714285797
23041,0.0004766785714285301
23042,0.0004474285714285336
23043,0.00043457142857142067
23044,0.0004280357142857635
23045,0.0003973928571429245
23046,0.0004374642857142825
23047,0.0004761428571427981
23048,0.00047999999999994716
23049,0.0004814999999999665
23050,0.00046896428571423194
23051,0.0004579285714285167
23052,0.00047860714285710465
23053,0.00047978571428574566
23054,0.0004808571428572098
23055,0.0004959642857142756
23056,0.00046789285714292003
23057,0.00044378571428573823
23058,0.00045342857142861094
23059,0.0004647857142857045
23060,0.0004823571428570769
23061,0.0004549285714286303
23062,0.0004463571428570694
23063,0.0004593214285713592
23064,0.0004466785714286
23065,0.0004310357142856499
23066,0.00045364285714281243
23067,0.0004656428571428149
23068,0.0004416428571428099
23069,0.00045996428571426815
23070,0.0005112857142856951
23071,0.0005409642857142469
23072,0.0005081785714286318
23073,0.000476785714285707
23074,0.0004759285714285966
23075,0.0004765714285713532
23076,0.0004672500000000111
23077,0.00048407142857144996
23078,0.00046542857142861346
23079,0.00046039285714282336
23080,0.0004897499999999967
23081,0.00047528571428568766
23082,0.0004621071428571964
23083,0.00047817857142854945
23084,0.0004865357142857566
23085,0.00047892857142863525
23086,0.00045899999999998085
23087,0.0004513928571428595
23088,0.00048492857142856037
23089,0.0004965000000000077
23090,0.0004921071428571265
23091,0.0005010000000000656
23092,0.00047946428571421507
23093,0.0004720714285714475
23094,0.0004707857142857819
23095,0.0004869642857143118
23096,0.0004768928571428838
23097,0.000469499999999964
23098,0.0004996071428570709
23099,0.0004765714285713532
23100,0.00045428571428572136
23101,0.0004772142857142622
23102,0.0004916785714285713
23103,0.0004961785714286294
23104,0.00045921428571433457
23105,0.0004809642857142344
23106,0.0005255357142856504
23107,0.0005365714285713657
23108,0.0005065714285714355
23109,0.00048385714285709624
23110,0.0004742142857142235
23111,0.000510214285714231
23112,0.0005482499999999898
23113,0.0005407500000000453
23114,0.000555964285714288
23115,0.00056710714285718
23116,0.0005800714285714698
23117,0.0005852142857142845
23118,0.0005635714285714093
23119,0.0005350714285714986
23120,0.0005133214285714465
23121,0.0005060357142857036
23122,0.0004939285714285242
23123,0.0004610357142857323
23124,0.00046928571428576254
23125,0.0004897499999999967
23126,0.00046392857142859407
23127,0.00044442857142864715
23128,0.00047528571428568766
23129,0.0005000357142857784
23130,0.00047957142857139195
23131,0.0004655357142857903
23132,0.00047935714285719046
23133,0.0004731428571429116
23134,0.00046714285714283423
23135,0.0004669285714286328
23136,0.000452785714285702
23137,0.00046071428571435396
23138,0.00048792857142859904
23139,0.00050528571428577
23140,0.0005463214285714152
23141,0.0006049285714285852
23142,0.0007573928571428468
23143,0.0009520714285713946
23144,0.0011341071428571834
23145,0.0012471428571428436
23146,0.0012908571428571491
23147,0.0013265357142857783
23148,0.0012593571428571998
23149,0.0009651428571428612
23150,0.0005851071428571077
23151,0.0003530357142857099
23152,0.0002674285714284963
23153,0.00021117857142860836
23154,0.00018396428571421097
23155,0.00020057142857144835
23156,0.00026357142857149946
23157,0.0003412500000000612
23158,0.0003991071428571453
23159,0.0004257857142856584
23160,0.0004629642857143068
23161,0.0004884642857143311
23162,0.0004914642857142175
23163,0.0005021785714285545
23164,0.0005270357142856698
23165,0.0005120357142857809
23166,0.0005088214285713885
23167,0.0005525357142856941
23168,0.0005616428571428348
23169,0.0005606785714285475
23170,0.0005898214285713672
23171,0.0005766428571428759
23172,0.0005575714285714843
23173,0.0005563928571428432
23174,0.0005696785714285113
23175,0.000593357142857138
23176,0.0006046071428572069
23177,0.0006326785714285625
23178,0.0006430714285713687
23179,0.0006185357142857839
23180,0.00060450000000003
23181,0.000614571428571458
23182,0.0006272142857142171
23183,0.0006505714285714654
23184,0.0006762857142856912
23185,0.0006638571428571335
23186,0.0006714642857142549
23187,0.0006746785714286473
23188,0.000689249999999981
23189,0.0007114285714285882
23190,0.0007219285714285714
23191,0.0007233214285714139
23192,0.0007153928571429142
23193,0.0007297500000000464
23194,0.000768964285714294
23195,0.0007771071428571474
23196,0.0007826785714285173
23197,0.0007864285714286419
23198,0.0007837499999999815
23199,0.0008255357142857126
23200,0.000862714285714361
23201,0.0008589642857142366
23202,0.0008517857142856704
23203,0.0008634642857142945
23204,0.0008777142857142499
23205,0.0008872499999999458
23206,0.0008530714285714884
23207,0.0008508214285713832
23208,0.0008477142857143199
23209,0.0008699999999999518
23210,0.0008948571428570672
23211,0.0008725714285714352
23212,0.0008611071428571649
23213,0.0008457857142857453
23214,0.0008238214285714917
23215,0.0008267142857143536
23216,0.0008344285714284995
23217,0.0007989642857142242
23218,0.0007715357142857775
23219,0.0007462499999999547
23220,0.0007005000000000499
23221,0.0006683571428571915
23222,0.0006492857142856475
23223,0.0006358928571428026
23224,0.0006425357142857889
23225,0.0006263571428571067
23226,0.0005965714285713781
23227,0.000578785714285652
23228,0.0005572499999999536
23229,0.0005270357142856698
23230,0.000518035714285706
23231,0.0005304642857142637
23232,0.0005097857142856758
23233,0.000472821428571381
23234,0.0004617857142856658
23235,0.0004468928571428015
23236,0.00044421428571429344
23237,0.0004727142857143564
23238,0.0004656428571428149
23239,0.0004606071428571771
23240,0.0004742142857142235
23241,0.000467357142857188
23242,0.0004509642857143043
23243,0.0004323214285714678
23244,0.00042921428571425225
23245,0.00044849999999999773
23246,0.0004617857142856658
23247,0.0004462500000000448
23248,0.0004509642857143043
23249,0.000436714285714349
23250,0.00043307142857140134
23251,0.0004579285714285167
23252,0.0004753928571428645
23253,0.0004774285714286159
23254,0.0004520357142857685
23255,0.0004524642857143237
23256,0.00046350000000003886
23257,0.0004725000000000027
23258,0.00047464285714293096
23259,0.0004676785714285663
23260,0.0004582500000000473
23261,0.0004532142857142572
23262,0.00046457142857150304
23263,0.0004401428571427906
23264,0.0004353214285713542
23265,0.0004703571428570744
23266,0.0005334642857143024
23267,0.0005029285714286402
23268,0.00046585714285716866
23269,0.0004878214285714222
23270,0.00047464285714293096
23271,0.0004406785714285227
23272,0.0004528928571428789
23273,0.000487392857142867
23274,0.0004843928571428283
23275,0.0004593214285713592
23276,0.00042867857142852016
23277,0.000456750000000028
23278,0.000496821428571386
23279,0.00047057142857142816
23280,0.00047228571428564893
23281,0.00048321428571433954
23282,0.0004758214285714197
23283,0.00047185714285709373
23284,0.0004933928571427921
23285,0.000501857142857176
23286,0.0004951071428571652
23287,0.00048021428571430087
23288,0.00044967857142863874
23289,0.000436714285714349
23290,0.0004251428571429017
23291,0.0004321071428571141
23292,0.0004884642857143311
23293,0.0005010000000000656
23294,0.0004912500000000161
23295,0.0004853571428571156
23296,0.00047303571428573474
23297,0.0004961785714286294
23298,0.0004885714285713557
23299,0.0004764642857143286
23300,0.000481285714285765
23301,0.0005110714285714936
23302,0.0005035714285713969
23303,0.0004872857142856901
23304,0.0004852499999999387
23305,0.00048492857142856037
23306,0.0004831071428571627
23307,0.0004851428571429141
23308,0.0004868571428571349
23309,0.0004729285714285579
23310,0.0004657499999999918
23311,0.0005021785714285545
23312,0.0005255357142856504
23313,0.0005136428571428248
23314,0.0005398928571427827
23315,0.0005371071428570978
23316,0.0005382857142857387
23317,0.0005370000000000731
23318,0.0005363571428571643
23319,0.0005759999999999671
23320,0.0005901428571428978
23321,0.000541499999999979
23322,0.0004981071428572038
23323,0.0004816071428571433
23324,0.00046585714285716866
23325,0.00046039285714282336
23326,0.0004851428571429141
23327,0.00046896428571423194
23328,0.00047410714285719887
23329,0.0004933928571427921
23330,0.0005016428571428224
23331,0.0005113928571428719
23332,0.00048717857142851323
23333,0.00046446428571432616
23334,0.0004617857142856658
23335,0.00046017857142862187
23336,0.0004397142857142354
23337,0.00045525000000000865
23338,0.0004971428571429165
23339,0.000496821428571386
23340,0.0005231785714285207
23341,0.000569357142857133
23342,0.0006895714285713593
23343,0.0008682857142857309
23344,0.0010175357142857523
23345,0.0011580000000000115
23346,0.0012732857142857767
23347,0.0013260000000000461
23348,0.0013012499999999554
23349,0.0010855714285714414
23350,0.0007270714285713861
23351,0.00041839285714289075
23352,0.0003120000000000646
23353,0.0002694642857142477
23354,0.0002212500000000363
23355,0.0001821428571428133
23356,0.00018407142857138783
23357,0.000290464285714214
23358,0.0003807857142856871
23359,0.00041753571428578034
23360,0.00044314285714282925
23361,0.0004608214285713785
23362,0.0004886785714285326
23363,0.0005176071428571508
23364,0.0005250000000000707
23365,0.0005319642857142831
23366,0.0005181428571428829
23367,0.0005300357142857085
23368,0.0005484642857143436
23369,0.0005255357142856504
23370,0.0005221071428572089
23371,0.0005600357142856386
23372,0.000584464285714351
23373,0.0005751428571428566
23374,0.0005642142857143183
23375,0.0006071785714285382
23376,0.000603321428571389
23377,0.0006175714285714967
23378,0.0006091071428571126
23379,0.0005975357142856654
23380,0.0006211071428571151
23381,0.0006203571428571816
23382,0.0006064285714286045
23383,0.0006100714285714
23384,0.0006281785714285044
23385,0.0006365357142857116
23386,0.0006645000000000424
23387,0.0006694285714285034
23388,0.0006668571428571722
23389,0.0006927857142857518
23390,0.0006910714285713786
23391,0.0006939642857142405
23392,0.0007302857142857785
23393,0.0007708928571428686
23394,0.000752357142857209
23395,0.0007478571428571509
23396,0.000779035714285722
23397,0.0008011071428571524
23398,0.0008135357142857101
23399,0.0008299285714285937
23400,0.0008164285714285719
23401,0.0007786071428571668
23402,0.0007810714285714734
23403,0.0008376428571428919
23404,0.0008713928571427943
23405,0.0008806071428571118
23406,0.0008918571428571808
23407,0.0008758928571428523
23408,0.0008708571428572144
23409,0.000884357142857084
23410,0.0008682857142857309
23411,0.0008573571428571927
23412,0.0008512499999999384
23413,0.000862714285714361
23414,0.0008801785714285566
23415,0.000882857142857217
23416,0.0008138571428570884
23417,0.0007698214285714045
23418,0.0007741071428571087
23419,0.0007627500000000153
23420,0.0007221428571429252
23421,0.000685285714285655
23422,0.000690964285714354
23423,0.0006645000000000424
23424,0.0006197142857142727
23425,0.0006081428571428254
23426,0.0006080357142856485
23427,0.0006163928571428556
23428,0.000590571428571453
23429,0.000533142857142924
23430,0.0005164285714285099
23431,0.0005163214285714852
23432,0.000491357142857193
23433,0.0005049642857142394
23434,0.0005090357142857422
23435,0.0004868571428571349
23436,0.00048203571428569853
23437,0.0004814999999999665
23438,0.00046285714285712994
23439,0.00046446428571432616
23440,0.00044903571428572977
23441,0.00045010714285719395
23442,0.0004720714285714475
23443,0.00045374999999998926
23444,0.00043917857142850334
23445,0.000426107142857189
23446,0.0004426071428570972
23447,0.0004822500000000523
23448,0.0004989642857143143
23449,0.00048503571428573725
23450,0.00045846428571424876
23451,0.0004576071428571384
23452,0.00045042857142857227
23453,0.000467357142857188
23454,0.00048289285714280894
23455,0.00046799999999994464
23456,0.0004574999999999615
23457,0.0004558928571429176
23458,0.0004721785714286243
23459,0.0004763571428571518
23460,0.00047057142857142816
23461,0.0004655357142857903
23462,0.00046810714285712153
23463,0.00046542857142861346
23464,0.0004745357142857541
23465,0.0004906071428571071
23466,0.0005103214285714078
23467,0.00048364285714289475
23468,0.00047442857142857725
23469,0.0004893214285714415
23470,0.0004932857142857675
23471,0.0004923214285714803
23472,0.0005002499999999799
23473,0.00048503571428573725
23474,0.0004656428571428149
23475,0.0004602857142856465
23476,0.00047228571428564893
23477,0.0004928571428572123
23478,0.00048450000000000516
23479,0.0004995000000000463
23480,0.0005096785714284989
23481,0.0004953214285713666
23482,0.0004839642857142731
23483,0.00047828571428572633
23484,0.00045407142857136764
23485,0.0004965000000000077
23486,0.0005076428571428997
23487,0.0004814999999999665
23488,0.0004922142857143034
23489,0.0005027142857142865
23490,0.0004883571428571543
23491,0.0004763571428571518
23492,0.0005034642857142201
23493,0.0004989642857143143
23494,0.0004818214285714971
23495,0.00048117857142858817
23496,0.0004986428571427837
23497,0.0004896428571428199
23498,0.00046532142857143657
23499,0.0005188928571428164
23500,0.000536464285714341
23501,0.0005162142857143083
23502,0.0005076428571428997
23503,0.0005126785714285375
23504,0.000521357142857123
23505,0.0005642142857143183
23506,0.0005239285714286065
23507,0.0004704642857142513
23508,0.0005322857142856614
23509,0.0005624999999999452
23510,0.0005482499999999898
23511,0.0005394642857142275
23512,0.000549321428571454
23513,0.0005759999999999671
23514,0.0005778214285713647
23515,0.0005891785714286105
23516,0.0006042857142856763
23517,0.0006137142857143476
23518,0.000577178571428608
23519,0.0005393571428572029
23520,0.0005404285714285148
23521,0.0005238214285714297
23522,0.000515250000000021
23523,0.0005149285714286427
23524,0.0005094642857142974
23525,0.0005125714285713607
23526,0.0005262857142857363
23527,0.0005316428571429048
23528,0.0005206071428571895
23529,0.0005128928571428913
23530,0.0005069999999999907
23531,0.0005144999999999353
23532,0.000518678571428615
23533,0.0005159999999999546
23534,0.0004956428571428973
23535,0.0004933928571427921
23536,0.0005208214285713909
23537,0.0005254285714286259
23538,0.0005607857142857244
23539,0.0006362142857143331
23540,0.0007100357142857458
23541,0.00082092857142863
23542,0.0009731785714285377
23543,0.0011396785714285532
23544,0.0012623571428570862
23545,0.0013184999999999495
23546,0.001283571428571406
23547,0.0011054999999999436
23548,0.0008131071428571549
23549,0.0005035714285713969
23550,0.0003278571428572162
23551,0.0003012857142857277
23552,0.0002505000000000328
23553,0.00021685714285715513
23554,0.00026496428571434196
23555,0.0003154285714285062
23556,0.00037392857142849934
23557,0.0004218214285714847
23558,0.0004768928571428838
23559,0.0005125714285713607
23560,0.0005528571428570724
23561,0.0005824285714285996
23562,0.0006065357142857814
23563,0.0006095357142856679
23564,0.0005946428571428035
23565,0.0006147857142856594
23566,0.0006408214285714158
23567,0.0006132857142856401
23568,0.0006118928571427977
23569,0.0006344999999999601
23570,0.000641249999999971
23571,0.0006526071428572169
23572,0.0006550714285713712
23573,0.000640714285714239
23574,0.0006535714285715041
23575,0.0006701785714285892
23576,0.000694285714285771
23577,0.0006774642857143322
23578,0.00068249999999997
23579,0.00073049999999998
23580,0.0007115357142857651
23581,0.0006742499999999398
23582,0.0007148571428571821
23583,0.0007818214285714069
23584,0.0007918928571428349
23585,0.0007543928571428081
23586,0.0007387500000000102
23587,0.0007371428571428141
23588,0.000752357142857209
23589,0.0007630714285713936
23590,0.0007839642857143352
23591,0.000789642857142882
23592,0.0008141785714286191
23593,0.0008360357142856958
23594,0.0008392499999999359
23595,0.0008374285714285383
23596,0.000840964285714309
23597,0.0008556428571428195
23598,0.0009030000000000728
23599,0.0009208928571428235
23600,0.0009063214285714898
23601,0.0009053571428572026
23602,0.0009186428571428707
23603,0.0009393214285714586
23604,0.0009352499999999558
23605,0.000955285714285787
23606,0.000988821428571488
23607,0.0009488571428571545
23608,0.0009105000000000173
23609,0.0009071785714286002
23610,0.0009031071428570975
23611,0.0009218571428571108
23612,0.0009146785714285447
23613,0.0009099642857142852
23614,0.0008717142857143248
23615,0.00086710714285709
23616,0.0008693571428571951
23617,0.0008180357142857682
23618,0.0007900714285714372
23619,0.0008103214285714699
23620,0.0007966071428570944
23621,0.0007417500000000489
23622,0.0007401428571428527
23623,0.000711000000000033
23624,0.000671999999999987
23625,0.0006953571428570829
23626,0.000654642857142816
23627,0.0006116785714285961
23628,0.0006529285714285952
23629,0.0006307499999999879
23630,0.0005780357142857184
23631,0.0005943214285714252
23632,0.0006163928571428556
23633,0.0006100714285714
23634,0.0005918571428571186
23635,0.0005657142857143376
23636,0.0005447142857142191
23637,0.0005332499999999487
23638,0.0005293928571427996
23639,0.0005533928571428045
23640,0.0005662500000000696
23641,0.000563785714285763
23642,0.0005462142857142385
23643,0.0005361428571428105
23644,0.0005279999999999571
23645,0.0005476071428570809
23646,0.0005555357142857328
23647,0.0005473928571428794
23648,0.0005365714285713657
23649,0.0005426785714286199
23650,0.0005410714285714237
23651,0.0005542500000000672
23652,0.0005869285714285053
23653,0.0005931428571427842
23654,0.0005837142857142652
23655,0.0005750357142856798
23656,0.000577178571428608
23657,0.0005767500000000528
23658,0.0005707499999999755
23659,0.0005901428571428978
23660,0.0005411785714286005
23661,0.0005298214285713547
23662,0.0005638928571427877
23663,0.0005774999999999863
23664,0.0005798571428571161
23665,0.000589392857142812
23666,0.000602785714285657
23667,0.0005824285714285996
23668,0.0005696785714285113
23669,0.0006176785714285212
23670,0.0006007500000000578
23671,0.0005664642857142712
23672,0.0005438571428571087
23673,0.0005497500000000092
23674,0.0005870357142856822
23675,0.0005875714285714143
23676,0.0005816785714285137
23677,0.00058328571428571
23678,0.0005737500000000141
23679,0.0005700000000000419
23680,0.0005633571428572078
23681,0.0005689285714285778
23682,0.0005900357142857209
23683,0.0005830714285713562
23684,0.0005578928571428626
23685,0.000576535714285699
23686,0.0006041785714284994
23687,0.0006163928571428556
23688,0.0005926071428572044
23689,0.0005898214285713672
23690,0.0006448928571429186
23691,0.0006534642857143273
23692,0.0005979642857142206
23693,0.0005383928571429156
23694,0.0005885357142857016
23695,0.0006751071428572024
23696,0.0006580714285714099
23697,0.0005881071428571464
23698,0.0005782500000000722
23699,0.0005794285714285609
23700,0.0005913214285713865
23701,0.0005987142857143064
23702,0.0006226071428571345
23703,0.0006492857142856475
23704,0.0006502499999999348
23705,0.0006366428571428883
23706,0.0006309642857143416
23707,0.0006142499999999274
23708,0.0005959285714286215
23709,0.0005900357142857209
23710,0.0005879999999999695
23711,0.0005766428571428759
23712,0.0005457857142856832
23713,0.0005412857142857774
23714,0.000580500000000025
23715,0.0005889642857142568
23716,0.0006014999999999914
23717,0.0006091071428571126
23718,0.0005565000000000201
23719,0.0005395714285714044
23720,0.0005741785714285693
23721,0.0005737500000000141
23722,0.0005475000000000563
23723,0.0005785714285714505
23724,0.0005846785714285525
23725,0.0005609999999999258
23726,0.0006003214285715026
23727,0.0006863571428571191
23728,0.0007760357142856833
23729,0.0008652857142856923
23730,0.0009740357142856481
23731,0.0010749642857142813
23732,0.0011654999999999559
23733,0.0012504642857142606
23734,0.001285821428571359
23735,0.0011186785714285869
23736,0.0008231785714285829
23737,0.0005405357142856917
23738,0.00035399999999999717
23739,0.00032217857142851714
23740,0.00033685714285718
23741,0.0002911071428571229
23742,0.000271607142857176
23743,0.0002899285714286342
23744,0.00034478571428567966
23745,0.0004277142857142329
23746,0.000504107142857129
23747,0.0005477142857142577
23748,0.0005619642857142131
23749,0.0005887500000000553
23750,0.0005951785714285356
23751,0.0005753571428572103
23752,0.0005913214285713865
23753,0.0006441428571428328
23754,0.0006821785714285917
23755,0.0006650357142857745
23756,0.0006523928571428631
23757,0.0006514285714285758
23758,0.0006506785714286423
23759,0.000671357142857078
23760,0.000663642857142932
23761,0.0006686785714285699
23762,0.0006887142857142489
23763,0.0006760714285714897
23764,0.0006760714285714897
23765,0.0006735000000000062
23766,0.000658607142857142
23767,0.0007145357142856515
23768,0.0007588928571428661
23769,0.0007615714285713742
23770,0.0007424999999999824
23771,0.0007180714285714223
23772,0.0007233214285714139
23773,0.0007330714285714634
23774,0.0007636071428571256
23775,0.000798535714285669
23776,0.0007778571428570809
23777,0.0007566428571429133
23778,0.0007654285714285233
23779,0.000771749999999979
23780,0.0007972500000000034
23781,0.0008099999999999393
23782,0.0008198571428571658
23783,0.0008419285714285962
23784,0.0008541428571428002
23785,0.0008873571428571227
23786,0.0008877857142856779
23787,0.0008851071428571698
23788,0.0009406071428571242
23789,0.0009517500000000163
23790,0.0009556071428571654
23791,0.0009484285714285993
23792,0.0009318214285713619
23793,0.0009283928571429202
23794,0.000935678571428511
23795,0.0009220714285714646
23796,0.0009280714285713897
23797,0.0009450000000000054
23798,0.0009035357142856526
23799,0.0009125357142857687
23800,0.0009288214285714754
23801,0.0008872499999999458
23802,0.000857035714285662
23803,0.0008181428571427927
23804,0.0008177142857142375
23805,0.0008004642857142435
23806,0.0007627500000000153
23807,0.0007264285714286294
23808,0.000717107142857135
23809,0.0007221428571429252
23810,0.0007302857142857785
23811,0.0006941785714285942
23812,0.0006298928571428775
23813,0.0006282857142856813
23814,0.0006157499999999467
23815,0.0005988214285714832
23816,0.0005878928571427926
23817,0.0005869285714285053
23818,0.0005624999999999452
23819,0.0005511428571428516
23820,0.0005272500000000236
23821,0.0005237142857142528
23822,0.0005534999999999814
23823,0.0005447142857142191
23824,0.0005200714285714574
23825,0.0005317499999999293
23826,0.0005096785714284989
23827,0.000515250000000021
23828,0.000533142857142924
23829,0.0005097857142856758
23830,0.00047871428571428154
23831,0.0004918928571429251
23832,0.0005066785714286124
23833,0.0005065714285714355
23834,0.0005298214285713547
23835,0.0005487857142857219
23836,0.000528642857142866
23837,0.0005113928571428719
23838,0.000489535714285643
23839,0.000481285714285765
23840,0.0004982142857142285
23841,0.0005111785714285183
23842,0.000504107142857129
23843,0.000518678571428615
23844,0.0005166428571428635
23845,0.0004860000000000245
23846,0.0004860000000000245
23847,0.0005148214285714658
23848,0.0005291785714285981
23849,0.0005113928571428719
23850,0.0005371071428570978
23851,0.0005647500000000503
23852,0.0004954285714285435
23853,0.0004831071428571627
23854,0.0005023928571429081
23855,0.0005282142857143108
23856,0.0005639999999999645
23857,0.0005277857142857556
23858,0.0005176071428571508
23859,0.0005178214285715046
23860,0.000497464285714295
23861,0.0004949999999999883
23862,0.000519214285714347
23863,0.000522000000000032
23864,0.0004941428571428779
23865,0.0005022857142857312
23866,0.0005367857142857195
23867,0.0004915714285713944
23868,0.00047346428571428995
23869,0.0005299285714285316
23870,0.0005264999999999377
23871,0.0004919999999999496
23872,0.0005209285714285678
23873,0.0005317499999999293
23874,0.000507428571428546
23875,0.0004944642857142562
23876,0.0005093571428571206
23877,0.0005372142857142747
23878,0.0005377500000000066
23879,0.0005282142857143108
23880,0.0005230714285714961
23881,0.0005161071428571314
23882,0.0004969285714285629
23883,0.0005000357142857784
23884,0.0005097857142856758
23885,0.0005244642857143386
23886,0.0005586428571427961
23887,0.0005484642857143436
23888,0.0005132142857142696
23889,0.0005254285714286259
23890,0.0005445000000000176
23891,0.0005513571428572054
23892,0.0005342142857142359
23893,0.0005447142857142191
23894,0.0005663571428570943
23895,0.0005412857142857774
23896,0.0005556428571429097
23897,0.0005696785714285113
23898,0.0005657142857143376
23899,0.0005297142857143302
23900,0.0005107499999999631
23901,0.00048021428571430087
23902,0.0004903928571429057
23903,0.0004809642857142344
23904,0.0004819285714285217
23905,0.0004892142857142647
23906,0.0004792500000000136
23907,0.0004703571428570744
23908,0.0004899642857143505
23909,0.0005311071428571727
23910,0.0004962857142856539
23911,0.00045814285714287044
23912,0.0004742142857142235
23913,0.0004615714285714643
23914,0.0004612499999999337
23915,0.00047817857142854945
23916,0.0005164285714285099
23917,0.0005615357142856579
23918,0.0006094285714286433
23919,0.0006706071428571444
23920,0.000792428571428567
23921,0.0009522857142857484
23922,0.0010926428571428305
23923,0.0012024642857142505
23924,0.001236321428571482
23925,0.0012410357142857416
23926,0.0010622142857143453
23927,0.0007285714285714055
23928,0.00043242857142864464
23929,0.0002776071428571011
23930,0.00024814285714290307
23931,0.0002521071428570768
23932,0.00022714285714278454
23933,0.00020796428571421595
23934,0.0002133214285713844
23935,0.00029378571428578326
23936,0.0003807857142856871
23937,0.00044924999999993126
23938,0.00045428571428572136
23939,0.0004565357142856742
23940,0.0004914642857142175
23941,0.0005026071428571097
23942,0.0004966071428571846
23943,0.0004877142857142453
23944,0.0005261785714285594
23945,0.0005416071428571557
23946,0.0005356071428570784
23947,0.0005367857142857195
23948,0.0005575714285714843
23949,0.0005702142857142434
23950,0.0005704285714285971
23951,0.000570535714285774
23952,0.0005868214285714808
23953,0.0005968928571429088
23954,0.0005871428571428591
23955,0.0005835000000000638
23956,0.0005702142857142434
23957,0.0005788928571428288
23958,0.0006160714285714773
23959,0.0006264642857142836
23960,0.0006343928571427832
23961,0.0006421071428570815
23962,0.0006537857142857056
23963,0.0006610714285714486
23964,0.0006597857142857829
23965,0.0006634285714285783
23966,0.0006564642857142136
23967,0.0006459642857142306
23968,0.0006681428571428378
23969,0.0007061785714285966
23970,0.0007292142857143144
23971,0.0007521428571428552
23972,0.0007370357142857894
23973,0.0007390714285713886
23974,0.0007707857142856918
23975,0.0007953214285714288
23976,0.0007824642857143159
23977,0.0007845000000000673
23978,0.0008088214285714506
23979,0.0008478214285714968
23980,0.0008214642857142097
23981,0.0008043214285713926
23982,0.0008158928571428398
23983,0.0008120357142856907
23984,0.0008420357142857731
23985,0.00085092857142856
23986,0.0008243571428570716
23987,0.0008362500000000494
23988,0.0008385000000000023
23989,0.0007939285714285863
23990,0.0008058214285714119
23991,0.0008185714285715002
23992,0.0007893214285715036
23993,0.0007638214285714793
23994,0.0007583571428571341
23995,0.000721071428571461
23996,0.0006881785714285168
23997,0.0006754285714285808
23998,0.000672428571428542
23999,0.0006439285714286314
24000,0.0005896071428571657
24001,0.000606107142857074
24002,0.0006019285714285466
24003,0.0005667857142856495
24004,0.0005555357142857328
24005,0.0005322857142856614
24006,0.000505821428571502
24007,0.0004851428571429141
24008,0.0004511785714285058
24009,0.00042857142857149555
24010,0.00045771428571431523
24011,0.0004553571428571855
24012,0.00044571428571431277
24013,0.0004237500000000592
24014,0.00039342857142859853
24015,0.00039203571428575603
24016,0.0004016785714286288
24017,0.0003995357142857005
24018,0.00040949999999995157
24019,0.00040307142857147124
24020,0.00039342857142859853
24021,0.00041925000000000116
24022,0.00042546428571428
24023,0.00039374999999997686
24024,0.00039428571428570895
24025,0.00040371428571422794
24026,0.0004084285714286397
24027,0.00041453571428574167
24028,0.00041474999999994316
24029,0.00039857142857141324
24030,0.00041303571428572233
24031,0.00040274999999994064
24032,0.00038903571428571736
24033,0.0004199999999999347
24034,0.0004203214285714653
24035,0.00040982142857148217
24036,0.0004128214285713686
24037,0.0004122857142857888
24038,0.0004227857142857719
24039,0.0004462500000000448
24040,0.0004092857142857501
24041,0.0003807857142856871
24042,0.0004280357142857635
24043,0.00043082142857144847
24044,0.0004126071428571671
24045,0.0004025357142857392
24046,0.00043478571428577444
24047,0.0004403571428571443
24048,0.0004311428571428268
24049,0.0004301785714285395
24050,0.0004025357142857392
24051,0.00038303571428563996
24052,0.00038485714285718995
24053,0.00039396428571433057
24054,0.00041474999999994316
24055,0.00041850000000006764
24056,0.0003959999999999297
24057,0.0004271785714285008
24058,0.0004521428571427931
24059,0.00041817857142853704
24060,0.00041078571428576947
24061,0.00041292857142854545
24062,0.00041410714285718646
24063,0.00042996428571433806
24064,0.00041978571428573326
24065,0.00036803571428575105
24066,0.00037382142857147473
24067,0.0004305000000000701
24068,0.0004121785714286119
24069,0.0003860357142856787
24070,0.0003952499999999962
24071,0.0004158214285714073
24072,0.00045996428571426815
24073,0.0004659642857143455
24074,0.00045428571428572136
24075,0.0004276071428572083
24076,0.0003795000000000215
24077,0.0004271785714285008
24078,0.0004519285714285916
24079,0.0004313571428571805
24080,0.0004168928571428714
24081,0.0004258928571428352
24082,0.00045953571428571294
24083,0.0004519285714285916
24084,0.00041903571428564745
24085,0.00041860714285709224
24086,0.0004411071428570779
24087,0.000489535714285643
24088,0.000515250000000021
24089,0.0004924285714285048
24090,0.00046071428571435396
24091,0.00044785714285708875
24092,0.000470678571428605
24093,0.0004511785714285058
24094,0.00043478571428577444
24095,0.00042310714285715025
24096,0.00039964285714287737
24097,0.0003759642857142507
24098,0.00040403571428575854
24099,0.0004250357142857248
24100,0.00040864285714284116
24101,0.00039332142857142165
24102,0.00042449999999999275
24103,0.0004252499999999263
24104,0.00040360714285720333
24105,0.0003970714285713939
24106,0.0004052142857142473
24107,0.0004061785714285345
24108,0.00040532142857142416
24109,0.00039942857142852365
24110,0.0003805714285714856
24111,0.0003773571428570932
24112,0.00043553571428570797
24113,0.000549321428571454
24114,0.0006569999999999457
24115,0.0007781785714286116
24116,0.0009277500000000114
24117,0.0010803214285714498
24118,0.001184357142857146
24119,0.0012296785714284958
24120,0.001212321428571477
24121,0.0010441071428570886
24122,0.0006912857142857324
24123,0.00035025000000002497
24124,0.0002289642857143345
24125,0.0002008928571428267
24126,0.00014550000000004915
24127,0.00011614285714287576
24128,0.00014935714285719827
24129,0.00021010714285714423
24130,0.0002439642857142234
24131,0.0003013928571429046
24132,0.00037682142857136113
24133,0.00040446428571431375
24134,0.00041325000000007605
24135,0.00040907142857139636
24136,0.0004349999999999759
24137,0.0004472142857143321
24138,0.0004220357142856861
24139,0.0004114285714285261
24140,0.0004563214285714728
24141,0.0005089285714285653
24142,0.0005382857142857387
24143,0.0005161071428571314
24144,0.0004997142857142478
24145,0.0005110714285714936
24146,0.0005225357142857641
24147,0.0005243571428571617
24148,0.0005080714285714549
24149,0.0005185714285714381
24150,0.0005153571428571979
24151,0.0005096785714284989
24152,0.0005034642857142201
24153,0.0005081785714286318
24154,0.0005406428571428685
24155,0.0005752500000000335
24156,0.0005948571428571573
24157,0.0006062142857142509
24158,0.0005928214285714059
24159,0.0005856428571428397
24160,0.0006096428571428447
24161,0.0006144642857142811
24162,0.0005926071428572044
24163,0.0006250714285714411
24164,0.0006725357142857189
24165,0.0006623571428571142
24166,0.000661928571428559
24167,0.0006597857142857829
24168,0.0006746785714286473
24169,0.0007049999999999557
24170,0.0007292142857143144
24171,0.0007343571428571291
24172,0.0007202142857143506
24173,0.0007387500000000102
24174,0.0007629642857142167
24175,0.0007962857142857161
24176,0.0007916785714286334
24177,0.0007584642857143109
24178,0.000761785714285728
24179,0.0008031428571429038
24180,0.0008079642857143402
24181,0.0007772142857143243
24182,0.0007872857142857523
24183,0.0008165357142857488
24184,0.0008028214285713733
24185,0.0007736785714285535
24186,0.0007451785714286428
24187,0.0007471071428572174
24188,0.0007303928571428031
24189,0.000690964285714354
24190,0.0006731785714286279
24191,0.0006784285714286195
24192,0.0006728571428570973
24193,0.0006584999999999651
24194,0.0006258214285713746
24195,0.0005672142857143569
24196,0.0005178214285715046
24197,0.0005221071428572089
24198,0.0005110714285714936
24199,0.00048364285714289475
24200,0.0004749642857143093
24201,0.0004982142857142285
24202,0.0004986428571427837
24203,0.00042953571428578285
24204,0.0003943928571428858
24205,0.0003897857142856509
24206,0.00040360714285720333
24207,0.00041335714285710065
24208,0.00039353571428577536
24209,0.0003508928571427816
24210,0.00037939285714284465
24211,0.00038410714285710414
24212,0.0003850714285713914
24213,0.00038903571428571736
24214,0.00037382142857147473
24215,0.0003412500000000612
24216,0.0003552857142856628
24217,0.0003713571428571681
24218,0.0003500357142856712
24219,0.000366321428571378
24220,0.00037971428571422297
24221,0.0003872142857143197
24222,0.00041453571428574167
24223,0.000394821428571441
24224,0.00035367857142861884
24225,0.00035935714285716564
24226,0.0003762857142857813
24227,0.00037896428571428944
24228,0.0003709285714286129
24229,0.000371464285714345
24230,0.0003967500000000155
24231,0.0004265357142857442
24232,0.0004162499999999625
24233,0.0003810000000000408
24234,0.0003825000000000602
24235,0.0004055357142857779
24236,0.00036953571428577044
24237,0.0003228214285714261
24238,0.0003624642857142289
24239,0.00039803571428568115
24240,0.0004131428571428992
24241,0.00042867857142852016
24242,0.0004255714285714569
24243,0.00040489285714286896
24244,0.00040274999999994064
24245,0.00038807142857143006
24246,0.00035817857142852463
24247,0.00035496428571428446
24248,0.0003991071428571453
24249,0.00040960714285712845
24250,0.00039203571428575603
24251,0.0003867857142857645
24252,0.000400928571428543
24253,0.0003953571428571731
24254,0.0004126071428571671
24255,0.0004198928571429101
24256,0.0003918214285714023
24257,0.00038389285714290265
24258,0.0003806785714285102
24259,0.0003872142857143197
24260,0.0003758571428570739
24261,0.0003403928571427985
24262,0.00035314285714288675
24263,0.0004112142857143247
24264,0.00040317857142849585
24265,0.00037907142857146627
24266,0.0003943928571428858
24267,0.0004122857142857888
24268,0.00041335714285710065
24269,0.0004050000000000458
24270,0.00042417857142861443
24271,0.0004135714285714544
24272,0.0003905357142857367
24273,0.0003876428571428749
24274,0.00040478571428569207
24275,0.00040735714285717553
24276,0.00040424999999996
24277,0.0003966428571428387
24278,0.0003918214285714023
24279,0.0004004999999999878
24280,0.000402107142857184
24281,0.0004008214285713661
24282,0.00041753571428578034
24283,0.00040285714285711753
24284,0.0003906428571429136
24285,0.0004165714285714931
24286,0.00043403571428568864
24287,0.00042385714285708383
24288,0.0004208571428571974
24289,0.0004298571428571612
24290,0.0004251428571429017
24291,0.00043253571428566925
24292,0.00044882142857137605
24293,0.000466714285714279
24294,0.0004806428571428561
24295,0.0004605000000000002
24296,0.00043885714285712496
24297,0.00042996428571433806
24298,0.00046242857142857473
24299,0.0004877142857142453
24300,0.0004810714285714113
24301,0.0004617857142856658
24302,0.0004368214285713736
24303,0.00041474999999994316
24304,0.0003821785714285296
24305,0.0003919285714285792
24306,0.0004214999999999541
24307,0.0004313571428571805
24308,0.0004216071428571309
24309,0.0004211785714285757
24310,0.00042225000000003984
24311,0.00042064285714284367
24312,0.0004109999999999709
24313,0.00040478571428569207
24314,0.00039867857142859007
24315,0.0003966428571428387
24316,0.00043478571428577444
24317,0.00044935714285710814
24318,0.00040446428571431375
24319,0.000385392857142922
24320,0.00040360714285720333
24321,0.00044410714285711655
24322,0.0005185714285714381
24323,0.0006057857142856957
24324,0.0007235357142857676
24325,0.0008799642857143551
24326,0.001056107142857091
24327,0.0012041785714286236
24328,0.001256464285714338
24329,0.001229142857142916
24330,0.0011309999999999678
24331,0.0008400000000000217
24332,0.0004727142857143564
24333,0.0002546785714285603
24334,0.00019082142857139876
24335,0.0001658571428571065
24336,0.00011978571428567112
24337,0.00013242857142858254
24338,0.00017699999999999858
24339,0.0002434285714286436
24340,0.0003301071428571691
24341,0.00037532142857149407
24342,0.0004166785714285177
24343,0.00043360714285713343
24344,0.00044882142857137605
24345,0.00042321428571432713
24346,0.00044453571428567176
24347,0.0004892142857142647
24348,0.0004742142857142235
24349,0.0004655357142857903
24350,0.0004880357142857759
24351,0.0005207142857142141
24352,0.0005162142857143083
24353,0.000501857142857176
24354,0.0004938214285714996
24355,0.0005020714285713776
24356,0.0004931785714285906
24357,0.0005061428571428804
24358,0.0005621785714285669
24359,0.0005695714285714867
24360,0.0005412857142857774
24361,0.0005149285714286427
24362,0.000549857142857186
24363,0.0005862857142857487
24364,0.0006127500000000603
24365,0.0005920714285714724
24366,0.000569892857142865
24367,0.0005782500000000722
24368,0.0005992500000000384
24369,0.0006220714285714024
24370,0.0006220714285714024
24371,0.0006388928571428412
24372,0.0006433928571428993
24373,0.0006458571428572059
24374,0.0006671785714285506
24375,0.0006846428571428983
24376,0.0006883928571428706
24377,0.0006997499999999641
24378,0.0007287857142857591
24379,0.0007534285714285208
24380,0.0007711071428570701
24381,0.0007526785714285873
24382,0.0007571785714286453
24383,0.0007801071428571861
24384,0.000799071428571401
24385,0.0007864285714286419
24386,0.000772285714285711
24387,0.0007891071428571499
24388,0.0008300357142857706
24389,0.0008339999999999443
24390,0.000823071428571406
24391,0.0008045357142857463
24392,0.0007759285714285065
24393,0.0007989642857142242
24394,0.0008155714285714615
24395,0.0008219999999999418
24396,0.0007824642857143159
24397,0.0007537500000000514
24398,0.0007525714285714104
24399,0.0007359642857143253
24400,0.0006993214285714089
24401,0.0006797142857142851
24402,0.0006679285714286363
24403,0.0006660000000000618
24404,0.0006630000000000231
24405,0.0006413571428571478
24406,0.0005843571428571741
24407,0.0005344285714285897
24408,0.0005201785714286343
24409,0.0005225357142857641
24410,0.0005283214285714877
24411,0.0005168571428572173
24412,0.00047989285714292255
24413,0.00046939285714278715
24414,0.0004564285714284974
24415,0.00045364285714281243
24416,0.000462214285714221
24417,0.00044924999999993126
24418,0.00041721428571424974
24419,0.00037928571428566776
24420,0.0003820714285713527
24421,0.000412714285714344
24422,0.00039878571428576695
24423,0.00036267857142858263
24424,0.00035860714285707983
24425,0.00035335714285708824
24426,0.00041367857142863125
24427,0.0004401428571427906
24428,0.0003817499999999744
24429,0.0003664285714285549
24430,0.00038989285714282777
24431,0.0004277142857142329
24432,0.0004309285714286253
24433,0.0004271785714285008
24434,0.0004128214285713686
24435,0.000391500000000024
24436,0.0003819642857143281
24437,0.00039921428571432216
24438,0.00040832142857146283
24439,0.00041860714285709224
24440,0.00041474999999994316
24441,0.0004056428571428025
24442,0.0003967500000000155
24443,0.0004119642857142582
24444,0.00041389285714283275
24445,0.00040189285714283023
24446,0.000391500000000024
24447,0.00041249999999999024
24448,0.00046071428571435396
24449,0.0004366071428571721
24450,0.000394821428571441
24451,0.00040274999999994064
24452,0.0004201071428571116
24453,0.00043425000000004235
24454,0.00043896428571430185
24455,0.0004312500000000037
24456,0.00041914285714282433
24457,0.00042064285714284367
24458,0.00042878571428569705
24459,0.00045332142857143406
24460,0.0004557857142857407
24461,0.00042246428571424133
24462,0.0003872142857143197
24463,0.0003757500000000493
24464,0.00040232142857138544
24465,0.00039460714285708727
24466,0.00039353571428577536
24467,0.00043007142857136267
24468,0.000466178571428547
24469,0.0004623214285713979
24470,0.00044378571428573823
24471,0.0004422857142857189
24472,0.0004152857142856752
24473,0.00040489285714286896
24474,0.00041464285714291855
24475,0.00041046428571423887
24476,0.0004055357142857779
24477,0.0004168928571428714
24478,0.0004301785714285395
24479,0.00044485714285720236
24480,0.0004472142857143321
24481,0.00041035714285721426
24482,0.0004060714285713577
24483,0.00041378571428565586
24484,0.00040703571428564494
24485,0.0004029642857142944
24486,0.0004199999999999347
24487,0.00044817857142861935
24488,0.00043907142857147873
24489,0.0004306071428570947
24490,0.0004558928571429176
24491,0.0004877142857142453
24492,0.0004528928571428789
24493,0.00042932142857142914
24494,0.0004755000000000414
24495,0.0004890000000000632
24496,0.0004593214285713592
24497,0.00042439285714281587
24498,0.0004370357142857273
24499,0.00045010714285719395
24500,0.0004772142857142622
24501,0.0005043214285714827
24502,0.0005409642857142469
24503,0.0005416071428571557
24504,0.0005062500000000572
24505,0.00048021428571430087
24506,0.0004459285714285142
24507,0.0004407857142856995
24508,0.00047603571428577346
24509,0.0004883571428571543
24510,0.0004419642857143405
24511,0.00041464285714291855
24512,0.00039867857142859007
24513,0.00041078571428576947
24514,0.0004246071428571696
24515,0.00044957142857146186
24516,0.00044507142857140385
24517,0.00041303571428572233
24518,0.0004453928571427822
24519,0.0004364999999999952
24520,0.00043403571428568864
24521,0.00043425000000004235
24522,0.0004411071428570779
24523,0.00043360714285713343
24524,0.0004106785714285926
24525,0.0004117500000000567
24526,0.0004468928571428015
24527,0.000525964285714358
24528,0.0006350357142856922
24529,0.0007618928571429048
24530,0.0008740714285714546
24531,0.0010384285714285417
24532,0.0012077142857142421
24533,0.0012682499999999866
24534,0.00129996428571429
24535,0.001201714285714317
24536,0.0008887499999999652
24537,0.0005130000000000682
24538,0.00026121428571421743
24539,0.00020710714285710553
24540,0.00021996428571421843
24541,0.0001857857142857609
24542,0.00017464285714286883
24543,0.0002494285714285687
24544,0.00031864285714289865
24545,0.00033707142857138144
24546,0.0003854999999999466
24547,0.0004010357142857198
24548,0.0004052142857142473
24549,0.0004602857142856465
24550,0.0004571785714285832
24551,0.0004511785714285058
24552,0.0005095714285714743
24553,0.0005172857142857725
24554,0.0005083928571428333
24555,0.0005126785714285375
24556,0.000493499999999969
24557,0.0004991785714285157
24558,0.00051407142857138
24559,0.000544821428571396
24560,0.0005608928571429013
24561,0.0005710714285713538
24562,0.0006019285714285466
24563,0.000601714285714345
24564,0.0005727857142857268
24565,0.0005681785714286442
24566,0.0005582142857142409
24567,0.0005649642857142518
24568,0.0005956071428570908
24569,0.000602785714285657
24570,0.0005989285714285079
24571,0.0006141428571429028
24572,0.0006519642857143079
24573,0.0006710357142856997
24574,0.0006388928571428412
24575,0.0006368571428570899
24576,0.0006589285714285203
24577,0.0006601071428571613
24578,0.0006931071428571301
24579,0.0007159285714286463
24580,0.0007082142857143481
24581,0.0007261071428570988
24582,0.0007371428571428141
24583,0.000747749999999974
24584,0.0007306071428571569
24585,0.0007535357142856977
24586,0.0008305714285715027
24587,0.0008337857142857428
24588,0.0007998214285714868
24589,0.0008098928571429147
24590,0.0008317499999999915
24591,0.0008312142857142594
24592,0.0008113928571427819
24593,0.00081910714285708
24594,0.0008508214285713832
24595,0.0008694642857142197
24596,0.0008630357142857393
24597,0.0008418214285714193
24598,0.0008267142857143536
24599,0.0008474999999999661
24600,0.0008334642857142123
24601,0.0008032499999999285
24602,0.0007988571428571995
24603,0.0007749642857142192
24604,0.0007536428571428746
24605,0.0007501071428571038
24606,0.0007163571428572015
24607,0.0007172142857143119
24608,0.0007078928571428174
24609,0.0006486428571428909
24610,0.0006261428571429053
24611,0.0006082500000000022
24612,0.0005926071428572044
24613,0.0005936785714285163
24614,0.0005702142857142434
24615,0.0005416071428571557
24616,0.0005176071428571508
24617,0.0004892142857142647
24618,0.0004826785714286075
24619,0.0004416428571428099
24620,0.00043467857142859756
24621,0.0004657499999999918
24622,0.00042942857142860597
24623,0.0004051071428570704
24624,0.00042964285714280746
24625,0.0004784999999999278
24626,0.0004887857142857095
24627,0.00046757142857138944
24628,0.0004507499999999506
24629,0.0004311428571428268
24630,0.0004092857142857501
24631,0.0004252499999999263
24632,0.0004264285714285673
24633,0.0003940714285713552
24634,0.0004194642857143549
24635,0.00042889285714287393
24636,0.00041078571428576947
24637,0.00041517857142849837
24638,0.00042782142857140975
24639,0.0004237500000000592
24640,0.00045396428571434303
24641,0.0004620000000000195
24642,0.00043285714285719984
24643,0.0004401428571427906
24644,0.00043896428571430185
24645,0.00043403571428568864
24646,0.00045385714285716615
24647,0.00044432142857147027
24648,0.00039857142857141324
24649,0.0004210714285713989
24650,0.00047892857142863525
24651,0.00046360714285721574
24652,0.00045525000000000865
24653,0.0004733571428571131
24654,0.00047914285714283674
24655,0.0004674642857142126
24656,0.0004563214285714728
24657,0.0004474285714285336
24658,0.0004498928571428402
24659,0.00044325000000000614
24660,0.0004378928571428377
24661,0.0004356428571428848
24662,0.0004574999999999615
24663,0.00046832142857147524
24664,0.0004298571428571612
24665,0.0004153928571428521
24666,0.00045996428571426815
24667,0.00045857142857142565
24668,0.00045857142857142565
24669,0.00047003571428569607
24670,0.0004521428571427931
24671,0.0004682142857142984
24672,0.0004657499999999918
24673,0.00045374999999998926
24674,0.00047946428571421507
24675,0.0004924285714285048
24676,0.00048503571428573725
24677,0.0004713214285713617
24678,0.0004456071428571359
24679,0.00045439285714289824
24680,0.0004420714285713651
24681,0.0004210714285713989
24682,0.00043403571428568864
24683,0.00044924999999993126
24684,0.0004250357142857248
24685,0.00041839285714289075
24686,0.00044528571428575757
24687,0.0004617857142856658
24688,0.00047260714285717953
24689,0.0004870714285714886
24690,0.0004574999999999615
24691,0.0004301785714285395
24692,0.00047378571428566827
24693,0.00047571428571424287
24694,0.0004663928571429007
24695,0.0004512857142856827
24696,0.0004404642857143212
24697,0.0004755000000000414
24698,0.00047892857142863525
24699,0.0004574999999999615
24700,0.0004703571428570744
24701,0.0004703571428570744
24702,0.00046842857142849985
24703,0.0004647857142857045
24704,0.00045996428571426815
24705,0.0004631785714285083
24706,0.00048417857142862684
24707,0.0005037857142857506
24708,0.0005098928571428526
24709,0.0005024999999999328
24710,0.0004981071428572038
24711,0.0004938214285714996
24712,0.000513535714285648
24713,0.0005370000000000731
24714,0.0005569285714285753
24715,0.0005556428571429097
24716,0.0005531785714286031
24717,0.0005457857142856832
24718,0.0005227499999999655
24719,0.0005095714285714743
24720,0.0005144999999999353
24721,0.0005174999999999739
24722,0.00047860714285710465
24723,0.0004708928571428065
24724,0.0004753928571428645
24725,0.0004507499999999506
24726,0.00042835714285714184
24727,0.0004554642857142101
24728,0.0004749642857143093
24729,0.0004677857142857432
24730,0.000480107142857124
24731,0.0004736785714286437
24732,0.00047485714285713245
24733,0.00048364285714289475
24734,0.0004655357142857903
24735,0.0004546071428570997
24736,0.00045482142857145345
24737,0.0004410000000000533
24738,0.0004821428571428754
24739,0.0005501785714285644
24740,0.0006054642857143173
24741,0.0006843214285713677
24742,0.0007988571428571995
24743,0.0009764999999999548
24744,0.001149749999999981
24745,0.0012316071428570704
24746,0.0013026428571427978
24747,0.0013199999999999688
24748,0.001085142857142886
24749,0.000711000000000033
24750,0.0003973928571429245
24751,0.00026335714285714574
24752,0.00024214285714282572
24753,0.0002114999999999867
24754,0.0001910357142857525
24755,0.00021846428571435135
24756,0.00027899999999994357
24757,0.00034371428571421553
24758,0.0003943928571428858
24759,0.00042449999999999275
24760,0.00047935714285719046
24761,0.0005402142857143133
24762,0.0005254285714286259
24763,0.0005106428571427862
24764,0.000510214285714231
24765,0.0005258571428571811
24766,0.0005399999999999596
24767,0.0005606785714285475
24768,0.0005635714285714093
24769,0.0005428928571428214
24770,0.0005466428571427937
24771,0.000572142857142818
24772,0.0005724642857143485
24773,0.0005584285714285946
24774,0.0005857500000000166
24775,0.0005910000000000082
24776,0.0006169285714285877
24777,0.0006231428571428666
24778,0.0006248571428570874
24779,0.0006635357142857551
24780,0.0006545357142856391
24781,0.0006338571428572034
24782,0.0006293571428571454
24783,0.0006441428571428328
24784,0.0006715714285714317
24785,0.00067371428571436
24786,0.0006671785714285506
24787,0.0006630000000000231
24788,0.0006657857142857081
24789,0.0006817500000000365
24790,0.0007100357142857458
24791,0.0007088571428571047
24792,0.0007199999999999968
24793,0.0007643571428572114
24794,0.0007692857142856724
24795,0.0007624285714286368
24796,0.0007915714285714566
24797,0.0008067857142856992
24798,0.0007958571428571609
24799,0.0008017500000000613
24800,0.0008089285714286275
24801,0.000841500000000041
24802,0.0008692500000000182
24803,0.0008645357142857587
24804,0.0008569285714286374
24805,0.0008791071428570924
24806,0.000885535714285725
24807,0.0008823214285714849
24808,0.0008705357142856838
24809,0.0008535000000000436
24810,0.000834214285714298
24811,0.0008225357142856739
24812,0.0008588571428572119
24813,0.0008644285714285818
24814,0.0008327142857142788
24815,0.0008190000000000554
24816,0.0008389285714285575
24817,0.0008271428571429088
24818,0.0007825714285714928
24819,0.000732214285714353
24820,0.0007176428571428671
24821,0.0007202142857143506
24822,0.0006896785714285362
24823,0.0006554999999999264
24824,0.000655821428571457
24825,0.0006603214285713627
24826,0.0006344999999999601
24827,0.0005784642857142736
24828,0.0005463214285714152
24829,0.0005101071428572063
24830,0.0004952142857143421
24831,0.0004915714285713944
24832,0.0005132142857142696
24833,0.0005125714285713607
24834,0.0004936071428571458
24835,0.0004937142857143227
24836,0.000490714285714284
24837,0.0004699285714285192
24838,0.00048203571428569853
24839,0.0004986428571427837
24840,0.0004810714285714113
24841,0.00046457142857150304
24842,0.00045000000000001706
24843,0.0004264285714285673
24844,0.00045814285714287044
24845,0.00046875000000003045
24846,0.00045224999999996993
24847,0.0004415357142857853
24848,0.0004469999999999784
24849,0.00045439285714289824
24850,0.0004816071428571433
24851,0.0004988571428571374
24852,0.0005026071428571097
24853,0.0004884642857143311
24854,0.000467357142857188
24855,0.0004729285714285579
24856,0.0004736785714286437
24857,0.00047432142857140036
24858,0.0004852499999999387
24859,0.0005011071428570903
24860,0.0005028214285714633
24861,0.0005072142857143445
24862,0.00046467857142852765
24863,0.00043939285714285705
24864,0.0004961785714286294
24865,0.0005095714285714743
24866,0.0004716428571428923
24867,0.0004605000000000002
24868,0.0004415357142857853
24869,0.00045846428571424876
24870,0.0005131071428570928
24871,0.0004942500000000548
24872,0.00047228571428564893
24873,0.0004763571428571518
24874,0.00048289285714280894
24875,0.0005092499999999437
24876,0.0005071071428571676
24877,0.000507428571428546
24878,0.00050528571428577
24879,0.00047228571428564893
24880,0.00046328571428568514
24881,0.00047903571428565986
24882,0.0004966071428571846
24883,0.0004903928571429057
24884,0.0004894285714286184
24885,0.00047999999999994716
24886,0.00047400000000002204
24887,0.0004853571428571156
24888,0.0004891071428570878
24889,0.00048814285714280053
24890,0.0004765714285713532
24891,0.00048750000000004383
24892,0.000493499999999969
24893,0.00048332142857136415
24894,0.0005162142857143083
24895,0.000531428571428551
24896,0.0005031428571428417
24897,0.00047571428571424287
24898,0.00047410714285719887
24899,0.0005032500000000185
24900,0.0005166428571428635
24901,0.0005301428571428854
24902,0.0005404285714285148
24903,0.0005401071428571365
24904,0.000519214285714347
24905,0.0005038928571429275
24906,0.0004921071428571265
24907,0.0005014285714286208
24908,0.0005224285714285872
24909,0.0005569285714285753
24910,0.0005858571428571935
24911,0.0005784642857142736
24912,0.0005783571428570967
24913,0.0005809285714285802
24914,0.000514714285714289
24915,0.00047903571428565986
24916,0.0005081785714286318
24917,0.000524142857142808
24918,0.000489535714285643
24919,0.0004996071428570709
24920,0.00048750000000004383
24921,0.0004983214285714053
24922,0.0005059285714285267
24923,0.00047914285714283674
24924,0.00046832142857147524
24925,0.00047860714285710465
24926,0.0004958571428570987
24927,0.000513535714285648
24928,0.0005251071428570952
24929,0.0005056071428571484
24930,0.0004952142857143421
24931,0.0004771071428570853
24932,0.00043917857142850334
24933,0.00044967857142863874
24934,0.0005384999999999402
24935,0.0006001071428571489
24936,0.0006714642857142549
24937,0.0007621071428571063
24938,0.0008582142857143031
24939,0.0009567857142856541
24940,0.0010738928571428171
24941,0.0011712857142856794
24942,0.0012069642857143086
24943,0.0011032499999999905
24944,0.0008827500000000401
24945,0.0005896071428571657
24946,0.00039964285714287737
24947,0.00029967857142853155
24948,0.00024642857142853
24949,0.00023774999999994455
24950,0.0002237142857143429
24951,0.00022724999999996142
24952,0.0002555357142856707
24953,0.00031349999999993167
24954,0.00037896428571428944
24955,0.0004474285714285336
24956,0.0005159999999999546
24957,0.0005270357142856698
24958,0.0005491071428571002
24959,0.0005482499999999898
24960,0.0005475000000000563
24961,0.0005598214285714371
24962,0.0005744999999999477
24963,0.0005786785714286274
24964,0.0006093214285714664
24965,0.0006176785714285212
24966,0.0005704285714285971
24967,0.000546535714285769
24968,0.0005633571428572078
24969,0.0005767500000000528
24970,0.000558749999999973
24971,0.0006001071428571489
24972,0.0006649285714285977
24973,0.000645750000000029
24974,0.0006181071428570764
24975,0.0006432857142857224
24976,0.0006643928571428656
24977,0.0006610714285714486
24978,0.000647357142857073
24979,0.0006613928571428269
24980,0.0006754285714285808
24981,0.0007041428571428452
24982,0.0007120714285714972
24983,0.0007205357142857289
24984,0.0007368214285714357
24985,0.0007525714285714104
24986,0.0007522500000000321
24987,0.0007507500000000127
24988,0.0007601785714285317
24989,0.0007721785714285343
24990,0.0007765714285714153
24991,0.0007932857142856774
24992,0.000823071428571406
24993,0.0008122500000000445
24994,0.0007850357142856471
24995,0.0008268214285713782
24996,0.0008329285714286324
24997,0.000826392857142823
24998,0.0008387142857143561
24999,0.0008607857142857865
25000,0.0008553214285714412
25001,0.0008568214285714606
25002,0.000870428571428507
25003,0.0008974285714285507
25004,0.0009072857142857771
25005,0.0008978571428571059
25006,0.0008816785714285759
25007,0.0008672142857142669
25008,0.0008424642857143283
25009,0.0008584285714285045
25010,0.0008499642857142728
25011,0.0007997142857143099
25012,0.0007794642857142772
25013,0.0007593214285714213
25014,0.0007525714285714104
25015,0.0007535357142856977
25016,0.0007138928571428949
25017,0.000686464285714296
25018,0.0006571071428571226
25019,0.0006180000000000519
25020,0.0006254999999999963
25021,0.0006052499999999636
25022,0.0006155357142857452
25023,0.0006217500000000241
25024,0.0005876785714285912
25025,0.0005492142857142771
25026,0.0005218928571428551
25027,0.0005195357142857253
25028,0.0005313214285713741
25029,0.0005455714285714817
25030,0.0005362499999999874
25031,0.0005202857142856589
25032,0.0004816071428571433
25033,0.0004371428571429042
25034,0.000434892857142799
25035,0.0004528928571428789
25036,0.0004883571428571543
25037,0.0004909285714286378
25038,0.0004893214285714415
25039,0.0004939285714285242
25040,0.00047378571428566827
25041,0.0004863214285714029
25042,0.0004915714285713944
25043,0.00047774999999999424
25044,0.00048075000000003296
25045,0.0004816071428571433
25046,0.00047474999999995557
25047,0.0005021785714285545
25048,0.0005126785714285375
25049,0.00046842857142849985
25050,0.00045857142857142565
25051,0.0004629642857143068
25052,0.0004576071428571384
25053,0.00046885714285720733
25054,0.0004861071428572014
25055,0.0004674642857142126
25056,0.00046864285714285356
25057,0.0004944642857142562
25058,0.0004937142857143227
25059,0.0004917857142857482
25060,0.0004896428571428199
25061,0.0005047500000000379
25062,0.0005302500000000622
25063,0.0004965000000000077
25064,0.0004986428571427837
25065,0.0005187857142856395
25066,0.0005003571428571568
25067,0.0004925357142856817
25068,0.0005030357142856649
25069,0.00047999999999994716
25070,0.0005031428571428417
25071,0.0005424642857142661
25072,0.0005227499999999655
25073,0.0004973571428571181
25074,0.0004852499999999387
25075,0.0004719642857142706
25076,0.0004930714285714138
25077,0.00051407142857138
25078,0.0004995000000000463
25079,0.0004891071428570878
25080,0.0004819285714285217
25081,0.00048760714285706844
25082,0.0004927500000000355
25083,0.0004944642857142562
25084,0.0005064642857142588
25085,0.0005203928571428357
25086,0.0005163214285714852
25087,0.0004860000000000245
25088,0.00048375000000007163
25089,0.0004847142857143589
25090,0.0005221071428572089
25091,0.0005608928571429013
25092,0.0005577857142856857
25093,0.0005477142857142577
25094,0.0005256428571428273
25095,0.0005266071428571146
25096,0.0005457857142856832
25097,0.0005517857142857606
25098,0.0004924285714285048
25099,0.0005035714285713969
25100,0.0005849999999999308
25101,0.0005739642857142156
25102,0.0005462142857142385
25103,0.0005696785714285113
25104,0.000583928571428619
25105,0.0005512500000000285
25106,0.0005377500000000066
25107,0.0005301428571428854
25108,0.0005179285714285291
25109,0.00047732142857143903
25110,0.00048021428571430087
25111,0.0005148214285714658
25112,0.000506892857142814
25113,0.00048546428571429246
25114,0.0004863214285714029
25115,0.0005012142857142672
25116,0.0004973571428571181
25117,0.0004755000000000414
25118,0.0004647857142857045
25119,0.0004713214285713617
25120,0.0004656428571428149
25121,0.0004930714285714138
25122,0.0005358214285714322
25123,0.0004933928571427921
25124,0.00045985714285709127
25125,0.000511928571428604
25126,0.0006043928571428532
25127,0.0006934285714285084
25128,0.0007648928571427912
25129,0.0008979642857142828
25130,0.0010265357142857162
25131,0.0010870714285714607
25132,0.0011831785714285052
25133,0.0012444642857143355
25134,0.0011625000000000695
25135,0.0008946428571428657
25136,0.0005463214285714152
25137,0.00033353571428576295
25138,0.0002914285714285013
25139,0.0002695714285714246
25140,0.00021792857142861928
25141,0.00018300000000007595
25142,0.0002013214285713819
25143,0.00027364285714292743
25144,0.0003500357142856712
25145,0.0004085357142856643
25146,0.0004517142857142379
25147,0.00048450000000000516
25148,0.0005012142857142672
25149,0.0005124642857143361
25150,0.0005108571428571399
25151,0.0005189999999999933
25152,0.0005539285714285366
25153,0.0005704285714285971
25154,0.0005576785714285088
25155,0.0005583214285714178
25156,0.0005952857142857125
25157,0.0005882142857143233
25158,0.0006102857142857536
25159,0.0006311785714285431
25160,0.0006032142857142122
25161,0.0005968928571429088
25162,0.0005974285714286407
25163,0.0006197142857142727
25164,0.0006261428571429053
25165,0.0006367500000000652
25166,0.0006640714285714872
25167,0.0006581785714285868
25168,0.0006377142857143525
25169,0.0006623571428571142
25170,0.0006895714285713593
25171,0.000680357142857194
25172,0.0006716785714286085
25173,0.0006698571428572109
25174,0.0006848571428570998
25175,0.0007240714285714996
25176,0.0007212857142856624
25177,0.0007528928571427887
25178,0.0007718571428571558
25179,0.0007434642857142697
25180,0.0007438928571428249
25181,0.0007664999999999875
25182,0.0007821428571427852
25183,0.0008194285714286106
25184,0.0008577857142857479
25185,0.0008693571428571951
25186,0.0008472857142857647
25187,0.0008335714285713891
25188,0.0008593928571427918
25189,0.0008799642857143551
25190,0.0008787857142857141
25191,0.0008852142857143467
25192,0.0008837142857143274
25193,0.0008770714285714933
25194,0.0008615357142857201
25195,0.0009000000000000341
25196,0.0008817857142857528
25197,0.0008453571428571901
25198,0.0008804999999999349
25199,0.0008887499999999652
25200,0.0008647499999999602
25201,0.0008450357142856595
25202,0.0008347500000000301
25203,0.0008282142857142207
25204,0.0007700357142857582
25205,0.0007224642857143035
25206,0.0007032857142857348
25207,0.0006983571428571216
25208,0.0006774642857143322
25209,0.0006606428571428934
25210,0.0006252857142856426
25211,0.0006191785714285406
25212,0.0006331071428571177
25213,0.0006077142857142701
25214,0.0005785714285714505
25215,0.0005694642857143098
25216,0.0005497500000000092
25217,0.0005482499999999898
25218,0.0005267142857142915
25219,0.0004945714285714331
25220,0.0004723928571428258
25221,0.00047528571428568766
25222,0.0004929642857142369
25223,0.000504642857142861
25224,0.0005134285714286234
25225,0.0004630714285714837
25226,0.0004024285714285623
25227,0.00040821428571428595
25228,0.00048364285714289475
25229,0.0004991785714285157
25230,0.00048289285714280894
25231,0.0004818214285714971
25232,0.00046960714285714086
25233,0.00046799999999994464
25234,0.0004708928571428065
25235,0.0004354285714285311
25236,0.0004476428571428873
25237,0.0005017499999999993
25238,0.0004843928571428283
25239,0.0004808571428572098
25240,0.00048075000000003296
25241,0.0004725000000000027
25242,0.0004809642857142344
25243,0.00048428571428565145
25244,0.0004662857142857238
25245,0.00045342857142861094
25246,0.0004277142857142329
25247,0.0004268571428571225
25248,0.00048203571428569853
25249,0.0005262857142857363
25250,0.0005121428571428055
25251,0.0005065714285714355
25252,0.0005107499999999631
25253,0.0005066785714286124
25254,0.0005120357142857809
25255,0.0004937142857143227
25256,0.00046403571428577095
25257,0.0004579285714285167
25258,0.0004821428571428754
25259,0.0005198571428571037
25260,0.0005334642857143024
25261,0.0004796785714285688
25262,0.0004414285714286085
25263,0.000450642857142926
25264,0.0004960714285714525
25265,0.0005125714285713607
25266,0.0005146071428571121
25267,0.0004957500000000741
25268,0.00046928571428576254
25269,0.0004751785714285108
25270,0.0005061428571428804
25271,0.0005113928571428719
25272,0.0004891071428570878
25273,0.0004780714285713726
25274,0.0004806428571428561
25275,0.000496821428571386
25276,0.00048589285714284767
25277,0.00046242857142857473
25278,0.00048407142857144996
25279,0.0005016428571428224
25280,0.0004818214285714971
25281,0.0004848214285713835
25282,0.0004856785714286462
25283,0.0004983214285714053
25284,0.0005183571428570843
25285,0.0005396785714285812
25286,0.0005340000000000344
25287,0.0005646428571428735
25288,0.0005309999999999958
25289,0.0005139642857143555
25290,0.0005290714285714212
25291,0.0005196428571429022
25292,0.0005196428571429022
25293,0.0005409642857142469
25294,0.0005678571428571137
25295,0.000573857142857191
25296,0.0005541428571428903
25297,0.0005378571428571835
25298,0.0005516785714285837
25299,0.0005522142857143158
25300,0.0005174999999999739
25301,0.00048407142857144996
25302,0.00043896428571430185
25303,0.00045364285714281243
25304,0.0004916785714285713
25305,0.0004958571428570987
25306,0.0004954285714285435
25307,0.0004943571428570794
25308,0.0004936071428571458
25309,0.0005091428571429191
25310,0.0004992857142856926
25311,0.00046285714285712994
25312,0.00045835714285707193
25313,0.0004776428571428174
25314,0.00046960714285714086
25315,0.0004453928571427822
25316,0.00044871428571435144
25317,0.0005012142857142672
25318,0.0005585357142857715
25319,0.0006336428571428497
25320,0.0007535357142856977
25321,0.0008918571428571808
25322,0.001044428571428619
25323,0.0011603571428571411
25324,0.00123578571428575
25325,0.0013046785714285493
25326,0.0012744642857142655
25327,0.0010198928571428822
25328,0.0006328928571429161
25329,0.0003872142857143197
25330,0.00032967857142861387
25331,0.0002863928571428634
25332,0.0002056071428570862
25333,0.00016842857142859
25334,0.00024321428571428985
25335,0.0003054642857142552
25336,0.00035228571428577634
25337,0.0004210714285713989
25338,0.0004778571428571711
25339,0.000487392857142867
25340,0.0004908214285714609
25341,0.0005170714285714187
25342,0.0005389285714284954
25343,0.0005356071428570784
25344,0.0005346428571427911
25345,0.0005417142857143326
25346,0.0005332499999999487
25347,0.0005098928571428526
25348,0.0005113928571428719
25349,0.0005750357142856798
25350,0.0006081428571428254
25351,0.0006085714285713806
25352,0.0005957142857142677
25353,0.0005856428571428397
25354,0.0006010714285714362
25355,0.000617249999999966
25356,0.0006099642857142231
25357,0.0006009642857142593
25358,0.00058328571428571
25359,0.000610607142857132
25360,0.0006390000000000181
25361,0.000654642857142816
25362,0.0006489642857142692
25363,0.0006380357142857308
25364,0.0006421071428570815
25365,0.0006418928571428799
25366,0.0006888214285714258
25367,0.0007153928571429142
25368,0.0006979285714285665
25369,0.0007277142857142951
25370,0.0007629642857142167
25371,0.0007435714285714466
25372,0.0007474285714285957
25373,0.0007733571428571752
25374,0.0007781785714286116
25375,0.000800250000000042
25376,0.0007977857142857353
25377,0.000803571428571459
25378,0.000815785714285663
25379,0.0008099999999999393
25380,0.0008458928571429222
25381,0.0008718214285715017
25382,0.000860357142857079
25383,0.0008553214285714412
25384,0.0008495357142857176
25385,0.0008942142857143104
25386,0.000902249999999987
25387,0.0008571428571428389
25388,0.0008628214285713857
25389,0.0008674285714286205
25390,0.0008558571428571733
25391,0.0008227500000000277
25392,0.0008470714285714109
25393,0.0008551071428570875
25394,0.0008387142857143561
25395,0.0007960714285713623
25396,0.0007440000000000018
25397,0.000723214285714237
25398,0.0007173214285714888
25399,0.0006811071428571275
25400,0.0006534642857143273
25401,0.0006401785714285069
25402,0.000644035714285656
25403,0.0006337500000000265
25404,0.0006094285714286433
25405,0.0005731071428571052
25406,0.0005228571428571424
25407,0.0004978928571428502
25408,0.0005239285714286065
25409,0.0005450357142857497
25410,0.00048814285714280053
25411,0.00046350000000003886
25412,0.00048814285714280053
25413,0.0004957500000000741
25414,0.0004988571428571374
25415,0.0004631785714285083
25416,0.00043992857142858915
25417,0.00044357142857138446
25418,0.0004371428571429042
25419,0.0004369285714285504
25420,0.00046532142857143657
25421,0.0004878214285714222
25422,0.0004672500000000111
25423,0.0004569642857142294
25424,0.0004559999999999422
25425,0.00044507142857140385
25426,0.0004212857142857526
25427,0.00045525000000000865
25428,0.0004655357142857903
25429,0.0004657499999999918
25430,0.0004609285714285554
25431,0.0004623214285713979
25432,0.00045942857142853606
25433,0.0004417499999999868
25434,0.0004234285714285286
25435,0.00045857142857142565
25436,0.0005023928571429081
25437,0.0004865357142857566
25438,0.000460071428571445
25439,0.00047099999999998337
25440,0.00048589285714284767
25441,0.00047474999999995557
25442,0.0004354285714285311
25443,0.00042449999999999275
25444,0.00046896428571423194
25445,0.0004981071428572038
25446,0.0004759285714285966
25447,0.0004704642857142513
25448,0.00044839285714282084
25449,0.00046403571428577095
25450,0.0004891071428570878
25451,0.000462214285714221
25452,0.0004559999999999422
25453,0.0004806428571428561
25454,0.00048246428571425374
25455,0.00047860714285710465
25456,0.0004770000000000607
25457,0.0004699285714285192
25458,0.0004571785714285832
25459,0.00048321428571433954
25460,0.0005133214285714465
25461,0.0005151428571428442
25462,0.00048428571428565145
25463,0.00047324999999993623
25464,0.0004669285714286328
25465,0.00045471428571427656
25466,0.0004459285714285142
25467,0.00044871428571435144
25468,0.0004821428571428754
25469,0.0004958571428570987
25470,0.0004943571428570794
25471,0.00046242857142857473
25472,0.0004361785714286169
25473,0.00042932142857142914
25474,0.0004462500000000448
25475,0.0005050714285714163
25476,0.000517392857142797
25477,0.000486214285714226
25478,0.00048075000000003296
25479,0.0004557857142857407
25480,0.00043510714285715276
25481,0.00047057142857142816
25482,0.0005277857142857556
25483,0.0005211428571429216
25484,0.0005225357142857641
25485,0.0005098928571428526
25486,0.0005191071428571702
25487,0.0005123571428571592
25488,0.000507964285714278
25489,0.0005421428571428878
25490,0.0005567142857142215
25491,0.0005488928571428988
25492,0.0005404285714285148
25493,0.0005480357142857884
25494,0.0005734285714286358
25495,0.0005478214285714346
25496,0.0005236071428570759
25497,0.0005209285714285678
25498,0.0004899642857143505
25499,0.0004736785714286437
25500,0.00046532142857143657
25501,0.00046789285714292003
25502,0.0004992857142856926
25503,0.0005037857142857506
25504,0.0004755000000000414
25505,0.0004517142857142379
25506,0.00044507142857140385
25507,0.00045771428571431523
25508,0.0004924285714285048
25509,0.00048332142857136415
25510,0.0004753928571428645
25511,0.000470678571428605
25512,0.00046885714285720733
25513,0.0004612499999999337
25514,0.00044957142857146186
25515,0.00046285714285712994
25516,0.0005174999999999739
25517,0.0006369642857142668
25518,0.0008030357142857269
25519,0.0009591428571427839
25520,0.0011220000000000039
25521,0.0012647142857142159
25522,0.0013101428571428947
25523,0.0013492499999999653
25524,0.0012436071428570728
25525,0.0009308571428570746
25526,0.0005718214285714395
25527,0.00034296428571428195
25528,0.00030900000000002594
25529,0.0002918571428572087
25530,0.00023603571428572375
25531,0.00021246428571427398
25532,0.00026882142857149105
25533,0.00033450000000005025
25534,0.0003828214285714385
25535,0.00042353571428570546
25536,0.0004749642857143093
25537,0.0005035714285713969
25538,0.0005232857142856976
25539,0.0005395714285714044
25540,0.0005569285714285753
25541,0.0005454642857143048
25542,0.000517392857142797
25543,0.0005044285714285073
25544,0.0005126785714285375
25545,0.0005506071428571195
25546,0.0006030000000000106
25547,0.0006103928571429305
25548,0.0005887500000000553
25549,0.0005767500000000528
25550,0.0005615357142856579
25551,0.0005778214285713647
25552,0.0006024642857142786
25553,0.0006175714285714967
25554,0.0006293571428571454
25555,0.0006350357142856922
25556,0.0006252857142856426
25557,0.0006041785714284994
25558,0.0006324642857143609
25559,0.0006677142857142826
25560,0.0006783214285714426
25561,0.0006717857142857854
25562,0.0006477857142857805
25563,0.0006283928571428581
25564,0.000671999999999987
25565,0.0007257857142857205
25566,0.0007452857142856674
25567,0.0007681071428571836
25568,0.0007592142857142445
25569,0.0007194642857142648
25570,0.0007401428571428527
25571,0.0008047499999999478
25572,0.0008334642857142123
25573,0.0008133214285713563
25574,0.0007960714285713623
25575,0.0008216785714285635
25576,0.0008501785714286265
25577,0.0008840357142857057
25578,0.0008992499999999483
25579,0.0008946428571428657
25580,0.0008893928571428741
25581,0.0008936785714285784
25582,0.000887678571428501
25583,0.0008593928571427918
25584,0.0008706428571428607
25585,0.0008832857142857722
25586,0.0008794285714286231
25587,0.0008506071428571817
25588,0.0008419285714285962
25589,0.0008581071428571262
25590,0.0008588571428572119
25591,0.0008292857142856848
25592,0.0008147142857143511
25593,0.0008128928571428011
25594,0.0007866428571428433
25595,0.0007619999999999294
25596,0.0007626428571428384
25597,0.0007292142857143144
25598,0.0006901071428570914
25599,0.0006718928571428101
25600,0.0006492857142856475
25601,0.0006319285714286288
25602,0.0006159642857143004
25603,0.0006001071428571489
25604,0.0005731071428571052
25605,0.0005530714285714262
25606,0.0005497500000000092
25607,0.0005372142857142747
25608,0.0005386071428571171
25609,0.0005097857142856758
25610,0.0005050714285714163
25611,0.00048407142857144996
25612,0.0004729285714285579
25613,0.0004900714285713751
25614,0.0004973571428571181
25615,0.00048278571428578434
25616,0.000460071428571445
25617,0.0004626428571429285
25618,0.00044528571428575757
25619,0.00043242857142864464
25620,0.0004727142857143564
25621,0.00047260714285717953
25622,0.0004549285714286303
25623,0.00045889285714280397
25624,0.00048375000000007163
25625,0.0004818214285714971
25626,0.0004508571428571275
25627,0.00045857142857142565
25628,0.00045428571428572136
25629,0.00043885714285712496
25630,0.00047903571428565986
25631,0.0005134285714286234
25632,0.0005131071428570928
25633,0.0004853571428571156
25634,0.0004806428571428561
25635,0.0004924285714285048
25636,0.0004958571428570987
25637,0.0004904999999999302
25638,0.000496821428571386
25639,0.0005162142857143083
25640,0.0005311071428571727
25641,0.0005013214285714441
25642,0.0004953214285713666
25643,0.0004911428571428392
25644,0.00047400000000002204
25645,0.0005123571428571592
25646,0.0005154642857142226
25647,0.000500785714285712
25648,0.0004990714285714911
25649,0.0004869642857143118
25650,0.0005051785714285931
25651,0.0004944642857142562
25652,0.0004808571428572098
25653,0.0004776428571428174
25654,0.00046392857142859407
25655,0.00047485714285713245
25656,0.0005014285714286208
25657,0.0004978928571428502
25658,0.0004944642857142562
25659,0.0004878214285714222
25660,0.0004831071428571627
25661,0.0004847142857143589
25662,0.0004864285714285797
25663,0.0005156785714285762
25664,0.0005127857142857144
25665,0.0005050714285714163
25666,0.0005340000000000344
25667,0.0005228571428571424
25668,0.0005033571428571954
25669,0.0004925357142856817
25670,0.0004904999999999302
25671,0.0004885714285713557
25672,0.0005033571428571954
25673,0.0005224285714285872
25674,0.0005321785714286367
25675,0.0005506071428571195
25676,0.0005252142857142721
25677,0.000515250000000021
25678,0.0004936071428571458
25679,0.0005050714285714163
25680,0.0005325000000000151
25681,0.000521357142857123
25682,0.0005010000000000656
25683,0.0005291785714285981
25684,0.0005766428571428759
25685,0.0005327142857142166
25686,0.0005059285714285267
25687,0.0005203928571428357
25688,0.0005635714285714093
25689,0.0005777142857143401
25690,0.0005689285714285778
25691,0.0005752500000000335
25692,0.0005585357142857715
25693,0.0005572499999999536
25694,0.0005518928571427851
25695,0.0005384999999999402
25696,0.0005382857142857387
25697,0.0005275714285714019
25698,0.0005106428571427862
25699,0.0005059285714285267
25700,0.0005139642857143555
25701,0.0004911428571428392
25702,0.0005015357142856455
25703,0.000531428571428551
25704,0.0005139642857143555
25705,0.0005010000000000656
25706,0.0004965000000000077
25707,0.0005082857142856564
25708,0.0005004642857143336
25709,0.0005012142857142672
25710,0.00048814285714280053
25711,0.0004666071428571022
25712,0.00046585714285716866
25713,0.0005118214285714271
25714,0.0005583214285714178
25715,0.0006234642857142449
25716,0.0007561071428571812
25717,0.0009062142857143129
25718,0.0010583571428571961
25719,0.00122839285714283
25720,0.001355142857142866
25721,0.0014081785714285136
25722,0.0013758214285714539
25723,0.0011240357142857553
25724,0.0007573928571428468
25725,0.00046350000000003886
25726,0.00033664285714282623
25727,0.0002750357142857699
25728,0.00020571428571426306
25729,0.00019446428571434637
25730,0.00028457142857146576
25731,0.00035946428571434247
25732,0.00041882142857144596
25733,0.00045396428571434303
25734,0.0004464642857142463
25735,0.0004374642857142825
25736,0.0005169642857142418
25737,0.0005611071428571027
25738,0.0005689285714285778
25739,0.0005704285714285971
25740,0.0005556428571429097
25741,0.0005550000000000007
25742,0.0005755714285714118
25743,0.0005914285714285634
25744,0.0006116785714285961
25745,0.0006057857142856957
25746,0.0006043928571428532
25747,0.0006127500000000603
25748,0.0006103928571429305
25749,0.0005788928571428288
25750,0.0005922857142856738
25751,0.0006378214285713772
25752,0.0006548571428571697
25753,0.0006622499999999373
25754,0.0006392142857142196
25755,0.0006310714285713662
25756,0.0006377142857143525
25757,0.0006268928571428388
25758,0.0006409285714285927
25759,0.0006818571428572134
25760,0.0007258928571428974
25761,0.0007150714285713836
25762,0.0006885000000000474
25763,0.0007172142857143119
25764,0.0007542857142857835
25765,0.0007631785714285704
25766,0.0007710000000000454
25767,0.0007761428571428601
25768,0.0007683214285713851
25769,0.0007607142857142638
25770,0.0007805357142857413
25771,0.0008271428571429088
25772,0.0008338928571429197
25773,0.0008134285714285332
25774,0.0008696785714285734
25775,0.0009092142857143517
25776,0.0009084642857142658
25777,0.0008784642857143358
25778,0.0008750357142857419
25779,0.0009164999999999423
25780,0.0009248571428571495
25781,0.0009023571428571638
25782,0.0009011785714285229
25783,0.0009237857142856854
25784,0.0009086785714286196
25785,0.0008976428571429043
25786,0.0008937857142857552
25787,0.0008946428571428657
25788,0.000894428571428512
25789,0.0008660357142857781
25790,0.0008334642857142123
25791,0.0008028214285713733
25792,0.000795749999999984
25793,0.0007963928571428929
25794,0.0007658571428570785
25795,0.0007555714285714491
25796,0.0007573928571428468
25797,0.0007000714285714947
25798,0.0006622499999999373
25799,0.0006679285714286363
25800,0.0006264642857142836
25801,0.0005766428571428759
25802,0.0005860714285713949
25803,0.0006331071428571177
25804,0.0006019285714285466
25805,0.0005689285714285778
25806,0.0005399999999999596
25807,0.0005201785714286343
25808,0.0005105357142857615
25809,0.0005216785714285013
25810,0.0005177142857143277
25811,0.0005149285714286427
25812,0.0005080714285714549
25813,0.0005117142857142502
25814,0.0004981071428572038
25815,0.0004623214285713979
25816,0.00044453571428567176
25817,0.00048503571428573725
25818,0.0005222142857142334
25819,0.0005222142857142334
25820,0.0004997142857142478
25821,0.0004939285714285242
25822,0.00047817857142854945
25823,0.0004610357142857323
25824,0.000466714285714279
25825,0.00047860714285710465
25826,0.0005215714285714768
25827,0.0005208214285713909
25828,0.0005065714285714355
25829,0.0004911428571428392
25830,0.00047871428571428154
25831,0.0004925357142856817
25832,0.0005095714285714743
25833,0.0005237142857142528
25834,0.0005421428571428878
25835,0.0005356071428570784
25836,0.0005141785714285569
25837,0.0005167500000000404
25838,0.0005002499999999799
25839,0.00046446428571432616
25840,0.0004729285714285579
25841,0.0005461071428572138
25842,0.000552642857142871
25843,0.0005291785714285981
25844,0.0005014285714286208
25845,0.0004928571428572123
25846,0.0005309999999999958
25847,0.0005202857142856589
25848,0.0005454642857143048
25849,0.0005661428571428929
25850,0.0005260714285713825
25851,0.0004962857142856539
25852,0.0005032500000000185
25853,0.0005174999999999739
25854,0.0005239285714286065
25855,0.0005136428571428248
25856,0.0005198571428571037
25857,0.0005031428571428417
25858,0.0005080714285714549
25859,0.0005064642857142588
25860,0.0004996071428570709
25861,0.0005205000000000126
25862,0.0005139642857143555
25863,0.000504107142857129
25864,0.0005373214285714514
25865,0.0005330357142857471
25866,0.0005214642857142999
25867,0.0005197499999999268
25868,0.0005437499999999318
25869,0.0005358214285714322
25870,0.0005279999999999571
25871,0.0005015357142856455
25872,0.0004927500000000355
25873,0.000533142857142924
25874,0.0005522142857143158
25875,0.000551999999999962
25876,0.0005263928571429132
25877,0.0005106428571427862
25878,0.000542571428571443
25879,0.0005762142857143207
25880,0.0005588571428571498
25881,0.0005198571428571037
25882,0.0005098928571428526
25883,0.0005346428571427911
25884,0.0005394642857142275
25885,0.0005532857142857799
25886,0.0005716071428570859
25887,0.0005776071428571632
25888,0.0005733214285714589
25889,0.0005503928571429181
25890,0.0005470714285715011
25891,0.0005725714285713732
25892,0.0005589642857143267
25893,0.0005715000000000612
25894,0.0006238928571428001
25895,0.0006107142857143088
25896,0.0006032142857142122
25897,0.0005921785714284969
25898,0.0005725714285713732
25899,0.0005582142857142409
25900,0.0005424642857142661
25901,0.000535928571428609
25902,0.0005356071428570784
25903,0.0005530714285714262
25904,0.0005376428571428298
25905,0.000528107142857134
25906,0.0005325000000000151
25907,0.0005239285714286065
25908,0.0005315357142857279
25909,0.0005242499999999849
25910,0.0005209285714285678
25911,0.0005352857142857001
25912,0.0005593928571428819
25913,0.0005706428571427986
25914,0.0005545714285714455
25915,0.0005356071428570784
25916,0.0005288571428570675
25917,0.0005327142857142166
25918,0.0005622857142857438
25919,0.0006101785714285768
25920,0.0006747857142856719
25921,0.0007983214285714674
25922,0.0009677142857143447
25923,0.0011240357142857553
25924,0.001253142857142921
25925,0.0013213928571428114
25926,0.0013319999999999712
25927,0.0012276428571428965
25928,0.0009475714285714889
25929,0.0006270000000000157
25930,0.0004158214285714073
25931,0.0003478928571428952
25932,0.0003092142857142274
25933,0.0002607857142856623
25934,0.00022950000000006656
25935,0.0002719285714285543
25936,0.0003567857142856821
25937,0.0004356428571428848
25938,0.0004733571428571131
25939,0.0004959642857142756
25940,0.0005256428571428273
25941,0.0005508214285714733
25942,0.0005565000000000201
25943,0.0005756785714285887
25944,0.0005907857142856544
25945,0.000606107142857074
25946,0.0006008571428570824
25947,0.000603321428571389
25948,0.0006138214285713721
25949,0.0006340714285714049
25950,0.0006467142857143163
25951,0.0006336428571428497
25952,0.0006498214285713796
25953,0.0006592500000000509
25954,0.0006639642857143104
25955,0.0006676071428571058
25956,0.0006735000000000062
25957,0.0006666428571428185
25958,0.0006590357142856972
25959,0.0006762857142856912
25960,0.0006920357142856659
25961,0.000699214285714232
25962,0.0007086428571429033
25963,0.0007056428571428646
25964,0.0007342499999999522
25965,0.0007524642857142335
25966,0.0007335000000000186
25967,0.0007241785714285243
25968,0.0007342499999999522
25969,0.0007551428571428939
25970,0.000795749999999984
25971,0.0008095714285713841
25972,0.0008043214285713926
25973,0.0007802142857142107
25974,0.0007959642857143377
25975,0.0008453571428571901
25976,0.0008546785714285323
25977,0.0008449285714286349
25978,0.0008546785714285323
25979,0.0008738571428571008
25980,0.0008740714285714546
25981,0.0008971071428571723
25982,0.0009099642857142852
25983,0.0009255000000000584
25984,0.0009399642857142153
25985,0.0009350357142857543
25986,0.0009312857142857821
25987,0.0009226071428571967
25988,0.0009172500000000282
25989,0.0009024642857143407
25990,0.0009188571428570721
25991,0.0009533571428572124
25992,0.0009322500000000693
25993,0.0009046071428571167
25994,0.00090953571428573
25995,0.0009131785714285253
25996,0.0008804999999999349
25997,0.0008213571428571852
25998,0.00078171428571423
25999,0.0007882500000000396
26000,0.0007798928571428324
26001,0.0007602857142857086
26002,0.0007457142857142226
26003,0.0007324285714285546
26004,0.0007011428571428066
26005,0.0006588214285714956
26006,0.000665249999999976
26007,0.0006438214285714545
26008,0.000611142857142864
26009,0.0006177857142856981
26010,0.000580500000000025
26011,0.0005531785714286031
26012,0.0005672142857143569
26013,0.0005578928571428626
26014,0.0005689285714285778
26015,0.0005360357142857858
26016,0.0005197499999999268
26017,0.0005361428571428105
26018,0.0005479285714286115
26019,0.0005434285714285534
26020,0.0005083928571428333
26021,0.0005078571428571012
26022,0.0005329285714285703
26023,0.00052467857142854
26024,0.0005093571428571206
26025,0.0005416071428571557
26026,0.0005729999999999284
26027,0.0005548928571428239
26028,0.0005348571428571449
26029,0.0005080714285714549
26030,0.0004939285714285242
26031,0.0005366785714285426
26032,0.0005624999999999452
26033,0.000563785714285763
26034,0.0005636785714285862
26035,0.0005508214285714733
26036,0.0005470714285715011
26037,0.0005409642857142469
26038,0.0005463214285714152
26039,0.0005398928571427827
26040,0.000531428571428551
26041,0.000525964285714358
26042,0.0005420357142857109
26043,0.0005851071428571077
26044,0.0005711785714285307
26045,0.0005461071428572138
26046,0.0005334642857143024
26047,0.0005300357142857085
26048,0.0005372142857142747
26049,0.0005304642857142637
26050,0.0005542500000000672
26051,0.0005690357142857546
26052,0.0005461071428572138
26053,0.00054589285714286
26054,0.0005673214285713816
26055,0.000563785714285763
26056,0.0005577857142856857
26057,0.0005556428571429097
26058,0.0005634642857142325
26059,0.0005397857142857581
26060,0.0005242499999999849
26061,0.0005502857142857412
26062,0.0005593928571428819
26063,0.0005312142857143495
26064,0.0005308928571428189
26065,0.0005591785714285282
26066,0.0005556428571429097
26067,0.0005391428571428492
26068,0.0005350714285714986
26069,0.00054589285714286
26070,0.0005573571428571305
26071,0.0005782500000000722
26072,0.0005715000000000612
26073,0.0005553214285713791
26074,0.0005473928571428794
26075,0.0005638928571427877
26076,0.0005717142857142628
26077,0.0005553214285713791
26078,0.0005696785714285113
26079,0.0005675357142857352
26080,0.0005418214285713573
26081,0.0005340000000000344
26082,0.0005434285714285534
26083,0.0005907857142856544
26084,0.0005892857142857874
26085,0.0005479285714286115
26086,0.0005710714285713538
26087,0.0005867142857143039
26088,0.0005862857142857487
26089,0.0006160714285714773
26090,0.0005977500000000191
26091,0.0005953928571428894
26092,0.0005957142857142677
26093,0.0006211071428571151
26094,0.0005943214285714252
26095,0.0005697857142856882
26096,0.0005859642857142181
26097,0.0005742857142857462
26098,0.0005609999999999258
26099,0.0005646428571428735
26100,0.0005442857142856639
26101,0.0005284285714285123
26102,0.0005244642857143386
26103,0.0005524285714285172
26104,0.0005688214285714009
26105,0.0005515714285714068
26106,0.0005277857142857556
26107,0.0005106428571427862
26108,0.0005283214285714877
26109,0.0005365714285713657
26110,0.0005441785714286393
26111,0.000563785714285763
26112,0.0005532857142857799
26113,0.0005257500000000042
26114,0.0005689285714285778
26115,0.0006315000000000736
26116,0.0006842142857143431
26117,0.000768428571428562
26118,0.0008575714285713941
26119,0.0009952499999999682
26120,0.0011315357142856997
26121,0.0012101785714285487
26122,0.0012439285714286033
26123,0.001199464285714212
26124,0.0009738214285714467
26125,0.0006780000000000643
26126,0.0004556785714285638
26127,0.00033417857142851965
26128,0.00029217857142858705
26129,0.0002800714285714077
26130,0.0002695714285714246
26131,0.0002659285714286292
26132,0.00028500000000002097
26133,0.00037349999999994413
26134,0.00045000000000001706
26135,0.00049467857142861
26136,0.0005399999999999596
26137,0.0005678571428571137
26138,0.0005750357142856798
26139,0.0005816785714285137
26140,0.000579321428571384
26141,0.0005633571428572078
26142,0.0005767500000000528
26143,0.0006060000000000493
26144,0.0005852142857142845
26145,0.0005984999999999527
26146,0.0006232500000000434
26147,0.0006136071428571707
26148,0.000590571428571453
26149,0.0006660000000000618
26150,0.0006964285714285471
26151,0.0006643928571428656
26152,0.0006712500000000533
26153,0.0006877499999999616
26154,0.000686464285714296
26155,0.0006684642857142162
26156,0.000673071428571451
26157,0.0006935357142856853
26158,0.0006939642857142405
26159,0.0006682500000000146
26160,0.0007024285714286244
26161,0.0007274999999999413
26162,0.000717750000000044
26163,0.0007284642857142286
26164,0.0007587857142856893
26165,0.0007571785714286453
26166,0.0007426071428571593
26167,0.0007707857142856918
26168,0.000813642857142887
26169,0.0007992857142857547
26170,0.0008134285714285332
26171,0.0008285357142857512
26172,0.0008186785714285248
26173,0.0008322857142857236
26174,0.0008353928571427868
26175,0.0008419285714285962
26176,0.0008614285714285432
26177,0.0008667857142857116
26178,0.0008901428571428077
26179,0.0009198214285713594
26180,0.0009243214285714174
26181,0.0009100714285714621
26182,0.0009061071428571361
26183,0.0009153214285714536
26184,0.0009063214285714898
26185,0.0008818928571429297
26186,0.0008936785714285784
26187,0.000912214285714238
26188,0.0009217499999999339
26189,0.0008884285714285869
26190,0.0008520000000000242
26191,0.0008466428571428557
26192,0.0008323928571429003
26193,0.0008050714285714784
26194,0.0008139642857142653
26195,0.0007715357142857775
26196,0.0007493571428571703
26197,0.0007309285714285352
26198,0.0006787499999999978
26199,0.0006467142857143163
26200,0.0006451071428571201
26201,0.0006356785714286011
26202,0.0006134999999999938
26203,0.0006068571428571597
26204,0.0006099642857142231
26205,0.0005818928571428675
26206,0.000573214285714282
26207,0.0005595000000000588
26208,0.000536464285714341
26209,0.0005153571428571979
26210,0.0005222142857142334
26211,0.000528642857142866
26212,0.0005210357142857447
26213,0.0004988571428571374
26214,0.0004886785714285326
26215,0.0004775357142856405
26216,0.0004911428571428392
26217,0.000480107142857124
26218,0.00047828571428572633
26219,0.0005138571428571786
26220,0.0005345357142857665
26221,0.0005010000000000656
26222,0.00047914285714283674
26223,0.0004998214285714247
26224,0.0005116071428570735
26225,0.0005062500000000572
26226,0.0005067857142857893
26227,0.0005031428571428417
26228,0.000498000000000027
26229,0.0004999285714286016
26230,0.0005034642857142201
26231,0.0004992857142856926
26232,0.0005155714285713994
26233,0.0005128928571428913
26234,0.0004972499999999412
26235,0.000507428571428546
26236,0.0005290714285714212
26237,0.0005358214285714322
26238,0.0005143928571429106
26239,0.0005026071428571097
26240,0.0005194285714285485
26241,0.0004989642857143143
26242,0.0004978928571428502
26243,0.000511928571428604
26244,0.0005429999999999982
26245,0.0005442857142856639
26246,0.0005449285714285728
26247,0.0005466428571427937
26248,0.0005381785714285619
26249,0.0005357142857142553
26250,0.0005121428571428055
26251,0.0004955357142857204
26252,0.0004847142857143589
26253,0.0004971428571429165
26254,0.0005502857142857412
26255,0.0005630357142856773
26256,0.0005410714285714237
26257,0.000528107142857134
26258,0.0005317499999999293
26259,0.0005252142857142721
26260,0.0005206071428571895
26261,0.0005093571428571206
26262,0.0005282142857143108
26263,0.0005136428571428248
26264,0.0005218928571428551
26265,0.0005500714285713875
26266,0.0005439642857142855
26267,0.0005222142857142334
26268,0.0005341071428572113
26269,0.000552642857142871
26270,0.0005393571428572029
26271,0.0005260714285713825
26272,0.0005108571428571399
26273,0.0005441785714286393
26274,0.0005836071428570883
26275,0.0005485714285713681
26276,0.0005437499999999318
26277,0.0005696785714285113
26278,0.0005761071428571439
26279,0.0005871428571428591
26280,0.0005794285714285609
26281,0.0005315357142857279
26282,0.0005208214285713909
26283,0.0005394642857142275
26284,0.0005700000000000419
26285,0.0006109285714285104
26286,0.0006148928571428363
26287,0.0006133928571428169
26288,0.0006231428571428666
26289,0.0006181071428570764
26290,0.0005854285714286383
26291,0.000543214285714352
26292,0.0005063571428570819
26293,0.0004966071428571846
26294,0.00054589285714286
26295,0.0005603571428571692
26296,0.000525964285714358
26297,0.0005346428571427911
26298,0.0005499642857142107
26299,0.0005352857142857001
26300,0.000507428571428546
26301,0.0004984285714285822
26302,0.0005033571428571954
26303,0.0005254285714286259
26304,0.0005532857142857799
26305,0.0005435357142857303
26306,0.0005298214285713547
26307,0.0005227499999999655
26308,0.000517392857142797
26309,0.000550928571428498
26310,0.0005959285714286215
26311,0.0006692142857143019
26312,0.0007647857142857666
26313,0.0008882142857142331
26314,0.0010345714285713928
26315,0.001160464285714318
26316,0.001268571428571365
26317,0.0013370357142857615
26318,0.0013357499999999435
26319,0.0011455714285714537
26320,0.0008101071428571162
26321,0.0005026071428571097
26322,0.00034510714285721026
26323,0.0003126428571428213
26324,0.00026828571428575896
26325,0.00023903571428576242
26326,0.00026292857142859054
26327,0.00032967857142861387
26328,0.00039450000000006266
26329,0.00043810714285719143
26330,0.0004753928571428645
26331,0.0004989642857143143
26332,0.0005162142857143083
26333,0.0005577857142856857
26334,0.0005902500000000747
26335,0.0005953928571428894
26336,0.000576535714285699
26337,0.0005815714285714892
26338,0.0006054642857143173
26339,0.0006094285714286433
26340,0.0005835000000000638
26341,0.0006025714285714554
26342,0.0006180000000000519
26343,0.0006406071428572143
26344,0.0006560357142856584
26345,0.0006190714285713637
26346,0.0006380357142857308
26347,0.0006630000000000231
26348,0.0006671785714285506
26349,0.0006717857142857854
26350,0.0006630000000000231
26351,0.0006727500000000727
26352,0.0006741428571429152
26353,0.0006747857142856719
26354,0.0006885000000000474
26355,0.0007038214285714669
26356,0.0006933214285714837
26357,0.0006934285714285084
26358,0.0007267500000000078
26359,0.0007489285714286151
26360,0.0007428214285713608
26361,0.000747749999999974
26362,0.0007501071428571038
26363,0.0007423928571428055
26364,0.0007779642857142578
26365,0.0007961785714285392
26366,0.0008127857142857766
26367,0.0008398928571428448
26368,0.0008739642857142777
26369,0.0008751428571429187
26370,0.0008695714285713966
26371,0.0008495357142857176
26372,0.0008431071428570849
26373,0.0008929285714286448
26374,0.000926249999999992
26375,0.0009221785714286414
26376,0.0009363214285714199
26377,0.000950785714285729
26378,0.0009249642857143263
26379,0.0009143571428571664
26380,0.0009127499999999701
26381,0.0009204642857142683
26382,0.0009137142857142574
26383,0.0008845714285714378
26384,0.0008757857142856754
26385,0.000882857142857217
26386,0.0008533928571428667
26387,0.0008222142857142956
26388,0.0008154642857142846
26389,0.000795107142857075
26390,0.0007719642857143327
26391,0.0007465714285714853
26392,0.0007256785714285436
26393,0.0007248214285714332
26394,0.0006805714285713955
26395,0.0006462857142857611
26396,0.0006377142857143525
26397,0.0006439285714286314
26398,0.0006018214285713697
26399,0.0005654999999999839
26400,0.0005516785714285837
26401,0.0005341071428572113
26402,0.0005575714285714843
26403,0.0005630357142856773
26404,0.0005439642857142855
26405,0.0005308928571428189
26406,0.0004851428571429141
26407,0.0004991785714285157
26408,0.0005093571428571206
26409,0.0004944642857142562
26410,0.0005078571428571012
26411,0.0004761428571427981
26412,0.0004729285714285579
26413,0.0005282142857143108
26414,0.0005352857142857001
26415,0.0004778571428571711
26416,0.0004806428571428561
26417,0.0005073214285713692
26418,0.00047560714285721826
26419,0.00048321428571433954
26420,0.0005033571428571954
26421,0.0004931785714285906
26422,0.00046907142857140877
26423,0.0004702500000000498
26424,0.000500142857142803
26425,0.0005019642857143529
26426,0.0004903928571429057
26427,0.0004839642857142731
26428,0.0004982142857142285
26429,0.0005312142857143495
26430,0.0005127857142857144
26431,0.0004805357142856792
26432,0.0004727142857143564
26433,0.0004957500000000741
26434,0.00052467857142854
26435,0.0005126785714285375
26436,0.0004868571428571349
26437,0.0004817142857143202
26438,0.0005233928571428745
26439,0.0005389285714284954
26440,0.0005172857142857725
26441,0.0005083928571428333
26442,0.0005209285714285678
26443,0.000529285714285775
26444,0.0005108571428571399
26445,0.0004852499999999387
26446,0.0004932857142857675
26447,0.0005012142857142672
26448,0.0005179285714285291
26449,0.0005367857142857195
26450,0.0005142857142857338
26451,0.0004647857142857045
26452,0.0004774285714286159
26453,0.0005329285714285703
26454,0.0005247857142857169
26455,0.00048750000000004383
26456,0.0004707857142857819
26457,0.000486214285714226
26458,0.0004966071428571846
26459,0.0004966071428571846
26460,0.0004933928571427921
26461,0.0004906071428571071
26462,0.000494035714285701
26463,0.0005006785714285351
26464,0.0005199642857142805
26465,0.0005092499999999437
26466,0.0004972499999999412
26467,0.00048385714285709624
26468,0.0004901785714285519
26469,0.0005048571428572148
26470,0.0004918928571429251
26471,0.00047389285714284515
26472,0.0004902857142857288
26473,0.0005328214285713935
26474,0.0005167500000000404
26475,0.0005110714285714936
26476,0.0005083928571428333
26477,0.0005066785714286124
26478,0.0005174999999999739
26479,0.0005132142857142696
26480,0.0005194285714285485
26481,0.0005268214285714684
26482,0.0005357142857142553
26483,0.0005356071428570784
26484,0.0005155714285713994
26485,0.0005051785714285931
26486,0.0005232857142856976
26487,0.0005384999999999402
26488,0.0005776071428571632
26489,0.0005831785714285331
26490,0.0005593928571428819
26491,0.0005646428571428735
26492,0.0005751428571428566
26493,0.0005673214285713816
26494,0.000535928571428609
26495,0.000519214285714347
26496,0.000490714285714284
26497,0.0004863214285714029
26498,0.0004878214285714222
26499,0.0004864285714285797
26500,0.0005080714285714549
26501,0.0005227499999999655
26502,0.0005042142857143058
26503,0.00047560714285721826
26504,0.0004953214285713666
26505,0.0005105357142857615
26506,0.0005008928571428889
26507,0.0004948928571428114
26508,0.0005105357142857615
26509,0.0005067857142857893
26510,0.0004911428571428392
26511,0.0004623214285713979
26512,0.00046467857142852765
26513,0.0005321785714286367
26514,0.0006107142857143088
26515,0.0007253571428571653
26516,0.000913500000000056
26517,0.0010657499999999639
26518,0.0012064285714285766
26519,0.0013183928571429248
26520,0.0013617857142857
26521,0.0013462499999999267
26522,0.0011016428571427944
26523,0.0007168928571427812
26524,0.00042932142857142914
26525,0.0003257142857142879
26526,0.0002865000000000403
26527,0.00023764285714291994
26528,0.00021032142857149795
26529,0.00026067857142863767
26530,0.00031907142857145386
26531,0.00034864285714282875
26532,0.0004068214285714435
26533,0.00047935714285719046
26534,0.0005207142857142141
26535,0.0005110714285714936
26536,0.0005130000000000682
26537,0.0005222142857142334
26538,0.000522000000000032
26539,0.0005210357142857447
26540,0.0005149285714286427
26541,0.0005452499999999512
26542,0.0005574642857143074
26543,0.0005647500000000503
26544,0.0005718214285714395
26545,0.0005942142857142484
26546,0.0006009642857142593
26547,0.0006050357142857621
26548,0.0006042857142856763
26549,0.0006010714285714362
26550,0.0006235714285714218
26551,0.0006192857142857175
26552,0.0006050357142857621
26553,0.0006057857142856957
26554,0.000635785714285778
26555,0.0006611785714286255
26556,0.0006463928571427858
26557,0.0006521785714285093
26558,0.0006768214285714232
26559,0.0006617142857143575
26560,0.0006510000000000206
26561,0.0006597857142857829
26562,0.0006872142857142295
26563,0.0007191428571428864
26564,0.0007431428571428914
26565,0.0007464642857143084
26566,0.0007473214285714188
26567,0.0007473214285714188
26568,0.0007563214285713826
26569,0.0007736785714285535
26570,0.0007939285714285863
26571,0.0007820357142857607
26572,0.0007943571428571415
26573,0.0008000357142856883
26574,0.0008158928571428398
26575,0.0008631428571429162
26576,0.0008499642857142728
26577,0.0008316428571428146
26578,0.0008560714285713747
26579,0.000882857142857217
26580,0.0008826428571428632
26581,0.0008651785714285154
26582,0.0008453571428571901
26583,0.0008467500000000326
26584,0.0008642142857142282
26585,0.0008589642857142366
26586,0.0008656071428570706
26587,0.000860357142857079
26588,0.0008154642857142846
26589,0.0007939285714285863
26590,0.000801857142857086
26591,0.0007923214285713901
26592,0.0007528928571427887
26593,0.0007409999999999632
26594,0.0007152857142857373
26595,0.0006809999999999507
26596,0.0006430714285713687
26597,0.0006326785714285625
26598,0.0005958214285714446
26599,0.0005773928571428095
26600,0.0005666785714286248
26601,0.0005260714285713825
26602,0.0005496428571428323
26603,0.0005540357142857135
26604,0.0005127857142857144
26605,0.0005071071428571676
26606,0.0005077499999999244
26607,0.00046328571428568514
26608,0.00043939285714285705
26609,0.00042782142857140975
26610,0.00043339285714293194
26611,0.00044978571428566335
26612,0.00043896428571430185
26613,0.0004205357142856668
26614,0.0004015714285714519
26615,0.00041850000000006764
26616,0.0004356428571428848
26617,0.00044817857142861935
26618,0.0004512857142856827
26619,0.00041550000000002896
26620,0.0004272857142856777
26621,0.0004515000000000364
26622,0.0004422857142857189
26623,0.0004265357142857442
26624,0.0004284642857143187
26625,0.00043810714285719143
26626,0.00041078571428576947
26627,0.00040435714285713686
26628,0.0004372499999999288
26629,0.00047903571428565986
26630,0.000481285714285765
26631,0.00044421428571429344
26632,0.00044442857142864715
26633,0.00043917857142850334
26634,0.00042567857142863377
26635,0.0004257857142856584
26636,0.00044399999999993967
26637,0.000443357142857183
26638,0.00041432142857138795
26639,0.0004213928571429295
26640,0.0004712142857143371
26641,0.0004647857142857045
26642,0.0004468928571428015
26643,0.00044507142857140385
26644,0.00044892857142855294
26645,0.00045300000000005573
26646,0.0004546071428570997
26647,0.00042942857142860597
26648,0.0004415357142857853
26649,0.000462214285714221
26650,0.00044753571428571043
26651,0.00043896428571430185
26652,0.0004363928571428184
26653,0.00044892857142855294
26654,0.00045224999999996993
26655,0.00047978571428574566
26656,0.0004751785714285108
26657,0.0004161428571427856
26658,0.0004017857142856534
26659,0.0004198928571429101
26660,0.00046907142857140877
26661,0.00046424999999997244
26662,0.0004682142857142984
26663,0.000460071428571445
26664,0.00042921428571425225
26665,0.00043349999999995654
26666,0.0004519285714285916
26667,0.0004517142857142379
26668,0.00043939285714285705
26669,0.0004621071428571964
26670,0.00044796428571426564
26671,0.00043810714285719143
26672,0.0004284642857143187
26673,0.00043917857142850334
26674,0.0004509642857143043
26675,0.0004568571428572048
26676,0.0004618928571428427
26677,0.0004462500000000448
26678,0.00043392857142851175
26679,0.00043607142857144
26680,0.0004203214285714653
26681,0.00042921428571425225
26682,0.00047378571428566827
26683,0.0004931785714285906
26684,0.0004674642857142126
26685,0.00042310714285715025
26686,0.00044453571428567176
26687,0.00045514285714283177
26688,0.00045310714285708034
26689,0.0004736785714286437
26690,0.0004880357142857759
26691,0.0004736785714286437
26692,0.0004825714285714306
26693,0.0004955357142857204
26694,0.0004711071428571602
26695,0.0004528928571428789
26696,0.000469499999999964
26697,0.0004967142857143613
26698,0.0005222142857142334
26699,0.0005360357142857858
26700,0.0005352857142857001
26701,0.0005000357142857784
26702,0.0005111785714285183
26703,0.000528642857142866
26704,0.0004984285714285822
26705,0.00048042857142850236
26706,0.00045953571428571294
26707,0.000466178571428547
26708,0.0004509642857143043
26709,0.00044903571428572977
26710,0.0004535357142857878
26711,0.0004321071428571141
26712,0.00041432142857138795
26713,0.0004430357142856524
26714,0.0004564285714284974
26715,0.0004359642857142632
26716,0.0004281428571427881
26717,0.00044571428571431277
26718,0.0004549285714286303
26719,0.00042417857142861443
26720,0.0004101428571428605
26721,0.0004306071428570947
26722,0.0004765714285713532
26723,0.0004761428571427981
26724,0.0005116071428570735
26725,0.0006453214285714738
26726,0.0008216785714285635
26727,0.0009782142857143279
26728,0.001117499999999946
26729,0.0012277500000000734
26730,0.0013016785714285105
26731,0.0013233214285713858
26732,0.0011881071428571184
26733,0.0008816785714285759
26734,0.0005269285714286453
26735,0.0003151071428571279
26736,0.00026807142857140524
26737,0.0002004642857142715
26738,0.00013885714285721511
26739,0.00018696428571424967
26740,0.0002563928571427811
26741,0.0003003214285714405
26742,0.00036846428571430626
26743,0.00042192857142850924
26744,0.00044828571428564396
26745,0.0004298571428571612
26746,0.00044957142857146186
26747,0.00047571428571424287
26748,0.0004532142857142572
26749,0.00046585714285716866
26750,0.000531428571428551
26751,0.0005502857142857412
26752,0.0005311071428571727
26753,0.0005224285714285872
26754,0.000519214285714347
26755,0.0005329285714285703
26756,0.0005368928571428962
26757,0.0005663571428570943
26758,0.0005555357142857328
26759,0.0005518928571427851
26760,0.0005707499999999755
26761,0.0005813571428571354
26762,0.0005892857142857874
26763,0.0005994642857142399
26764,0.0005806071428572019
26765,0.0005619642857142131
26766,0.0005612142857142796
26767,0.0006026785714286323
26768,0.0006642857142856887
26769,0.0006784285714286195
26770,0.0006587142857143188
26771,0.0006362142857143331
26772,0.000633428571428496
26773,0.0006537857142857056
26774,0.0006692142857143019
26775,0.0006704999999999676
26776,0.0006860357142857408
26777,0.000690428571428622
26778,0.000731678571428621
26779,0.0007507500000000127
26780,0.0007565357142857364
26781,0.0007490357142856396
26782,0.000761142857142819
26783,0.0007733571428571752
26784,0.0007622142857142832
26785,0.0008114999999999587
26786,0.0008554285714286181
26787,0.0008170714285714809
26788,0.0008161071428571936
26789,0.0008318571428571683
26790,0.0008558571428571733
26791,0.000834214285714298
26792,0.0008246785714286022
26793,0.0008406428571429306
26794,0.0008206071428570993
26795,0.0008052857142856799
26796,0.0008151428571429063
26797,0.0007929642857142991
26798,0.0008182499999999696
26799,0.000820285714285721
26800,0.0007859999999999344
26801,0.0007566428571429133
26802,0.0007438928571428249
26803,0.0007194642857142648
26804,0.0006756428571427823
26805,0.000673071428571451
26806,0.0006657857142857081
26807,0.0006461785714285842
26808,0.0006264642857142836
26809,0.0005913214285713865
26810,0.0005600357142856386
26811,0.0005317499999999293
26812,0.0005124642857143361
26813,0.0004886785714285326
26814,0.0004669285714286328
26815,0.0004676785714285663
26816,0.00047571428571424287
26817,0.00046457142857150304
26818,0.00046350000000003886
26819,0.0004297499999999843
26820,0.00041207142857143503
26821,0.0004128214285713686
26822,0.00040232142857138544
26823,0.0003950357142856425
26824,0.000374785714285762
26825,0.00038389285714290265
26826,0.00041432142857138795
26827,0.0004121785714286119
26828,0.0004376785714286362
26829,0.0004220357142856861
26830,0.0004076785714285539
26831,0.00043242857142864464
26832,0.0004271785714285008
26833,0.0003959999999999297
26834,0.00036857142857148314
26835,0.00038892857142854047
26836,0.0004363928571428184
26837,0.0004471071428571552
26838,0.0004459285714285142
26839,0.00040864285714284116
26840,0.0004119642857142582
26841,0.00042321428571432713
26842,0.000387535714285698
26843,0.000370821428571436
26844,0.00039557142857137457
26845,0.0004456071428571359
26846,0.000445499999999959
26847,0.00042267857142859504
26848,0.00042246428571424133
26849,0.00041078571428576947
26850,0.00044442857142864715
26851,0.00045953571428571294
26852,0.0004267499999999456
26853,0.000420964285714222
26854,0.0004476428571428873
26855,0.0004280357142857635
26856,0.00042932142857142914
26857,0.0004356428571428848
26858,0.00041764285714280495
26859,0.00038785714285707634
26860,0.0004128214285713686
26861,0.00043478571428577444
26862,0.0004280357142857635
26863,0.0004463571428570694
26864,0.00044967857142863874
26865,0.00043478571428577444
26866,0.00041410714285718646
26867,0.0004275000000000314
26868,0.000445499999999959
26869,0.00041925000000000116
26870,0.0004078928571429076
26871,0.0004171071428570729
26872,0.0004469999999999784
26873,0.0004512857142856827
26874,0.00040692857142862033
26875,0.0004052142857142473
26876,0.00042739285714285454
26877,0.00044024999999996747
26878,0.0004426071428570972
26879,0.0004464642857142463
26880,0.0004430357142856524
26881,0.00043414285714286547
26882,0.0004264285714285673
26883,0.0004213928571429295
26884,0.0004369285714285504
26885,0.00045471428571427656
26886,0.00040232142857138544
26887,0.0004059642857143331
26888,0.0004429285714286278
26889,0.00043810714285719143
26890,0.00043339285714293194
26891,0.0004366071428571721
26892,0.0004515000000000364
26893,0.00046424999999997244
26894,0.0004397142857142354
26895,0.00042889285714287393
26896,0.0004401428571427906
26897,0.0004361785714286169
26898,0.00043928571428568017
26899,0.00046071428571435396
26900,0.0004559999999999422
26901,0.00046382142857141724
26902,0.0004783928571429032
26903,0.0004983214285714053
26904,0.00047817857142854945
26905,0.00046403571428577095
26906,0.0004865357142857566
26907,0.0005361428571428105
26908,0.0005381785714285619
26909,0.0005117142857142502
26910,0.0004929642857142369
26911,0.0005050714285714163
26912,0.0004989642857143143
26913,0.0004550357142856549
26914,0.00041678571428569453
26915,0.0004414285714286085
26916,0.0004796785714285688
26917,0.0004516071428572133
26918,0.0004207500000000205
26919,0.0004430357142856524
26920,0.0004562142857142959
26921,0.00043757142857145934
26922,0.0004406785714285227
26923,0.00042953571428578285
26924,0.0004280357142857635
26925,0.0004378928571428377
26926,0.00044410714285711655
26927,0.0004471071428571552
26928,0.0004313571428571805
26929,0.0004101428571428605
26930,0.00043896428571430185
26931,0.0005146071428571121
26932,0.0005936785714285163
26933,0.0007062857142857735
26934,0.0008323928571429003
26935,0.0009849642857143388
26936,0.0011484642857143156
26937,0.0012536785714285007
26938,0.0013018928571428643
26939,0.0012491785714285949
26940,0.00103553571428568
26941,0.0006627857142856694
26942,0.00034382142857139236
26943,0.00023764285714291994
26944,0.0002000357142857163
26945,0.00014174999999992468
26946,0.00012246428571433148
26947,0.00020260714285719978
26948,0.0002709642857142671
26949,0.0003113571428571557
26950,0.00036010714285709917
26951,0.00041249999999999024
26952,0.0004576071428571384
26953,0.0004576071428571384
26954,0.00047400000000002204
26955,0.0004890000000000632
26956,0.00051589285714293
26957,0.0005156785714285762
26958,0.0005073214285713692
26959,0.0005094642857142974
26960,0.0005255357142856504
26961,0.000554785714285647
26962,0.0005665714285714481
26963,0.0005376428571428298
26964,0.0005583214285714178
26965,0.0005427857142856445
26966,0.0005416071428571557
26967,0.0005969999999999333
26968,0.0006098571428571985
26969,0.0005763214285714976
26970,0.0005925000000000276
26971,0.0005972142857142871
26972,0.0005779285714285415
26973,0.0005650714285714287
26974,0.0005852142857142845
26975,0.0006311785714285431
26976,0.0006471428571428715
26977,0.0006554999999999264
26978,0.0006640714285714872
26979,0.0006447857142857418
26980,0.0006599999999999844
26981,0.0006701785714285892
26982,0.0006874285714285833
26983,0.0007128214285714307
26984,0.000713785714285718
26985,0.0007190357142857096
26986,0.0007255714285713667
26987,0.000742285714285781
26988,0.0007653214285714987
26989,0.0007532142857143194
26990,0.000751071428571391
26991,0.0007879285714285089
26992,0.0007999285714285114
26993,0.00080292857142855
26994,0.0008350714285714085
26995,0.0008341071428571212
26996,0.0008186785714285248
26997,0.0008306785714285273
26998,0.0008236071428571381
26999,0.0008492142857143392
27000,0.0008791071428570924
27001,0.0008554285714286181
27002,0.0008382857142856487
27003,0.0008306785714285273
27004,0.0008228571428572044
27005,0.0008316428571428146
27006,0.0008131071428571549
27007,0.0008021785714286165
27008,0.000779035714285722
27009,0.0007221428571429252
27010,0.0007068214285713534
27011,0.0007236428571427922
27012,0.0007108928571428562
27013,0.0006745714285714704
27014,0.0006608571428570948
27015,0.0006114642857142425
27016,0.0006023571428571018
27017,0.0005882142857143233
27018,0.0005321785714286367
27019,0.000511928571428604
27020,0.0005372142857142747
27021,0.0005435357142857303
27022,0.0004908214285714609
27023,0.0004376785714286362
27024,0.00042835714285714184
27025,0.0004453928571427822
27026,0.000445499999999959
27027,0.00044871428571435144
27028,0.0004078928571429076
27029,0.00039171428571422543
27030,0.0003865714285714107
27031,0.0003713571428571681
27032,0.0003909642857142919
27033,0.0004161428571427856
27034,0.0004153928571428521
27035,0.000391500000000024
27036,0.0004128214285713686
27037,0.00043007142857136267
27038,0.00041474999999994316
27039,0.00037457142857140826
27040,0.00035228571428577634
27041,0.00036257142857140575
27042,0.0003857142857143003
27043,0.00041892857142862284
27044,0.0004144285714285648
27045,0.0004121785714286119
27046,0.0004298571428571612
27047,0.00042782142857140975
27048,0.0004173214285714266
27049,0.00038389285714290265
27050,0.00036835714285712943
27051,0.000426642857142921
27052,0.00045021428571421856
27053,0.0004356428571428848
27054,0.0004119642857142582
27055,0.0003854999999999466
27056,0.00039867857142859007
27057,0.0004264285714285673
27058,0.000434892857142799
27059,0.0004302857142857164
27060,0.0003815357142857729
27061,0.00037242857142863223
27062,0.0004207500000000205
27063,0.00045000000000001706
27064,0.0004205357142856668
27065,0.00038357142857137205
27066,0.0003850714285713914
27067,0.0004306071428570947
27068,0.00046853571428567673
27069,0.0004312500000000037
27070,0.00040435714285713686
27071,0.000412714285714344
27072,0.00042310714285715025
27073,0.0004068214285714435
27074,0.00041367857142863125
27075,0.00042932142857142914
27076,0.00040960714285712845
27077,0.0003979285714285043
27078,0.00043339285714293194
27079,0.0004252499999999263
27080,0.00040489285714286896
27081,0.0004201071428571116
27082,0.00042289285714279653
27083,0.0004092857142857501
27084,0.00040307142857147124
27085,0.00042267857142859504
27086,0.0004546071428570997
27087,0.0004503214285713954
27088,0.00042417857142861443
27089,0.0004512857142856827
27090,0.00045000000000001706
27091,0.0004116428571428798
27092,0.00040960714285712845
27093,0.00044871428571435144
27094,0.00044860714285717456
27095,0.0004463571428570694
27096,0.0004515000000000364
27097,0.0004626428571429285
27098,0.00046510714285708286
27099,0.0004614642857142875
27100,0.0004429285714286278
27101,0.00043435714285706696
27102,0.00044924999999993126
27103,0.0004474285714285336
27104,0.0004805357142856792
27105,0.0005064642857142588
27106,0.0005021785714285545
27107,0.0004865357142857566
27108,0.00048717857142851323
27109,0.00046414285714279556
27110,0.00043939285714285705
27111,0.00046017857142862187
27112,0.00045374999999998926
27113,0.00041335714285710065
27114,0.00042942857142860597
27115,0.0004520357142857685
27116,0.0004419642857143405
27117,0.0004199999999999347
27118,0.00041485714285712
27119,0.0004313571428571805
27120,0.0004119642857142582
27121,0.0004316785714285589
27122,0.00048407142857144996
27123,0.0004843928571428283
27124,0.0004468928571428015
27125,0.0004321071428571141
27126,0.0004309285714286253
27127,0.00043253571428566925
27128,0.0004447500000000255
27129,0.0004908214285714609
27130,0.0005835000000000638
27131,0.0007068214285713534
27132,0.0008201785714285441
27133,0.0008904642857143382
27134,0.000992678571428637
27135,0.0010988571428571093
27136,0.0011196428571428742
27137,0.0011036785714285458
27138,0.0009371785714285304
27139,0.0005769642857142542
27140,0.00030728571428565284
27141,0.0002088214285714786
27142,0.00017914285714292687
27143,0.000170571428571366
27144,0.00015417857142863462
27145,0.00015975000000000453
27146,0.00020485714285715264
27147,0.00028789285714288275
27148,0.00035903571428578726
27149,0.00040821428571428595
27150,0.00045364285714281243
27151,0.00044753571428571043
27152,0.0004580357142856936
27153,0.0004796785714285688
27154,0.0004904999999999302
27155,0.0005372142857142747
27156,0.000569892857142865
27157,0.0005460000000000369
27158,0.0005306785714286175
27159,0.0005277857142857556
27160,0.0005078571428571012
27161,0.000544821428571396
27162,0.0005847857142857293
27163,0.0005746071428571245
27164,0.0005591785714285282
27165,0.0005496428571428323
27166,0.0005929285714285828
27167,0.0006498214285713796
27168,0.0006142499999999274
27169,0.0005947499999999804
27170,0.0006132857142856401
27171,0.0006103928571429305
27172,0.0006165000000000325
27173,0.0006654642857143297
27174,0.00066128571428565
27175,0.0006444642857142112
27176,0.0006414642857143247
27177,0.000638464285714286
27178,0.0006534642857143273
27179,0.0006632142857142246
27180,0.0006844285714285446
27181,0.0007041428571428452
27182,0.000685821428571387
27183,0.0006903214285714451
27184,0.0007413214285714937
27185,0.0007692857142856724
27186,0.0007406785714285848
27187,0.0007343571428571291
27188,0.0007630714285713936
27189,0.0007793571428571003
27190,0.0007898571428570835
27191,0.0008227500000000277
27192,0.0008611071428571649
27193,0.0008497500000000713
27194,0.0008280000000000192
27195,0.0008226428571428508
27196,0.000840964285714309
27197,0.000865500000000046
27198,0.0008596071428571455
27199,0.0008349642857142316
27200,0.0008203928571428979
27201,0.0008396785714286434
27202,0.000846428571428502
27203,0.0008315357142857899
27204,0.0007996071428571331
27205,0.0007841785714285367
27206,0.0007763571428572139
27207,0.0007573928571428468
27208,0.0007289999999999607
27209,0.0007192500000000633
27210,0.0006804642857142187
27211,0.0006533571428571504
27212,0.000661928571428559
27213,0.0006386785714286398
27214,0.0005956071428570908
27215,0.0005355000000000538
27216,0.0005200714285714574
27217,0.0005470714285715011
27218,0.0005332499999999487
27219,0.000530785714285642
27220,0.0005406428571428685
27221,0.0005092499999999437
27222,0.0005015357142856455
27223,0.000480107142857124
27224,0.00046382142857141724
27225,0.00046489285714288136
27226,0.00047442857142857725
27227,0.0004566428571428511
27228,0.0004260000000000121
27229,0.00045300000000005573
27230,0.000481285714285765
27231,0.00046789285714292003
27232,0.0004378928571428377
27233,0.0004281428571427881
27234,0.00043253571428566925
27235,0.00043842857142856976
27236,0.0004426071428570972
27237,0.00046242857142857473
27238,0.00048750000000004383
27239,0.0004714285714285385
27240,0.00044967857142863874
27241,0.0004362857142856415
27242,0.00044453571428567176
27243,0.00044967857142863874
27244,0.00045267857142852514
27245,0.00045385714285716615
27246,0.0004618928571428427
27247,0.0004677857142857432
27248,0.00045342857142861094
27249,0.00045000000000001706
27250,0.0004466785714286
27251,0.00046039285714282336
27252,0.00047603571428577346
27253,0.00048289285714280894
27254,0.00048278571428578434
27255,0.0004707857142857819
27256,0.00047892857142863525
27257,0.00045846428571424876
27258,0.00045910714285715774
27259,0.000456107142857119
27260,0.00043553571428570797
27261,0.00043982142857141226
27262,0.0004855714285714693
27263,0.0005116071428570735
27264,0.0005202857142856589
27265,0.0005044285714285073
27266,0.00046424999999997244
27267,0.0004477500000000642
27268,0.0004376785714286362
27269,0.00045042857142857227
27270,0.0004719642857142706
27271,0.0004977857142856733
27272,0.0005199642857142805
27273,0.00048289285714280894
27274,0.00047099999999998337
27275,0.00046875000000003045
27276,0.0004670357142856574
27277,0.00048375000000007163
27278,0.00048289285714280894
27279,0.0004877142857142453
27280,0.000460071428571445
27281,0.0004473214285713567
27282,0.000460071428571445
27283,0.0004965000000000077
27284,0.0005022857142857312
27285,0.0005087142857142116
27286,0.00046896428571423194
27287,0.0004852499999999387
27288,0.0005233928571428745
27289,0.0005092499999999437
27290,0.000498535714285759
27291,0.000490714285714284
27292,0.000489535714285643
27293,0.00048717857142851323
27294,0.0005017499999999993
27295,0.0005125714285713607
27296,0.0005164285714285099
27297,0.0005513571428572054
27298,0.0005576785714285088
27299,0.0005597142857142602
27300,0.0005390357142856723
27301,0.0005245714285713632
27302,0.0005226428571427886
27303,0.0004948928571428114
27304,0.0004626428571429285
27305,0.00044903571428572977
27306,0.00046960714285714086
27307,0.0004847142857143589
27308,0.0004944642857142562
27309,0.0004655357142857903
27310,0.00046350000000003886
27311,0.0004788214285714584
27312,0.0004868571428571349
27313,0.00046917857142858566
27314,0.00047464285714293096
27315,0.0004816071428571433
27316,0.0004655357142857903
27317,0.00045857142857142565
27318,0.00045407142857136764
27319,0.00045867857142860253
27320,0.0005105357142857615
27321,0.0006083571428571791
27322,0.0007036071428571132
27323,0.0007840714285713598
27324,0.0009172500000000282
27325,0.0010375714285714313
27326,0.0011268214285714403
27327,0.0011840357142857679
27328,0.0011518928571429094
27329,0.0009946071428572115
27330,0.0007021071428570939
27331,0.00038914285714289424
27332,0.0002444999999999555
27333,0.000205178571428531
27334,0.00019542857142863365
27335,0.0001837500000000095
27336,0.00018192857142861182
27337,0.00022178571428576837
27338,0.00030910714285720277
27339,0.000366321428571378
27340,0.00040703571428564494
27341,0.000450642857142926
27342,0.00047732142857143903
27343,0.0004772142857142622
27344,0.0004856785714286462
27345,0.0004901785714285519
27346,0.0005181428571428829
27347,0.0005406428571428685
27348,0.0005421428571428878
27349,0.0005230714285714961
27350,0.0005462142857142385
27351,0.0005718214285714395
27352,0.0005751428571428566
27353,0.0005481428571428129
27354,0.0005716071428570859
27355,0.00060450000000003
27356,0.0006020357142857235
27357,0.0005900357142857209
27358,0.000592714285714229
27359,0.0005857500000000166
27360,0.00059389285714287
27361,0.0006068571428571597
27362,0.0006035357142857427
27363,0.00063128571428572
27364,0.0006387857142856644
27365,0.0006202500000000047
27366,0.0006388928571428412
27367,0.0006567857142857443
27368,0.0006483214285713602
27369,0.0006545357142856391
27370,0.0006815357142856827
27371,0.0006848571428570998
27372,0.0006973928571428344
27373,0.0006907500000000003
27374,0.0007067142857143287
27375,0.0007318928571428225
27376,0.0007517142857143
27377,0.000750535714285659
27378,0.0007525714285714104
27379,0.000763928571428504
27380,0.0008268214285713782
27381,0.0008551071428570875
27382,0.0008238214285714917
27383,0.000822428571428497
27384,0.0008724642857142583
27385,0.0008630357142857393
27386,0.0008278928571428424
27387,0.0008144999999999974
27388,0.0008374285714285383
27389,0.0008385000000000023
27390,0.0008620714285714522
27391,0.0008585357142856814
27392,0.0008214642857142097
27393,0.0008216785714285635
27394,0.000832499999999925
27395,0.000809678571428561
27396,0.0008097857142857379
27397,0.0007885714285714179
27398,0.0007429285714285376
27399,0.0007180714285714223
27400,0.0006594642857142523
27401,0.000629035714285767
27402,0.0006593571428570755
27403,0.0006516428571429296
27404,0.000611785714285773
27405,0.00057267857142855
27406,0.0005601428571428154
27407,0.0005577857142856857
27408,0.0005304642857142637
27409,0.0004956428571428973
27410,0.00047410714285719887
27411,0.00047903571428565986
27412,0.0004892142857142647
27413,0.00046917857142858566
27414,0.0004524642857143237
27415,0.00045878571428577936
27416,0.00045942857142853606
27417,0.0004480714285714425
27418,0.0004371428571429042
27419,0.0004163571428571394
27420,0.00039203571428575603
27421,0.0004045714285714906
27422,0.00043457142857142067
27423,0.0004165714285714931
27424,0.0004058571428571562
27425,0.0004217142857143078
27426,0.00041807142857136015
27427,0.00041892857142862284
27428,0.0004114285714285261
27429,0.0004012500000000736
27430,0.000396964285714217
27431,0.00037457142857140826
27432,0.0003856071428571235
27433,0.00040574999999997937
27434,0.00041485714285712
27435,0.00043296428571422445
27436,0.0004225714285714182
27437,0.0004113214285715015
27438,0.0004252499999999263
27439,0.0004158214285714073
27440,0.00040907142857139636
27441,0.00041335714285710065
27442,0.00042064285714284367
27443,0.00041207142857143503
27444,0.00043039285714289327
27445,0.00045300000000005573
27446,0.00044507142857140385
27447,0.00041721428571424974
27448,0.0004052142857142473
27449,0.0004211785714285757
27450,0.00041903571428564745
27451,0.0004265357142857442
27452,0.0004374642857142825
27453,0.0004374642857142825
27454,0.00043992857142858915
27455,0.00043467857142859756
27456,0.0004311428571428268
27457,0.0003999642857142557
27458,0.0003999642857142557
27459,0.00042246428571424133
27460,0.00042246428571424133
27461,0.0004364999999999952
27462,0.0004117500000000567
27463,0.000346285714285699
27464,0.00038292857142861535
27465,0.00043510714285715276
27466,0.00041485714285712
27467,0.00039760714285712594
27468,0.00043285714285719984
27469,0.00045267857142852514
27470,0.00038442857142863474
27471,0.0003503571428572018
27472,0.00039878571428576695
27473,0.0004473214285713567
27474,0.0004520357142857685
27475,0.00046971428571431775
27476,0.00044978571428566335
27477,0.00040285714285711753
27478,0.0004050000000000458
27479,0.0004248214285713711
27480,0.00043403571428568864
27481,0.0004368214285713736
27482,0.0004358571428570863
27483,0.00044817857142861935
27484,0.0004565357142856742
27485,0.0004472142857143321
27486,0.0004611428571429091
27487,0.00048342857142854103
27488,0.00046875000000003045
27489,0.0004776428571428174
27490,0.00047957142857139195
27491,0.0004708928571428065
27492,0.0004669285714286328
27493,0.0004505357142857491
27494,0.00041871428571426913
27495,0.0004306071428570947
27496,0.0004376785714286362
27497,0.0004131428571428992
27498,0.0003763928571428059
27499,0.0003467142857142542
27500,0.0003766071428571597
27501,0.0004263214285713904
27502,0.00042900000000005076
27503,0.00042953571428578285
27504,0.00041507142857147376
27505,0.00038989285714282777
27506,0.0003930000000000433
27507,0.0003907499999999382
27508,0.00037982142857139985
27509,0.0003963214285714603
27510,0.0004170000000000483
27511,0.00040478571428569207
27512,0.00038925000000007107
27513,0.00044421428571429344
27514,0.000572142857142818
27515,0.000669750000000034
27516,0.0007850357142856471
27517,0.0009482142857142455
27518,0.001085250000000063
27519,0.0011646428571428454
27520,0.001216821428571383
27521,0.0011879999999999415
27522,0.0009873214285714684
27523,0.00062571428571435
27524,0.0003297857142856385
27525,0.00021396428571429332
27526,0.00016167857142857908
27527,0.00011817857142862717
27528,7.50000000000536e-05
27529,0.0001129285714286356
27530,0.00020432142857142058
27531,0.00027214285714290804
27532,0.0003162857142857689
27533,0.0003412500000000612
27534,0.0003755357142856955
27535,0.00039964285714287737
27536,0.0003919285714285792
27537,0.0004102500000000374
27538,0.00044367857142856135
27539,0.0004404642857143212
27540,0.0004121785714286119
27541,0.0004466785714286
27542,0.0004962857142856539
27543,0.0005075357142857228
27544,0.0005139642857143555
27545,0.0005010000000000656
27546,0.0004796785714285688
27547,0.0005132142857142696
27548,0.0005060357142857036
27549,0.0004993928571428695
27550,0.0005263928571429132
27551,0.0005230714285714961
27552,0.0005136428571428248
27553,0.0005266071428571146
27554,0.0005261785714285594
27555,0.0005379642857143604
27556,0.0005452499999999512
27557,0.0005487857142857219
27558,0.0005379642857143604
27559,0.0005323928571428383
27560,0.0005623928571429205
27561,0.0005948571428571573
27562,0.0005824285714285996
27563,0.0005682857142856689
27564,0.000617892857142875
27565,0.000642428571428612
27566,0.0006567857142857443
27567,0.0006709285714285228
27568,0.0006786428571428209
27569,0.0006761785714285144
27570,0.0006914999999999338
27571,0.0007061785714285966
27572,0.0007274999999999413
27573,0.0007291071428571375
27574,0.0007251428571428115
27575,0.0007228928571428587
27576,0.000736607142857082
27577,0.0007577142857142251
27578,0.0007735714285713767
27579,0.0007900714285714372
27580,0.0007866428571428433
27581,0.0007781785714286116
27582,0.0007514999999999462
27583,0.0007451785714286428
27584,0.0007698214285714045
27585,0.0007723928571428879
27586,0.0007743214285714625
27587,0.0007592142857142445
27588,0.0007294285714285158
27589,0.0006929999999999532
27590,0.0006533571428571504
27591,0.0006477857142857805
27592,0.0006576428571428547
27593,0.0006487500000000678
27594,0.0006185357142857839
27595,0.0005929285714285828
27596,0.0005695714285714867
27597,0.0005405357142856917
27598,0.0005226428571427886
27599,0.0004993928571428695
27600,0.00045407142857136764
27601,0.000436714285714349
27602,0.00043907142857147873
27603,0.00039975000000005425
27604,0.00038882142857136364
27605,0.0004113214285715015
27606,0.0003966428571428387
27607,0.00038807142857143006
27608,0.0003950357142856425
27609,0.00039803571428568115
27610,0.00036771428571422045
27611,0.0003561428571429255
27612,0.00034478571428567966
27613,0.0003563571428571269
27614,0.0003825000000000602
27615,0.0003659999999999997
27616,0.0003211071428572053
27617,0.0003312857142856578
27618,0.00035946428571434247
27619,0.0003555000000000165
27620,0.00033150000000001153
27621,0.00033064285714290117
27622,0.00032046428571429637
27623,0.00035410714285717405
27624,0.00036889285714286147
27625,0.0003646071428571572
27626,0.0003811071428572177
27627,0.00035882142857143355
27628,0.00035453571428572926
27629,0.0003861428571428555
27630,0.0003616071428571185
27631,0.000335678571428539
27632,0.00034435714285712446
27633,0.0003620357142856737
27634,0.00035839285714287834
27635,0.00036353571428569305
27636,0.00037307142857138893
27637,0.0003508928571427816
27638,0.00034424999999994757
27639,0.00038849999999998527
27640,0.00039557142857137457
27641,0.0003772500000000686
27642,0.0003548571428571076
27643,0.0003632142857143147
27644,0.00037371428571429785
27645,0.000380249999999955
27646,0.0003733928571429195
27647,0.00036900000000003835
27648,0.0003556071428571934
27649,0.00031864285714289865
27650,0.0003436071428571909
27651,0.0003755357142856955
27652,0.00038346428571434744
27653,0.00039417857142853206
27654,0.0003700714285715025
27655,0.00035025000000002497
27656,0.00035378571428564345
27657,0.00036353571428569305
27658,0.00038475000000001307
27659,0.0003709285714286129
27660,0.0003393214285714866
27661,0.0003717857142857233
27662,0.00036514285714288927
27663,0.0003763928571428059
27664,0.0003982500000000349
27665,0.000378107142857179
27666,0.00036857142857148314
27667,0.0003812142857142423
27668,0.00037960714285719836
27669,0.0003706071428570823
27670,0.00034939285714291455
27671,0.00036953571428577044
27672,0.00040350000000002645
27673,0.00041292857142854545
27674,0.0004255714285714569
27675,0.0004371428571429042
27676,0.0004223571428572167
27677,0.0003806785714285102
27678,0.00039364285714279997
27679,0.00040832142857146283
27680,0.0003963214285714603
27681,0.0004101428571428605
27682,0.00041839285714289075
27683,0.00041796428571433554
27684,0.00043810714285719143
27685,0.0004554642857142101
27686,0.00042996428571433806
27687,0.000401464285714275
27688,0.000390857142857115
27689,0.0003860357142856787
27690,0.0003906428571429136
27691,0.0003699642857143256
27692,0.0003759642857142507
27693,0.0003755357142856955
27694,0.00036760714285719585
27695,0.00032882142857150346
27696,0.0003307499999999258
27697,0.0003974999999999491
27698,0.00039460714285708727
27699,0.000371464285714345
27700,0.00035753571428576793
27701,0.0003614999999999416
27702,0.0003850714285713914
27703,0.00032625000000002
27704,0.00032174999999996193
27705,0.00036964285714279505
27706,0.00040189285714283023
27707,0.000504642857142861
27708,0.0005894999999999888
27709,0.0006951428571428815
27710,0.0008367857142857815
27711,0.0010151785714286226
27712,0.0011681785714286162
27713,0.0012173571428571149
27714,0.001217249999999938
27715,0.0010921071428570985
27716,0.0007959642857143377
27717,0.0004412142857142547
27718,0.0002386071428572072
27719,0.0001584642857143389
27720,8.217857142861971e-05
27721,4.167857142855423e-05
27722,7.639285714289607e-05
27723,0.00016842857142859
27724,0.00025007142857147766
27725,0.00028864285714281634
27726,0.0003075000000000066
27727,0.0003460714285714975
27728,0.00038453571428565935
27729,0.0003897857142856509
27730,0.00040317857142849585
27731,0.00040435714285713686
27732,0.0004255714285714569
27733,0.00042953571428578285
27734,0.00041078571428576947
27735,0.00043510714285715276
27736,0.0004372499999999288
27737,0.0004284642857143187
27738,0.00044432142857147027
27739,0.00048075000000003296
27740,0.00047914285714283674
27741,0.0004984285714285822
27742,0.0005092499999999437
27743,0.0005120357142857809
27744,0.0005071071428571676
27745,0.0005113928571428719
27746,0.0005077499999999244
27747,0.0005215714285714768
27748,0.0005321785714286367
27749,0.0005197499999999268
27750,0.0005318571428571062
27751,0.0005350714285714986
27752,0.0005282142857143108
27753,0.0005659285714285391
27754,0.0006053571428571404
27755,0.0005874642857142374
27756,0.0005913214285713865
27757,0.0005981785714285743
27758,0.0006157499999999467
27759,0.000601714285714345
27760,0.0006039642857142979
27761,0.0006637499999999567
27762,0.0006971785714286328
27763,0.0006834642857142573
27764,0.0006841071428571663
27765,0.0007013571428571603
27766,0.000723214285714237
27767,0.0007256785714285436
27768,0.0007360714285715021
27769,0.0007414285714285184
27770,0.0007370357142857894
27771,0.000733821428571397
27772,0.0007129285714286076
27773,0.0007452857142856674
27774,0.0007947857142856967
27775,0.0007993928571429316
27776,0.0007911428571429014
27777,0.000756214285714358
27778,0.0007579285714285789
27779,0.000761785714285728
27780,0.0007400357142856759
27781,0.0007342499999999522
27782,0.0007329642857142866
27783,0.0007199999999999968
27784,0.0006881785714285168
27785,0.000685821428571387
27786,0.0006627857142856694
27787,0.0006286071428572118
27788,0.0005925000000000276
27789,0.0005361428571428105
27790,0.0005112857142856951
27791,0.0005316428571429048
27792,0.0005165357142856866
27793,0.0004885714285713557
27794,0.00045042857142857227
27795,0.00043264285714284613
27796,0.00042953571428578285
27797,0.0004213928571429295
27798,0.0004171071428570729
27799,0.00038442857142863474
27800,0.00034414285714292296
27801,0.00036771428571422045
27802,0.0003761785714286045
27803,0.0003679285714285742
27804,0.00037832142857138046
27805,0.0003679285714285742
27806,0.00033749999999993665
27807,0.0003371785714285583
27808,0.00034864285714282875
27809,0.0003632142857143147
27810,0.00034682142857143103
27811,0.000331714285714213
27812,0.00033492857142860546
27813,0.0003282857142857714
27814,0.0003162857142857689
27815,0.000320142857142918
27816,0.0003478928571428952
27817,0.00037360714285712097
27818,0.00037253571428565684
27819,0.00036739285714284213
27820,0.00037425000000002994
27821,0.00035817857142852463
27822,0.0003499285714286466
27823,0.0003759642857142507
27824,0.0003901071428571815
27825,0.0003446785714285028
27826,0.0003207857142856747
27827,0.00034864285714282875
27828,0.00035796428571432314
27829,0.00034864285714282875
27830,0.0003612857142857402
27831,0.0003656785714286213
27832,0.00037307142857138893
27833,0.0003669642857142869
27834,0.0003403928571427985
27835,0.00036267857142858263
27836,0.00038925000000007107
27837,0.00036000000000007456
27838,0.00035967857142854396
27839,0.00038014285714293045
27840,0.0003860357142856787
27841,0.0003962142857142835
27842,0.0004074642857143524
27843,0.00036267857142858263
27844,0.00035453571428572926
27845,0.0003618214285714722
27846,0.00037328571428574264
27847,0.0003772500000000686
27848,0.00038303571428563996
27849,0.0003819642857143281
27850,0.000360857142857185
27851,0.0003503571428572018
27852,0.0003715714285713696
27853,0.0003577499999999694
27854,0.00033985714285721867
27855,0.00035871428571425666
27856,0.0003448928571428565
27857,0.00033825000000002245
27858,0.0003506785714285802
27859,0.0003774642857142701
27860,0.0003868928571427891
27861,0.0003754285714285187
27862,0.00038346428571434744
27863,0.0003828214285714385
27864,0.0003710357142857898
27865,0.0003867857142857645
27866,0.00038946428571427256
27867,0.0003715714285713696
27868,0.0003911785714286456
27869,0.0003723214285714554
27870,0.00038475000000001307
27871,0.00043435714285706696
27872,0.0004207500000000205
27873,0.00038817857142860694
27874,0.0004208571428571974
27875,0.0004168928571428714
27876,0.00039975000000005425
27877,0.00041410714285718646
27878,0.0004111071428571478
27879,0.0004550357142856549
27880,0.0004606071428571771
27881,0.00045921428571433457
27882,0.0004656428571428149
27883,0.00042782142857140975
27884,0.00040907142857139636
27885,0.00041764285714280495
27886,0.00039321428571424476
27887,0.0003719999999999248
27888,0.00035453571428572926
27889,0.0003612857142857402
27890,0.00037296428571421204
27891,0.0003756428571428724
27892,0.00038014285714293045
27893,0.00038303571428563996
27894,0.00039289285714286644
27895,0.00036953571428577044
27896,0.0003453214285714117
27897,0.00035292857142853304
27898,0.000360857142857185
27899,0.0003550714285714613
27900,0.0003448928571428565
27901,0.00034339285714283716
27902,0.00038432142857145786
27903,0.00046510714285708286
27904,0.000510214285714231
27905,0.0006114642857142425
27906,0.0007632857142857472
27907,0.0009173571428572051
27908,0.0010911428571428112
27909,0.00120396428571427
27910,0.001248535714285686
27911,0.0012405000000000094
27912,0.0010036071428571754
27913,0.0006051428571427867
27914,0.00029325000000005123
27915,0.0001649999999999961
27916,0.00012889285714281178
27917,8.132142857135705e-05
27918,7.060714285717243e-05
27919,0.00010307142857140913
27920,0.0001300714285714528
27921,0.0001930714285715039
27922,0.00035539285714283967
27923,0.00040907142857139636
27924,0.00040060714285716466
27925,0.0004055357142857779
27926,0.0004166785714285177
27927,0.00041721428571424974
27928,0.0004099285714285068
27929,0.0004281428571427881
27930,0.00044024999999996747
27931,0.00044914285714290665
27932,0.00046457142857150304
27933,0.00045407142857136764
27934,0.0004532142857142572
27935,0.00045525000000000865
27936,0.0004463571428570694
27937,0.00045985714285709127
27938,0.0004942500000000548
27939,0.0005022857142857312
27940,0.0004910357142856623
27941,0.0004887857142857095
27942,0.0005027142857142865
27943,0.0005205000000000126
27944,0.0005387142857142939
27945,0.0005271428571428467
27946,0.0004949999999999883
27947,0.0005138571428571786
27948,0.000573214285714282
27949,0.0005892857142857874
27950,0.0005873571428572129
27951,0.0005942142857142484
27952,0.0005964642857143535
27953,0.0005781428571428953
27954,0.0005926071428572044
27955,0.0006397499999999517
27956,0.0006502499999999348
27957,0.0006587142857143188
27958,0.0006670714285713737
27959,0.0006698571428572109
27960,0.0006812142857143044
27961,0.0006774642857143322
27962,0.0007051071428571325
27963,0.0007215000000000162
27964,0.0007566428571429133
27965,0.0007543928571428081
27966,0.0007468928571428636
27967,0.0007759285714285065
27968,0.0007784999999999899
27969,0.0007698214285714045
27970,0.0007731428571428214
27971,0.000759000000000043
27972,0.0007664999999999875
27973,0.0007849285714286225
27974,0.0007721785714285343
27975,0.000748392857142883
27976,0.0007420714285714272
27977,0.0007572857142856699
27978,0.0007564285714285595
27979,0.000717750000000044
27980,0.0006683571428571915
27981,0.0006580714285714099
27982,0.0006400714285714823
27983,0.0006189642857143391
27984,0.000621857142857201
27985,0.0005992500000000384
27986,0.0005532857142857799
27987,0.0005387142857142939
27988,0.0005227499999999655
27989,0.0005108571428571399
27990,0.0004983214285714053
27991,0.000481285714285765
27992,0.00045814285714287044
27993,0.0004153928571428521
27994,0.00038914285714289424
27995,0.00036428571428577885
27996,0.0003514285714285137
27997,0.0003667499999999332
27998,0.0003770357142857149
27999,0.0003571071428572127
28000,0.0003799285714285767
28001,0.0003860357142856787
28002,0.00036385714285707137
28003,0.0003497142857142929
28004,0.0003415714285714395
28005,0.0003520714285714226
28006,0.0003552857142856628
28007,0.0003432857142856603
28008,0.00033760714285711353
28009,0.00034821428571427354
28010,0.0003653571428570907
28011,0.00035946428571434247
28012,0.0003470357142857848
28013,0.00032989285714281536
28014,0.00035967857142854396
28015,0.000367500000000019
28016,0.00034253571428572674
28017,0.0003504642857142264
28018,0.00037971428571422297
28019,0.00037275000000001055
28020,0.000356892857142859
28021,0.0003397500000000418
28022,0.0003470357142857848
28023,0.0003818571428571512
28024,0.00036739285714284213
28025,0.00033235714285712194
28026,0.00034928571428573767
28027,0.0003757500000000493
28028,0.00035785714285714625
28029,0.00036803571428575105
28030,0.0003764999999999828
28031,0.00036428571428577885
28032,0.00035860714285707983
28033,0.00035839285714287834
28034,0.00038475000000001307
28035,0.00038807142857143006
28036,0.0003821785714285296
28037,0.000384214285714281
28038,0.00038914285714289424
28039,0.0003867857142857645
28040,0.00037028571428570397
28041,0.00037832142857138046
28042,0.0003550714285714613
28043,0.0003457499999999669
28044,0.00037275000000001055
28045,0.00037789285714282526
28046,0.0003909642857142919
28047,0.00041078571428576947
28048,0.0003858214285714772
28049,0.00038292857142861535
28050,0.0003668571428571101
28051,0.0003854999999999466
28052,0.00042739285714285454
28053,0.00039932142857149904
28054,0.00036760714285719585
28055,0.0003605357142856544
28056,0.00038485714285718995
28057,0.00040424999999996
28058,0.0003995357142857005
28059,0.00036042857142862977
28060,0.00035228571428577634
28061,0.0003520714285714226
28062,0.0003571071428572127
28063,0.0003963214285714603
28064,0.0003907499999999382
28065,0.00037982142857139985
28066,0.0003707142857142592
28067,0.00037382142857147473
28068,0.0004144285714285648
28069,0.00039814285714285803
28070,0.00037275000000001055
28071,0.00036471428571433406
28072,0.0003512142857143122
28073,0.0003717857142857233
28074,0.0003970714285713939
28075,0.0003930000000000433
28076,0.00040414285714278315
28077,0.0004210714285713989
28078,0.00040778571428573074
28079,0.0004106785714285926
28080,0.00043425000000004235
28081,0.00043392857142851175
28082,0.00043446428571424384
28083,0.0004620000000000195
28084,0.0004818214285714971
28085,0.0004817142857143202
28086,0.0004610357142857323
28087,0.00044442857142864715
28088,0.00043264285714284613
28089,0.00041367857142863125
28090,0.0003964285714286372
28091,0.00038860714285716215
28092,0.0004013571428570982
28093,0.00037939285714284465
28094,0.00037296428571421204
28095,0.00039814285714285803
28096,0.0004158214285714073
28097,0.00040532142857142416
28098,0.00038742857142852114
28099,0.00035325000000006364
28100,0.0003211071428572053
28101,0.00037971428571422297
28102,0.00043778571428566084
28103,0.00039546428571434996
28104,0.00034907142857138395
28105,0.0003712499999999912
28106,0.00038796428571425323
28107,0.0003919285714285792
28108,0.00044485714285720236
28109,0.0005396785714285812
28110,0.0006553928571429018
28111,0.0007716428571428022
28112,0.0009275357142856576
28113,0.0011036785714285458
28114,0.0012022500000000492
28115,0.0012668571428571442
28116,0.001228500000000007
28117,0.0009534642857142371
28118,0.0005957142857142677
28119,0.00033910714285713287
28120,0.00019992857142853943
28121,0.00015942857142862618
28122,0.00012246428571433148
28123,9.921428571426003e-05
28124,0.00010832142857140071
28125,0.0001857857142857609
28126,0.00029217857142858705
28127,0.00033150000000001153
28128,0.00035282142857135615
28129,0.0003909642857142919
28130,0.00041207142857143503
28131,0.0004237500000000592
28132,0.00043800000000001455
28133,0.0004429285714286278
28134,0.0004406785714285227
28135,0.00040960714285712845
28136,0.0004153928571428521
28137,0.0004420714285713651
28138,0.0004771071428570853
28139,0.0005208214285713909
28140,0.0004984285714285822
28141,0.00047817857142854945
28142,0.0004731428571429116
28143,0.0004903928571429057
28144,0.0005073214285713692
28145,0.0005247857142857169
28146,0.0005262857142857363
28147,0.0005075357142857228
28148,0.0005042142857143058
28149,0.0005268214285714684
28150,0.0005403214285714901
28151,0.0005650714285714287
28152,0.0005680714285714673
28153,0.000556607142857197
28154,0.0005636785714285862
28155,0.0005876785714285912
28156,0.0005825357142857765
28157,0.0006004285714285272
28158,0.0006213214285714689
28159,0.0006138214285713721
28160,0.0006325714285713856
28161,0.0006372857142856451
28162,0.0006367500000000652
28163,0.0006493928571428244
28164,0.0006723214285713653
28165,0.00070928571428566
28166,0.0007408928571427863
28167,0.0007429285714285376
28168,0.0007461428571429301
28169,0.0007233214285714139
28170,0.000729857142857071
28171,0.0007648928571427912
28172,0.0007512857142857448
28173,0.0007615714285713742
28174,0.0007662857142857859
28175,0.0007660714285714323
28176,0.0007426071428571593
28177,0.0007730357142856447
28178,0.0007928571428571222
28179,0.0007967142857142713
28180,0.0008128928571428011
28181,0.0007865357142856664
28182,0.0007573928571428468
28183,0.0007398214285714744
28184,0.0007340357142857507
28185,0.0007299642857142479
28186,0.0007042500000000221
28187,0.0006827142857143238
28188,0.0006566785714285674
28189,0.0006057857142856957
28190,0.0005652857142857824
28191,0.0005695714285714867
28192,0.0005858571428571935
28193,0.000573214285714282
28194,0.0005351785714285232
28195,0.0004864285714285797
28196,0.0004413214285714316
28197,0.00043307142857140134
28198,0.0004128214285713686
28199,0.00038892857142854047
28200,0.0004397142857142354
28201,0.00044399999999993967
28202,0.0003966428571428387
28203,0.0003859285714285018
28204,0.0004055357142857779
28205,0.000405428571428601
28206,0.0003770357142857149
28207,0.00035742857142859104
28208,0.0003422142857143484
28209,0.000356892857142859
28210,0.0003817499999999744
28211,0.0003826071428570848
28212,0.000361392857142917
28213,0.0003458571428571438
28214,0.0003548571428571076
28215,0.000380249999999955
28216,0.0003491785714285608
28217,0.00035249999999997783
28218,0.000396964285714217
28219,0.00036771428571422045
28220,0.0003506785714285802
28221,0.0003282857142857714
28222,0.0003612857142857402
28223,0.00041517857142849837
28224,0.0003919285714285792
28225,0.0003717857142857233
28226,0.0003701785714285271
28227,0.00037414285714285306
28228,0.00037425000000002994
28229,0.00036439285714280346
28230,0.000366321428571378
28231,0.00036482142857135867
28232,0.00037532142857149407
28233,0.00035914285714281187
28234,0.00036471428571433406
28235,0.0004055357142857779
28236,0.0004062857142857114
28237,0.00036771428571422045
28238,0.00035314285714288675
28239,0.00037242857142863223
28240,0.0003972857142857476
28241,0.00041078571428576947
28242,0.0004068214285714435
28243,0.00037982142857139985
28244,0.0003777857142856484
28245,0.00037864285714291106
28246,0.00035357142857144196
28247,0.0003918214285714023
28248,0.0004277142857142329
28249,0.0004277142857142329
28250,0.0004000714285714326
28251,0.0003815357142857729
28252,0.0003717857142857233
28253,0.00038914285714289424
28254,0.00037896428571428944
28255,0.00036342857142851616
28256,0.0003657857142856459
28257,0.00038785714285707634
28258,0.00037435714285720677
28259,0.0003653571428570907
28260,0.00039985714285707886
28261,0.0004173214285714266
28262,0.0003930000000000433
28263,0.0003577499999999694
28264,0.000338999999999956
28265,0.00038228571428570643
28266,0.00042310714285715025
28267,0.00040350000000002645
28268,0.0003751071428571403
28269,0.0003679285714285742
28270,0.00038989285714282777
28271,0.0003858214285714772
28272,0.0003620357142856737
28273,0.00036010714285709917
28274,0.00039450000000006266
28275,0.00039857142857141324
28276,0.0004017857142856534
28277,0.0004237500000000592
28278,0.000412714285714344
28279,0.0004205357142856668
28280,0.00040371428571422794
28281,0.0003922499999999575
28282,0.0003854999999999466
28283,0.0004058571428571562
28284,0.0004061785714285345
28285,0.00041817857142853704
28286,0.0004716428571428923
28287,0.00045224999999996993
28288,0.00043467857142859756
28289,0.0004250357142857248
28290,0.0004004999999999878
28291,0.0004323214285714678
28292,0.00045942857142853606
28293,0.00046360714285721574
28294,0.000477964285714348
28295,0.00044785714285708875
28296,0.00042364285714288234
28297,0.00043360714285713343
28298,0.00045889285714280397
28299,0.0004731428571429116
28300,0.0004429285714286278
28301,0.00042321428571432713
28302,0.00040371428571422794
28303,0.0003759642857142507
28304,0.00035935714285716564
28305,0.00037467857142858515
28306,0.0003940714285713552
28307,0.00037971428571422297
28308,0.0003927857142856896
28309,0.0004122857142857888
28310,0.00041914285714282433
28311,0.0004267499999999456
28312,0.000442178571428542
28313,0.0004171071428570729
28314,0.000366321428571378
28315,0.0003666428571429086
28316,0.000385392857142922
28317,0.0004371428571429042
28318,0.0005236071428570759
28319,0.0005953928571428894
28320,0.0007042500000000221
28321,0.0008746071428571867
28322,0.0010344642857142159
28323,0.0011751428571428286
28324,0.001222285714285728
28325,0.0011785714285714225
28326,0.0010034999999999985
28327,0.0006621428571429126
28328,0.00034210714285717154
28329,0.00021139285714280983
28330,0.00017453571428569198
28331,0.00016125000000002387
28332,9.974999999999211e-05
28333,0.00010296428571423226
28334,0.00018160714285708122
28335,0.0002663571428571844
28336,0.00031328571428573023
28337,0.0003406071428571522
28338,0.00038410714285710414
28339,0.0004213928571429295
28340,0.0004417499999999868
28341,0.00044442857142864715
28342,0.0004520357142857685
28343,0.0004301785714285395
28344,0.0004298571428571612
28345,0.00046071428571435396
28346,0.0004655357142857903
28347,0.00045857142857142565
28348,0.0005154642857142226
28349,0.0005401071428571365
28350,0.0005405357142856917
28351,0.0005337857142856807
28352,0.0005418214285713573
28353,0.0005572499999999536
28354,0.0005517857142857606
28355,0.0005198571428571037
28356,0.000529285714285775
28357,0.0005464285714285921
28358,0.000565392857142807
28359,0.0005596071428570834
28360,0.0005502857142857412
28361,0.0005778214285713647
28362,0.0006313928571428968
28363,0.0006113571428572178
28364,0.0005965714285713781
28365,0.0005758928571427902
28366,0.0005782500000000722
28367,0.000613928571428549
28368,0.0006420000000000568
28369,0.0006529285714285952
28370,0.000679821428571462
28371,0.0006692142857143019
28372,0.0006752142857142271
28373,0.0007102499999999473
28374,0.000705964285714243
28375,0.000717750000000044
28376,0.0007547142857143387
28377,0.0007645714285714129
28378,0.0007401428571428527
28379,0.0007330714285714634
28380,0.00077292857142862
28381,0.0008065714285714977
28382,0.0008172857142856823
28383,0.0008147142857143511
28384,0.0008017500000000613
28385,0.0007940357142857631
28386,0.0007812857142856748
28387,0.0007988571428571995
28388,0.0008086071428570968
28389,0.0008182499999999696
28390,0.0008272499999999334
28391,0.0007979999999999369
28392,0.0007622142857142832
28393,0.0007534285714285208
28394,0.0007417500000000489
28395,0.0007390714285713886
28396,0.0006962142857143456
28397,0.0006681428571428378
28398,0.0006633214285714015
28399,0.0006216428571428472
28400,0.0005975357142856654
28401,0.0005949642857143342
28402,0.000559285714285705
28403,0.0005406428571428685
28404,0.0005290714285714212
28405,0.0004933928571427921
28406,0.000487392857142867
28407,0.000498535714285759
28408,0.0004582500000000473
28409,0.00045374999999998926
28410,0.00048589285714284767
28411,0.00045771428571431523
28412,0.00042567857142863377
28413,0.00042546428571428
28414,0.0004059642857143331
28415,0.0004084285714286397
28416,0.00041078571428576947
28417,0.00039374999999997686
28418,0.0004267499999999456
28419,0.0004301785714285395
28420,0.0003816428571427975
28421,0.0003655714285714445
28422,0.0004102500000000374
28423,0.00043778571428566084
28424,0.00041325000000007605
28425,0.00041335714285710065
28426,0.0004076785714285539
28427,0.0003897857142856509
28428,0.0003901071428571815
28429,0.00039514285714281936
28430,0.00039246428571431123
28431,0.0003974999999999491
28432,0.0003861428571428555
28433,0.00036824999999995255
28434,0.00038014285714293045
28435,0.0004084285714286397
28436,0.0004234285714285286
28437,0.00041389285714283275
28438,0.0004111071428571478
28439,0.00040864285714284116
28440,0.00040446428571431375
28441,0.0004264285714285673
28442,0.0004371428571429042
28443,0.0004237500000000592
28444,0.0004076785714285539
28445,0.0003977142857143028
28446,0.0004263214285713904
28447,0.00040692857142862033
28448,0.00040189285714283023
28449,0.0004170000000000483
28450,0.0004371428571429042
28451,0.00043842857142856976
28452,0.0004204285714286422
28453,0.0004173214285714266
28454,0.00043821428571421604
28455,0.00042364285714288234
28456,0.0003965357142856618
28457,0.00041764285714280495
28458,0.00042942857142860597
28459,0.0003978214285714797
28460,0.00038346428571434744
28461,0.0003967500000000155
28462,0.00044057142857149807
28463,0.00044571428571431277
28464,0.000442178571428542
28465,0.0004406785714285227
28466,0.0004250357142857248
28467,0.00041839285714289075
28468,0.00039899999999996844
28469,0.000400928571428543
28470,0.0004050000000000458
28471,0.00039814285714285803
28472,0.000423321428571504
28473,0.0004578214285714921
28474,0.00047400000000002204
28475,0.0004307142857142716
28476,0.00038432142857145786
28477,0.00040692857142862033
28478,0.00044882142857137605
28479,0.0004569642857142294
28480,0.00044346428571435985
28481,0.00046071428571435396
28482,0.0004507499999999506
28483,0.0004356428571428848
28484,0.00044892857142855294
28485,0.0004580357142856936
28486,0.0004761428571427981
28487,0.0004669285714286328
28488,0.0004631785714285083
28489,0.00048278571428578434
28490,0.0004656428571428149
28491,0.0005243571428571617
28492,0.0005436428571429072
28493,0.0004762499999999749
28494,0.0004467857142857769
28495,0.0004208571428571974
28496,0.00038860714285716215
28497,0.0004248214285713711
28498,0.00042964285714280746
28499,0.0004112142857143247
28500,0.0004311428571428268
28501,0.0004316785714285589
28502,0.0004097142857143053
28503,0.0004118571428570813
28504,0.00041485714285712
28505,0.00041507142857147376
28506,0.00043242857142864464
28507,0.0004275000000000314
28508,0.0004113214285715015
28509,0.0004223571428572167
28510,0.00043553571428570797
28511,0.000436714285714349
28512,0.0004512857142856827
28513,0.0005069999999999907
28514,0.000583928571428619
28515,0.0006742499999999398
28516,0.0007792500000000757
28517,0.000900107142857211
28518,0.001013250000000048
28519,0.0010999285714285735
28520,0.0011618571428571604
28521,0.0010836428571428668
28522,0.0008366785714286046
28523,0.0005266071428571146
28524,0.00029271428571431914
28525,0.00017882142857139627
28526,0.00016564285714290504
28527,0.00016446428571426403
28528,0.00014421428571423128
28529,0.00017346428571422782
28530,0.00022489285714283167
28531,0.00026324999999996886
28532,0.0003322499999999451
28533,0.0003940714285713552
28534,0.00040885714285719487
28535,0.0004417499999999868
28536,0.0005011071428570903
28537,0.0004753928571428645
28538,0.0004758214285714197
28539,0.0004909285714286378
28540,0.0005004642857143336
28541,0.0004960714285714525
28542,0.000498000000000027
28543,0.0005291785714285981
28544,0.000525321428571449
28545,0.00048750000000004383
28546,0.0005139642857143555
28547,0.000535928571428609
28548,0.0005410714285714237
28549,0.0005695714285714867
28550,0.0005887500000000553
28551,0.000555964285714288
28552,0.0005517857142857606
28553,0.0005618571428571886
28554,0.0005676428571429121
28555,0.000606107142857074
28556,0.0005986071428571295
28557,0.0006098571428571985
28558,0.0006156428571429221
28559,0.0006304285714286096
28560,0.000647892857142805
28561,0.0006382499999999324
28562,0.0006272142857142171
28563,0.0006385714285714629
28564,0.0006715714285714317
28565,0.0006908571428571772
28566,0.0006634285714285783
28567,0.0006514285714285758
28568,0.0006621428571429126
28569,0.000711000000000033
28570,0.0007565357142857364
28571,0.0007373571428571677
28572,0.0007409999999999632
28573,0.0007715357142857775
28574,0.0007831071428570725
28575,0.0008045357142857463
28576,0.0008071071428570776
28577,0.0008182499999999696
28578,0.0008274642857142872
28579,0.0008289642857143064
28580,0.0008031428571429038
28581,0.0008137500000000639
28582,0.0008367857142857815
28583,0.000810857142857202
28584,0.0007968214285714482
28585,0.0008140714285714422
28586,0.000795749999999984
28587,0.0007670357142857196
28588,0.0007691785714284955
28589,0.0007329642857142866
28590,0.0006843214285713677
28591,0.0007067142857143287
28592,0.0007142142857142732
28593,0.0006677142857142826
28594,0.0006030000000000106
28595,0.0005840357142856435
28596,0.0006060000000000493
28597,0.0005589642857143267
28598,0.0005356071428570784
28599,0.0005650714285714287
28600,0.0005428928571428214
28601,0.0004973571428571181
28602,0.0004848214285713835
28603,0.0004963928571428308
28604,0.0004810714285714113
28605,0.00046403571428577095
28606,0.0004520357142857685
28607,0.00043917857142850334
28608,0.00043296428571422445
28609,0.00042021428571428846
28610,0.0004417499999999868
28611,0.0004476428571428873
28612,0.00040392857142858166
28613,0.00039717857142857073
28614,0.0004007142857143415
28615,0.000426642857142921
28616,0.00044421428571429344
28617,0.0004097142857143053
28618,0.0003774642857142701
28619,0.00040949999999995157
28620,0.0004119642857142582
28621,0.00040735714285717553
28622,0.00040949999999995157
28623,0.00039385714285715374
28624,0.0003806785714285102
28625,0.00040371428571422794
28626,0.0003957857142857283
28627,0.00035357142857144196
28628,0.00039417857142853206
28629,0.0004535357142857878
28630,0.00045267857142852514
28631,0.00041914285714282433
28632,0.0004059642857143331
28633,0.0003979285714285043
28634,0.0003868928571427891
28635,0.0003664285714285549
28636,0.0003918214285714023
28637,0.00045439285714289824
28638,0.00045889285714280397
28639,0.00043457142857142067
28640,0.0004372499999999288
28641,0.00044892857142855294
28642,0.0004357500000000617
28643,0.0004535357142857878
28644,0.0004472142857143321
28645,0.0004218214285714847
28646,0.00042910714285707537
28647,0.0004223571428572167
28648,0.0003964285714286372
28649,0.00038410714285710414
28650,0.0004366071428571721
28651,0.0004772142857142622
28652,0.00042857142857149555
28653,0.0004352142857143296
28654,0.0004306071428570947
28655,0.00042471428571434647
28656,0.00043264285714284613
28657,0.0004210714285713989
28658,0.00042385714285708383
28659,0.0004462500000000448
28660,0.00043778571428566084
28661,0.0004417499999999868
28662,0.00043264285714284613
28663,0.00044571428571431277
28664,0.00045021428571421856
28665,0.0004376785714286362
28666,0.00042439285714281587
28667,0.0004276071428572083
28668,0.00042953571428578285
28669,0.00044571428571431277
28670,0.000462214285714221
28671,0.00045471428571427656
28672,0.00044892857142855294
28673,0.0004371428571429042
28674,0.00044796428571426564
28675,0.0004723928571428258
28676,0.0005013214285714441
28677,0.0004942500000000548
28678,0.00046853571428567673
28679,0.0004957500000000741
28680,0.0005206071428571895
28681,0.000515250000000021
28682,0.0004953214285713666
28683,0.0004516071428572133
28684,0.0004423928571428957
28685,0.00044957142857146186
28686,0.00044057142857149807
28687,0.0004216071428571309
28688,0.0004430357142856524
28689,0.00043296428571422445
28690,0.0004204285714286422
28691,0.00041914285714282433
28692,0.0004208571428571974
28693,0.00042267857142859504
28694,0.0004267499999999456
28695,0.00042996428571433806
28696,0.000462214285714221
28697,0.00044828571428564396
28698,0.0003826071428570848
28699,0.0003897857142856509
28700,0.00039803571428568115
28701,0.00040274999999994064
28702,0.00043800000000001455
28703,0.0004826785714286075
28704,0.0005808214285714034
28705,0.0006577500000000316
28706,0.0007607142857142638
28707,0.0009028928571428959
28708,0.0010136785714286033
28709,0.0010959642857142477
28710,0.0011639999999999366
28711,0.0011241428571429322
28712,0.0009093214285713762
28713,0.0005463214285714152
28714,0.00029271428571431914
28715,0.00024160714285709366
28716,0.0002133214285713844
28717,0.00017142857142862867
28718,0.00015717857142852104
28719,0.00016275000000004323
28720,0.00020057142857144835
28721,0.00025425000000000507
28722,0.0003112499999999788
28723,0.00034414285714292296
28724,0.00038839285714280844
28725,0.0004321071428571141
28726,0.0004613571428571106
28727,0.00047389285714284515
28728,0.000462214285714221
28729,0.0004866428571427812
28730,0.0005077499999999244
28731,0.0004882499999999774
28732,0.00048407142857144996
28733,0.0005100000000000295
28734,0.0005130000000000682
28735,0.0005232857142856976
28736,0.0005479285714286115
28737,0.000558749999999973
28738,0.0005422500000000647
28739,0.0005387142857142939
28740,0.0005647500000000503
28741,0.0005692499999999561
28742,0.0005727857142857268
28743,0.00057267857142855
28744,0.0005707499999999755
28745,0.0005664642857142712
28746,0.0005857500000000166
28747,0.0006201428571428279
28748,0.0006069642857143366
28749,0.0006137142857143476
28750,0.0006420000000000568
28751,0.0006515357142857527
28752,0.0006434999999999239
28753,0.0006536785714285287
28754,0.0006616071428571807
28755,0.0006393214285713965
28756,0.0006180000000000519
28757,0.0006906428571428234
28758,0.0007228928571428587
28759,0.0007218214285713945
28760,0.0007478571428571509
28761,0.0007492499999999934
28762,0.0007447499999999354
28763,0.0007801071428571861
28764,0.0008033571428571053
28765,0.0008085000000000723
28766,0.0008288571428571296
28767,0.000827571428571464
28768,0.0008237142857143149
28769,0.000854892857142886
28770,0.0008626071428571841
28771,0.0008214642857142097
28772,0.0008229642857142291
28773,0.0008495357142857176
28774,0.0008180357142857682
28775,0.0007981071428571138
28776,0.0007795714285714541
28777,0.0007703571428571365
28778,0.0007826785714285173
28779,0.0007671428571428963
28780,0.0007296428571428696
28781,0.000717750000000044
28782,0.0007111071428572099
28783,0.0006793928571429068
28784,0.0006380357142857308
28785,0.0006266785714286374
28786,0.0006153214285713915
28787,0.0005855357142856629
28788,0.0005556428571429097
28789,0.0005378571428571835
28790,0.0005343214285714128
28791,0.0005141785714285569
28792,0.0005072142857143445
28793,0.00047957142857139195
28794,0.0004418571428571637
28795,0.0004447500000000255
28796,0.00045342857142861094
28797,0.0004406785714285227
28798,0.0004260000000000121
28799,0.0004152857142856752
28800,0.00040832142857146283
28801,0.0004071428571428218
28802,0.0004108928571427941
28803,0.0004122857142857888
28804,0.000401464285714275
28805,0.000371464285714345
28806,0.0003767142857143365
28807,0.00041935714285717805
28808,0.00039889285714279156
28809,0.0004013571428570982
28810,0.0004029642857142944
28811,0.0003823928571428833
28812,0.0004250357142857248
28813,0.0004165714285714931
28814,0.0004105714285714157
28815,0.00041860714285709224
28816,0.00040307142857147124
28817,0.0003857142857143003
28818,0.00039889285714279156
28819,0.00042535714285710317
28820,0.0004156071428572058
28821,0.00040221428571436083
28822,0.00040360714285720333
28823,0.00041517857142849837
28824,0.000446142857142868
28825,0.0004349999999999759
28826,0.0003978214285714797
28827,0.0004084285714286397
28828,0.0004050000000000458
28829,0.00042439285714281587
28830,0.00041817857142853704
28831,0.0003770357142857149
28832,0.00038485714285718995
28833,0.0004052142857142473
28834,0.00045889285714280397
28835,0.00045942857142853606
28836,0.0004060714285713577
28837,0.0004157142857142304
28838,0.0004205357142856668
28839,0.00040221428571436083
28840,0.00040264285714291604
28841,0.00041678571428569453
28842,0.00042267857142859504
28843,0.0004301785714285395
28844,0.0004406785714285227
28845,0.0004229999999999734
28846,0.0004311428571428268
28847,0.00041860714285709224
28848,0.00042439285714281587
28849,0.00042857142857149555
28850,0.00039942857142852365
28851,0.00040403571428575854
28852,0.0004166785714285177
28853,0.0004358571428570863
28854,0.0004354285714285311
28855,0.00042364285714288234
28856,0.00041421428571421107
28857,0.0004156071428572058
28858,0.0004171071428570729
28859,0.0004162499999999625
28860,0.0004038214285714048
28861,0.00044957142857146186
28862,0.00047860714285710465
28863,0.00044325000000000614
28864,0.0004011428571428967
28865,0.0004101428571428605
28866,0.0004298571428571612
28867,0.00044507142857140385
28868,0.00045514285714283177
28869,0.00046864285714285356
28870,0.00046799999999994464
28871,0.0004524642857143237
28872,0.00046585714285716866
28873,0.0004565357142856742
28874,0.00045471428571427656
28875,0.0004708928571428065
28876,0.0005071071428571676
28877,0.0005154642857142226
28878,0.000489535714285643
28879,0.00047860714285710465
28880,0.0005038928571429275
28881,0.00047892857142863525
28882,0.0004426071428570972
28883,0.00041796428571433554
28884,0.00040982142857148217
28885,0.0004318928571429126
28886,0.00044271428571427405
28887,0.0004061785714285345
28888,0.0003657857142856459
28889,0.00037499999999996347
28890,0.00043457142857142067
28891,0.00045300000000005573
28892,0.0004174285714286035
28893,0.00041978571428573326
28894,0.000442178571428542
28895,0.0004417499999999868
28896,0.0004225714285714182
28897,0.0004113214285715015
28898,0.0003712499999999912
28899,0.0003716785714285464
28900,0.0004808571428572098
28901,0.0005761071428571439
28902,0.0006472500000000484
28903,0.0007682142857143605
28904,0.0009306428571428731
28905,0.001053964285714315
28906,0.0011679642857142624
28907,0.0012432857142856944
28908,0.0012460714285713794
28909,0.0010528928571428508
28910,0.0007012499999999835
28911,0.0003907499999999382
28912,0.00023442857142852753
28913,0.00018525000000002884
28914,0.00016917857142852353
28915,0.00014003571428570385
28916,0.0001462499999999827
28917,0.00023903571428576242
28918,0.00030246428571421646
28919,0.0003305357142857243
28920,0.0003705000000000577
28921,0.00041474999999994316
28922,0.00043349999999995654
28923,0.00043896428571430185
28924,0.0004453928571427822
28925,0.0004211785714285757
28926,0.00043735714285710563
28927,0.00045471428571427656
28928,0.0004759285714285966
28929,0.0005035714285713969
28930,0.0004861071428572014
28931,0.000496821428571386
28932,0.0005431071428571751
28933,0.0005442857142856639
28934,0.0005358214285714322
28935,0.0005284285714285123
28936,0.0005030357142856649
28937,0.0005358214285714322
28938,0.0005703214285714203
28939,0.0005506071428571195
28940,0.0005609999999999258
28941,0.000569892857142865
28942,0.0005855357142856629
28943,0.0005781428571428953
28944,0.0005958214285714446
28945,0.0006258214285713746
28946,0.0006118928571427977
28947,0.0006125357142857065
28948,0.0005997857142857705
28949,0.0006092142857142895
28950,0.0006381428571429077
28951,0.0006616071428571807
28952,0.0006968571428571023
28953,0.0006839999999999894
28954,0.0006399642857143054
28955,0.0006342857142857586
28956,0.0006623571428571142
28957,0.0006920357142856659
28958,0.0007247142857142563
28959,0.0007434642857142697
28960,0.0007406785714285848
28961,0.0007655357142857002
28962,0.0008066785714285224
28963,0.0008079642857143402
28964,0.0008116071428571355
28965,0.0008181428571427927
28966,0.0007906071428571693
28967,0.0007746428571428408
28968,0.0008284285714285744
28969,0.0008302499999999721
28970,0.0008164285714285719
28971,0.0008026071428571717
28972,0.0008019642857142629
28973,0.0007981071428571138
28974,0.0008110714285714035
28975,0.00082092857142863
28976,0.0007852500000000008
28977,0.0007396071428571206
28978,0.0007052142857143094
28979,0.000688607142857072
28980,0.0006799285714286388
28981,0.0006493928571428244
28982,0.0006064285714286045
28983,0.0005815714285714892
28984,0.0005794285714285609
28985,0.0005542500000000672
28986,0.0005530714285714262
28987,0.0005357142857142553
28988,0.0004999285714286016
28989,0.0004978928571428502
28990,0.00043735714285710563
28991,0.00041850000000006764
28992,0.00044485714285720236
28993,0.00039942857142852365
28994,0.0004170000000000483
28995,0.0004456071428571359
28996,0.0004251428571429017
28997,0.00040371428571422794
28998,0.0003710357142857898
28999,0.0003893571428570957
29000,0.0003909642857142919
29001,0.0003751071428571403
29002,0.0003866785714285876
29003,0.0003763928571428059
29004,0.0003965357142856618
29005,0.00040917857142857325
29006,0.0003956785714285514
29007,0.0004004999999999878
29008,0.0003817499999999744
29009,0.00035903571428578726
29010,0.00037360714285712097
29011,0.0003777857142856484
29012,0.00038410714285710414
29013,0.0004033928571428496
29014,0.0004208571428571974
29015,0.00040371428571422794
29016,0.000396964285714217
29017,0.0003893571428570957
29018,0.000360214285714276
29019,0.0004008214285713661
29020,0.0004017857142856534
29021,0.0003756428571428724
29022,0.00039975000000005425
29023,0.00042782142857140975
29024,0.0003962142857142835
29025,0.0004029642857142944
29026,0.0004112142857143247
29027,0.0003807857142856871
29028,0.0003919285714285792
29029,0.0004166785714285177
29030,0.00041303571428572233
29031,0.00043403571428568864
29032,0.0004319999999999372
29033,0.0004144285714285648
29034,0.00040692857142862033
29035,0.0003991071428571453
29036,0.00038892857142854047
29037,0.0003817499999999744
29038,0.0004016785714286288
29039,0.0004201071428571116
29040,0.0004097142857143053
29041,0.00040264285714291604
29042,0.0004117500000000567
29043,0.00039878571428576695
29044,0.00039889285714279156
29045,0.0004214999999999541
29046,0.0004258928571428352
29047,0.00043264285714284613
29048,0.0004306071428570947
29049,0.00039835714285721175
29050,0.00038389285714290265
29051,0.0004302857142857164
29052,0.00043307142857140134
29053,0.0004101428571428605
29054,0.0004117500000000567
29055,0.00038925000000007107
29056,0.0003861428571428555
29057,0.00041807142857136015
29058,0.00043757142857145934
29059,0.00043307142857140134
29060,0.0004297499999999843
29061,0.00039450000000006266
29062,0.0003912857142856702
29063,0.00039364285714279997
29064,0.00038946428571427256
29065,0.000412714285714344
29066,0.00041517857142849837
29067,0.0004117500000000567
29068,0.00046285714285712994
29069,0.00047185714285709373
29070,0.0004582500000000473
29071,0.0004516071428572133
29072,0.0004523571428571468
29073,0.0004404642857143212
29074,0.00044882142857137605
29075,0.0004447500000000255
29076,0.00046039285714282336
29077,0.0004716428571428923
29078,0.0004753928571428645
29079,0.0004571785714285832
29080,0.0004677857142857432
29081,0.00047978571428574566
29082,0.00047474999999995557
29083,0.0004606071428571771
29084,0.00044882142857137605
29085,0.00042942857142860597
29086,0.0003995357142857005
29087,0.00040778571428573074
29088,0.0003961071428571066
29089,0.00036985714285714877
29090,0.00038357142857137205
29091,0.0004414285714286085
29092,0.00045310714285708034
29093,0.00042953571428578285
29094,0.000391500000000024
29095,0.0003856071428571235
29096,0.0003858214285714772
29097,0.0004020000000000071
29098,0.0004000714285714326
29099,0.0004004999999999878
29100,0.0004065000000000651
29101,0.0004111071428571478
29102,0.0004474285714285336
29103,0.0005416071428571557
29104,0.0006300000000000543
29105,0.0007592142857142445
29106,0.0009355714285714864
29107,0.0010683214285714473
29108,0.0011680714285714393
29109,0.0012515357142857248
29110,0.0012316071428570704
29111,0.0010317857142857077
29112,0.0007306071428571569
29113,0.0004309285714286253
29114,0.0002797500000000294
29115,0.0002251071428571854
29116,0.00017389285714278303
29117,0.00014410714285720668
29118,0.0001484999999999356
29119,0.00021482142857140373
29120,0.0002719285714285543
29121,0.00032217857142851714
29122,0.0003799285714285767
29123,0.00041517857142849837
29124,0.00040317857142849585
29125,0.0004068214285714435
29126,0.0004275000000000314
29127,0.0004309285714286253
29128,0.000466178571428547
29129,0.0004981071428572038
29130,0.0004970357142857398
29131,0.0004987499999999605
29132,0.0004988571428571374
29133,0.00046500000000005825
29134,0.00042878571428569705
29135,0.00047432142857140036
29136,0.000550928571428498
29137,0.0005523214285714927
29138,0.0005716071428570859
29139,0.0005636785714285862
29140,0.0005405357142856917
29141,0.0005317499999999293
29142,0.0005318571428571062
29143,0.0005439642857142855
29144,0.000533142857142924
29145,0.0005451428571429265
29146,0.0005896071428571657
29147,0.0005907857142856544
29148,0.0005915357142857403
29149,0.0006009642857142593
29150,0.0006207857142857368
29151,0.0006328928571429161
29152,0.0006246428571428859
29153,0.0006315000000000736
29154,0.0006291428571427917
29155,0.0006378214285713772
29156,0.0006482142857143357
29157,0.0006689999999999482
29158,0.0006671785714285506
29159,0.0006968571428571023
29160,0.0007760357142856833
29161,0.000768964285714294
29162,0.0007546071428571618
29163,0.0007675714285714515
29164,0.0007945714285714952
29165,0.0007944642857143183
29166,0.000798535714285669
29167,0.0008329285714286324
29168,0.0008228571428572044
29169,0.0008183571428571465
29170,0.0008418214285714193
29171,0.0008289642857143064
29172,0.0008217857142857404
29173,0.0008045357142857463
29174,0.0007670357142857196
29175,0.0007676785714286284
29176,0.0007885714285714179
29177,0.0007849285714286225
29178,0.0007763571428572139
29179,0.0007572857142856699
29180,0.0007511785714285679
29181,0.0007178571428570685
29182,0.0006775714285713568
29183,0.0006410357142857695
29184,0.0006182142857142533
29185,0.0006133928571428169
29186,0.0005904642857142761
29187,0.0005729999999999284
29188,0.0005518928571427851
29189,0.0005305714285714406
29190,0.0005048571428572148
29191,0.00047828571428572633
29192,0.00044849999999999773
29193,0.00043242857142864464
29194,0.0004250357142857248
29195,0.000400928571428543
29196,0.00039246428571431123
29197,0.0004166785714285177
29198,0.00042246428571424133
29199,0.00041346428571427754
29200,0.00043296428571422445
29201,0.0004313571428571805
29202,0.00041421428571421107
29203,0.00039985714285707886
29204,0.0003872142857143197
29205,0.0003665357142857317
29206,0.00037874999999993567
29207,0.0003826071428570848
29208,0.00037296428571421204
29209,0.0003973928571429245
29210,0.0003952499999999962
29211,0.0003565714285714807
29212,0.00036942857142859356
29213,0.000391500000000024
29214,0.00038817857142860694
29215,0.00038871428571433903
29216,0.0003772500000000686
29217,0.000366321428571378
29218,0.00037242857142863223
29219,0.0004152857142856752
29220,0.00043307142857140134
29221,0.00040414285714278315
29222,0.0004020000000000071
29223,0.0004112142857143247
29224,0.00039889285714279156
29225,0.0003649285714285355
29226,0.0003825000000000602
29227,0.0004060714285713577
29228,0.00040414285714278315
29229,0.0003718928571429002
29230,0.000370821428571436
29231,0.00042546428571428
29232,0.0004128214285713686
29233,0.00042267857142859504
29234,0.00042739285714285454
29235,0.00040317857142849585
29236,0.0004173214285714266
29237,0.0004260000000000121
29238,0.0003905357142857367
29239,0.0003856071428571235
29240,0.0003718928571429002
29241,0.0003659999999999997
29242,0.00042932142857142914
29243,0.0004383214285713929
29244,0.0004270714285714762
29245,0.0004311428571428268
29246,0.0004386428571429235
29247,0.0004205357142856668
29248,0.0003959999999999297
29249,0.00038432142857145786
29250,0.0003854999999999466
29251,0.0004111071428571478
29252,0.0004404642857143212
29253,0.00045889285714280397
29254,0.0004462500000000448
29255,0.00042428571428563904
29256,0.00036889285714286147
29257,0.0003655714285714445
29258,0.0003926785714285127
29259,0.00040017857142860946
29260,0.0004076785714285539
29261,0.00041850000000006764
29262,0.00041721428571424974
29263,0.00038292857142861535
29264,0.0003722142857142785
29265,0.0004126071428571671
29266,0.0004354285714285311
29267,0.0004164642857143162
29268,0.0004063928571428883
29269,0.0003956785714285514
29270,0.00042192857142850924
29271,0.0004447500000000255
29272,0.0004272857142856777
29273,0.0004178571428571587
29274,0.0004264285714285673
29275,0.0004046785714285152
29276,0.0003977142857143028
29277,0.0004002857142857863
29278,0.00038817857142860694
29279,0.000390857142857115
29280,0.00042396428571426066
29281,0.00043950000000003394
29282,0.0004356428571428848
29283,0.00042824999999996495
29284,0.00041421428571421107
29285,0.00040264285714291604
29286,0.00040949999999995157
29287,0.0004131428571428992
29288,0.00043842857142856976
29289,0.00047014285714287295
29290,0.0004780714285713726
29291,0.0004615714285714643
29292,0.00044903571428572977
29293,0.0004323214285714678
29294,0.00043296428571422445
29295,0.000443357142857183
29296,0.00047571428571424287
29297,0.0005449285714285728
29298,0.0005290714285714212
29299,0.0004809642857142344
29300,0.00047828571428572633
29301,0.0004853571428571156
29302,0.00047474999999995557
29303,0.00046328571428568514
29304,0.00044464285714284864
29305,0.00041517857142849837
29306,0.0004052142857142473
29307,0.00040574999999997937
29308,0.0003860357142856787
29309,0.00037307142857138893
29310,0.0004250357142857248
29311,0.0004459285714285142
29312,0.0004376785714286362
29313,0.0004217142857143078
29314,0.0003972857142857476
29315,0.0003817499999999744
29316,0.00041850000000006764
29317,0.00042921428571425225
29318,0.0004068214285714435
29319,0.0003697499999999719
29320,0.00036396428571424825
29321,0.0004020000000000071
29322,0.0004945714285714331
29323,0.000596678571428555
29324,0.0006908571428571772
29325,0.0008187857142857017
29326,0.0009635357142856651
29327,0.0011142857142857057
29328,0.0012161785714286263
29329,0.0012619285714285308
29330,0.0012264642857142557
29331,0.0010198928571428822
29332,0.000664607142857067
29333,0.0003646071428571572
29334,0.00022446428571427647
29335,0.00019146428571430768
29336,0.00018707142857142653
29337,0.0001484999999999356
29338,0.00016992857142860934
29339,0.0002567142857143117
29340,0.00031532142857148166
29341,0.0003617142857142954
29342,0.00039985714285707886
29343,0.000401464285714275
29344,0.0004117500000000567
29345,0.0004425000000000726
29346,0.00045846428571424876
29347,0.0004524642857143237
29348,0.00045975000000006666
29349,0.0004430357142856524
29350,0.0004627499999999531
29351,0.0004869642857143118
29352,0.0005026071428571097
29353,0.0004981071428572038
29354,0.0005067857142857893
29355,0.0005206071428571895
29356,0.0005525357142856941
29357,0.0005563928571428432
29358,0.0005313214285713741
29359,0.0005133214285714465
29360,0.00053207142857146
29361,0.000552642857142871
29362,0.0006115714285714192
29363,0.0006158571428571235
29364,0.0005646428571428735
29365,0.0005533928571428045
29366,0.000559285714285705
29367,0.0005708571428571523
29368,0.0006016071428571682
29369,0.0006203571428571816
29370,0.0006276428571429245
29371,0.0006356785714286011
29372,0.0006523928571428631
29373,0.000658607142857142
29374,0.0006666428571428185
29375,0.0006873214285714064
29376,0.0006921428571428428
29377,0.0007028571428571796
29378,0.0007206428571429058
29379,0.0007218214285713945
29380,0.0007401428571428527
29381,0.0007637142857143025
29382,0.0007645714285714129
29383,0.000765642857142877
29384,0.0007824642857143159
29385,0.0008005714285714204
29386,0.0008023928571428181
29387,0.0007941428571427878
29388,0.000812357142857069
29389,0.0008577857142857479
29390,0.0008722500000000569
29391,0.0008493214285713638
29392,0.000836999999999983
29393,0.0008241428571428701
29394,0.0008196428571428121
29395,0.0008269285714285551
29396,0.0008062499999999671
29397,0.0007787142857143437
29398,0.0007835357142857801
29399,0.0008097857142857379
29400,0.0007608214285714407
29401,0.0007060714285714198
29402,0.0007000714285714947
29403,0.0006924642857142211
29404,0.0006774642857143322
29405,0.0006567857142857443
29406,0.0006062142857142509
29407,0.0005790000000000057
29408,0.0005735357142856604
29409,0.0005647500000000503
29410,0.0005171785714285956
29411,0.0004762499999999749
29412,0.0004721785714286243
29413,0.0004765714285713532
29414,0.00047346428571428995
29415,0.00045332142857143406
29416,0.0004666071428571022
29417,0.0004371428571429042
29418,0.0004223571428572167
29419,0.00043928571428568017
29420,0.0004404642857143212
29421,0.00041721428571424974
29422,0.00041325000000007605
29423,0.000416035714285761
29424,0.00040285714285711753
29425,0.0004072499999999987
29426,0.0003916071428572008
29427,0.000391500000000024
29428,0.0004015714285714519
29429,0.00040232142857138544
29430,0.0003968571428571924
29431,0.00040221428571436083
29432,0.00040982142857148217
29433,0.0003866785714285876
29434,0.00038828571428578383
29435,0.0003970714285713939
29436,0.000391500000000024
29437,0.00041378571428565586
29438,0.0004356428571428848
29439,0.0004262142857142136
29440,0.00040735714285717553
29441,0.00040703571428564494
29442,0.0004468928571428015
29443,0.00042824999999996495
29444,0.0004108928571427941
29445,0.00040821428571428595
29446,0.0004038214285714048
29447,0.0004061785714285345
29448,0.0004072499999999987
29449,0.00040274999999994064
29450,0.00041485714285712
29451,0.0004135714285714544
29452,0.0004119642857142582
29453,0.00042439285714281587
29454,0.0004309285714286253
29455,0.00041839285714289075
29456,0.00040757142857137703
29457,0.0004263214285713904
29458,0.0004386428571429235
29459,0.00045857142857142565
29460,0.00043735714285710563
29461,0.0004234285714285286
29462,0.00038903571428571736
29463,0.00036857142857148314
29464,0.00039867857142859007
29465,0.0004268571428571225
29466,0.0004357500000000617
29467,0.000434892857142799
29468,0.00045996428571426815
29469,0.00045739285714278463
29470,0.0004669285714286328
29471,0.00046339285714286203
29472,0.0004413214285714316
29473,0.000402107142857184
29474,0.00039857142857141324
29475,0.000440035714285766
29476,0.00044571428571431277
29477,0.0004523571428571468
29478,0.00044882142857137605
29479,0.00041550000000002896
29480,0.00041474999999994316
29481,0.000420964285714222
29482,0.00042021428571428846
29483,0.00043403571428568864
29484,0.0004302857142857164
29485,0.00040778571428573074
29486,0.0004025357142857392
29487,0.0004352142857143296
29488,0.00045942857142853606
29489,0.00044507142857140385
29490,0.0004410000000000533
29491,0.00043371428571431026
29492,0.00043982142857141226
29493,0.0004378928571428377
29494,0.0004276071428572083
29495,0.0004311428571428268
29496,0.0004458214285714896
29497,0.00043082142857144847
29498,0.00042310714285715025
29499,0.0004352142857143296
29500,0.0004417499999999868
29501,0.00042321428571432713
29502,0.00037885714285711255
29503,0.0004532142857142572
29504,0.0004878214285714222
29505,0.000477964285714348
29506,0.0004808571428572098
29507,0.0004468928571428015
29508,0.00045010714285719395
29509,0.00044796428571426564
29510,0.0004659642857143455
29511,0.0004926428571428586
29512,0.000500142857142803
29513,0.0005144999999999353
29514,0.0004938214285714996
29515,0.0004765714285713532
29516,0.0004903928571429057
29517,0.0004903928571429057
29518,0.0004988571428571374
29519,0.0005239285714286065
29520,0.0005352857142857001
29521,0.0005238214285714297
29522,0.0005117142857142502
29523,0.00048417857142862684
29524,0.0004562142857142959
29525,0.00042996428571433806
29526,0.0004277142857142329
29527,0.00047732142857143903
29528,0.0004792500000000136
29529,0.0004311428571428268
29530,0.0004212857142857526
29531,0.000431571428571382
29532,0.000446142857142868
29533,0.0004464642857142463
29534,0.00044839285714282084
29535,0.0004466785714286
29536,0.00043414285714286547
29537,0.0004521428571427931
29538,0.0004430357142856524
29539,0.00041892857142862284
29540,0.0004255714285714569
29541,0.00044817857142861935
29542,0.0004823571428570769
29543,0.0005334642857143024
29544,0.0006021428571429002
29545,0.0006828214285715007
29546,0.0008203928571428979
29547,0.0009919285714285512
29548,0.0011261785714285315
29549,0.0011695714285714586
29550,0.0011907857142857787
29551,0.001143750000000056
29552,0.0009113571428571276
29553,0.0005646428571428735
29554,0.0003307499999999258
29555,0.0002699999999999798
29556,0.00022489285714283167
29557,0.00019382142857143745
29558,0.00017850000000001792
29559,0.00019885714285707527
29560,0.00024642857142853
29561,0.00030364285714285747
29562,0.0003428571428571051
29563,0.0003868928571427891
29564,0.00044785714285708875
29565,0.0004883571428571543
29566,0.0005060357142857036
29567,0.0004909285714286378
29568,0.0004776428571428174
29569,0.0004955357142857204
29570,0.0005298214285713547
29571,0.0005471785714285256
29572,0.0005360357142857858
29573,0.000525964285714358
29574,0.0005340000000000344
29575,0.0005512500000000285
29576,0.000559285714285705
29577,0.0005674285714285585
29578,0.0005570357142857522
29579,0.0005480357142857884
29580,0.0005585357142857715
29581,0.0005606785714285475
29582,0.0005931428571427842
29583,0.0005976428571428423
29584,0.0005906785714286299
29585,0.0006220714285714024
29586,0.0006329999999999408
29587,0.0005981785714285743
29588,0.0005876785714285912
29589,0.0006137142857143476
29590,0.0006454285714284985
29591,0.0006794999999999314
29592,0.0006895714285713593
29593,0.0007001785714285193
29594,0.0007108928571428562
29595,0.0007197857142856431
29596,0.0007402500000000296
29597,0.0007105714285714778
29598,0.000679821428571462
29599,0.0007033928571429117
29600,0.0007568571428571147
29601,0.0007979999999999369
29602,0.000803571428571459
29603,0.0007904999999999924
29604,0.0007927499999999453
29605,0.0008032499999999285
29606,0.0008040000000000142
29607,0.0008170714285714809
29608,0.0008125714285714228
29609,0.0008139642857142653
29610,0.0008567142857142837
29611,0.0008885357142857637
29612,0.0008689285714286399
29613,0.0008354999999999637
29614,0.0008413928571428641
29615,0.0008331428571428339
29616,0.0008236071428571381
29617,0.0008218928571429173
29618,0.0008213571428571852
29619,0.0007959642857143377
29620,0.0007681071428571836
29621,0.0007507500000000127
29622,0.000752357142857209
29623,0.0007297500000000464
29624,0.0007011428571428066
29625,0.0006771428571428017
29626,0.0006538928571428825
29627,0.0006436071428571007
29628,0.0006618214285713821
29629,0.0006308571428571648
29630,0.0005690357142857546
29631,0.0005221071428572089
29632,0.0005291785714285981
29633,0.0005683928571428457
29634,0.0005237142857142528
29635,0.0004936071428571458
29636,0.000494035714285701
29637,0.0004956428571428973
29638,0.0004621071428571964
29639,0.00042996428571433806
29640,0.00045739285714278463
29641,0.0004808571428572098
29642,0.00047442857142857725
29643,0.00043917857142850334
29644,0.00043917857142850334
29645,0.000456107142857119
29646,0.00042932142857142914
29647,0.00041464285714291855
29648,0.0004352142857143296
29649,0.00043885714285712496
29650,0.0004458214285714896
29651,0.0004404642857143212
29652,0.00044357142857138446
29653,0.000452785714285702
29654,0.00045332142857143406
29655,0.00045439285714289824
29656,0.00042289285714279653
29657,0.00039471428571426415
29658,0.0004313571428571805
29659,0.0004553571428571855
29660,0.000440035714285766
29661,0.0004465714285714232
29662,0.0004364999999999952
29663,0.0004097142857143053
29664,0.00044935714285710814
29665,0.0004725000000000027
29666,0.0004742142857142235
29667,0.00048321428571433954
29668,0.0004704642857142513
29669,0.0004656428571428149
29670,0.00047892857142863525
29671,0.0004749642857143093
29672,0.00043928571428568017
29673,0.00043478571428577444
29674,0.0004617857142856658
29675,0.00047571428571424287
29676,0.0004778571428571711
29677,0.00047732142857143903
29678,0.0004708928571428065
29679,0.00044571428571431277
29680,0.00042835714285714184
29681,0.00043907142857147873
29682,0.00045846428571424876
29683,0.0004664999999999253
29684,0.0004620000000000195
29685,0.0004463571428570694
29686,0.0004528928571428789
29687,0.0004611428571429091
29688,0.0004578214285714921
29689,0.0004698214285714946
29690,0.0004758214285714197
29691,0.0004580357142856936
29692,0.00045450000000007507
29693,0.0004227857142857719
29694,0.00043328571428575505
29695,0.0004823571428570769
29696,0.00047817857142854945
29697,0.00047957142857139195
29698,0.0004921071428571265
29699,0.0004702500000000498
29700,0.000443357142857183
29701,0.0004212857142857526
29702,0.0004116428571428798
29703,0.00041753571428578034
29704,0.00044507142857140385
29705,0.0004857857142856708
29706,0.0005011071428570903
29707,0.0005024999999999328
29708,0.0004886785714285326
29709,0.0004517142857142379
29710,0.0004652142857142597
29711,0.00046971428571431775
29712,0.00045942857142853606
29713,0.0004909285714286378
29714,0.0005057142857143252
29715,0.0004702500000000498
29716,0.0004916785714285713
29717,0.0005475000000000563
29718,0.0005473928571428794
29719,0.0005085000000000101
29720,0.00048117857142858817
29721,0.00048417857142862684
29722,0.0005257500000000042
29723,0.0005330357142857471
29724,0.0005223214285714103
29725,0.0005042142857143058
29726,0.0005128928571428913
29727,0.0005088214285713885
29728,0.0004521428571427931
29729,0.00045310714285708034
29730,0.0004742142857142235
29731,0.0004975714285714718
29732,0.000493499999999969
29733,0.00046339285714286203
29734,0.00045267857142852514
29735,0.00044946428571428497
29736,0.0004574999999999615
29737,0.0004663928571429007
29738,0.00046360714285721574
29739,0.00045889285714280397
29740,0.00042021428571428846
29741,0.00044389285714291506
29742,0.0004892142857142647
29743,0.000466178571428547
29744,0.0004416428571428099
29745,0.0004618928571428427
29746,0.0005309999999999958
29747,0.0006051428571427867
29748,0.000699857142857141
29749,0.0008023928571428181
29750,0.0009275357142856576
29751,0.0010691785714285577
29752,0.001123178571428645
29753,0.0011686071428571715
29754,0.0011593928571428538
29755,0.0009442500000000719
29756,0.0006108214285714857
29757,0.0003605357142856544
29758,0.00026410714285707927
29759,0.00026496428571434196
29760,0.00021460714285720226
29761,0.0001888928571428242
29762,0.00019210714285721663
29763,0.00021514285714278205
29764,0.00030428571428576644
29765,0.0003670714285714638
29766,0.000401464285714275
29767,0.0004317857142857357
29768,0.00046489285714288136
29769,0.0005166428571428635
29770,0.0005578928571428626
29771,0.000531428571428551
29772,0.0005116071428570735
29773,0.000513535714285648
29774,0.0005201785714286343
29775,0.0005329285714285703
29776,0.0005461071428572138
29777,0.0005387142857142939
29778,0.0005275714285714019
29779,0.0005373214285714514
29780,0.0005528571428570724
29781,0.0005883214285715001
29782,0.0006030000000000106
29783,0.0005913214285713865
29784,0.0005781428571428953
29785,0.0005857500000000166
29786,0.0006016071428571682
29787,0.000628500000000035
29788,0.0006256071428571732
29789,0.0005898214285713672
29790,0.000589928571428544
29791,0.0006606428571428934
29792,0.000644571428571388
29793,0.0006319285714286288
29794,0.0006489642857142692
29795,0.0006687857142857467
29796,0.0006935357142856853
29797,0.0006839999999999894
29798,0.0006665357142856416
29799,0.000699857142857141
29800,0.0007360714285715021
29801,0.000729857142857071
29802,0.0007225714285714804
29803,0.0007340357142857507
29804,0.0007734642857143521
29805,0.0007953214285714288
29806,0.0008154642857142846
29807,0.0007989642857142242
29808,0.0008006785714285972
29809,0.00080292857142855
29810,0.0008126785714285997
29811,0.0008277857142856655
29812,0.0008680714285713773
29813,0.0008796428571428245
29814,0.0008411785714285105
29815,0.0008410714285714858
29816,0.0008363571428570741
29817,0.0008317499999999915
29818,0.0008616428571428969
29819,0.0008530714285714884
29820,0.0008422499999999745
29821,0.0008097857142857379
29822,0.0007642500000000345
29823,0.0007231071428572123
29824,0.0007597499999999765
29825,0.0007779642857142578
29826,0.0007451785714286428
29827,0.0006954642857142598
29828,0.0006647142857142439
29829,0.0006411428571427942
29830,0.0006297857142857006
29831,0.0005978571428571959
29832,0.000569357142857133
29833,0.0005877857142857681
29834,0.0005837142857142652
29835,0.0005467499999999704
29836,0.00048117857142858817
29837,0.00048450000000000516
29838,0.0004998214285714247
29839,0.0004772142857142622
29840,0.00048750000000004383
29841,0.00046907142857140877
29842,0.00043607142857144
29843,0.0004376785714286362
29844,0.00044410714285711655
29845,0.0004666071428571022
29846,0.00046350000000003886
29847,0.0004225714285714182
29848,0.0004363928571428184
29849,0.00044325000000000614
29850,0.0004162499999999625
29851,0.00045407142857136764
29852,0.0004425000000000726
29853,0.0004102500000000374
29854,0.0004058571428571562
29855,0.00041978571428573326
29856,0.00043425000000004235
29857,0.0004404642857143212
29858,0.0004217142857143078
29859,0.000405428571428601
29860,0.0004257857142856584
29861,0.0004135714285714544
29862,0.0004201071428571116
29863,0.00044978571428566335
29864,0.0004519285714285916
29865,0.0004362857142856415
29866,0.00043457142857142067
29867,0.00044314285714282925
29868,0.00044453571428567176
29869,0.00042021428571428846
29870,0.0004463571428570694
29871,0.00048407142857144996
29872,0.00046339285714286203
29873,0.0004668214285714559
29874,0.0004714285714285385
29875,0.00044453571428567176
29876,0.0004099285714285068
29877,0.00043082142857144847
29878,0.00043907142857147873
29879,0.0004210714285713989
29880,0.00042225000000003984
29881,0.00041485714285712
29882,0.0004714285714285385
29883,0.0005056071428571484
29884,0.0004853571428571156
29885,0.0004699285714285192
29886,0.0004682142857142984
29887,0.0004941428571428779
29888,0.0004806428571428561
29889,0.0004153928571428521
29890,0.0004050000000000458
29891,0.0004564285714284974
29892,0.00048289285714280894
29893,0.00047410714285719887
29894,0.00045428571428572136
29895,0.00045010714285719395
29896,0.0004472142857143321
29897,0.00045374999999998926
29898,0.00045996428571426815
29899,0.00046842857142849985
29900,0.00044785714285708875
29901,0.00043039285714289327
29902,0.0004554642857142101
29903,0.00045835714285707193
29904,0.0004306071428570947
29905,0.00040317857142849585
29906,0.00042428571428563904
29907,0.00046896428571423194
29908,0.0004971428571429165
29909,0.0004712142857143371
29910,0.0004466785714286
29911,0.0004472142857143321
29912,0.0004614642857142875
29913,0.0004774285714286159
29914,0.0005073214285713692
29915,0.0005116071428570735
29916,0.0004952142857143421
29917,0.00047528571428568766
29918,0.0004965000000000077
29919,0.0005010000000000656
29920,0.0004877142857142453
29921,0.0004987499999999605
29922,0.000517392857142797
29923,0.0005174999999999739
29924,0.0004970357142857398
29925,0.0005198571428571037
29926,0.0005343214285714128
29927,0.0005363571428571643
29928,0.0005078571428571012
29929,0.0004809642857142344
29930,0.0004464642857142463
29931,0.0004361785714286169
29932,0.0004550357142856549
29933,0.00046907142857140877
29934,0.00047260714285717953
29935,0.0005006785714285351
29936,0.00048792857142859904
29937,0.00045953571428571294
29938,0.00042396428571426066
29939,0.0004207500000000205
29940,0.00044346428571435985
29941,0.0004472142857143321
29942,0.00044978571428566335
29943,0.00044817857142861935
29944,0.000411535714285703
29945,0.0003712499999999912
29946,0.0004270714285714762
29947,0.0005089285714285653
29948,0.0005562857142856663
29949,0.0006216428571428472
29950,0.0007647857142857666
29951,0.0009101785714286389
29952,0.0010457142857142848
29953,0.0011676428571428842
29954,0.0012207857142857088
29955,0.0012323571428571561
29956,0.0011008928571428608
29957,0.0008431071428570849
29958,0.0005378571428571835
29959,0.0003202499999999426
29960,0.00027524999999997137
29961,0.00026785714285720375
29962,0.00019960714285716108
29963,0.0001543928571428361
29964,0.0002008928571428267
29965,0.00026410714285707927
29966,0.00031349999999993167
29967,0.00036364285714286993
29968,0.00042310714285715025
29969,0.0004521428571427931
29970,0.00046392857142859407
29971,0.0005062500000000572
29972,0.0005270357142856698
29973,0.0005013214285714441
29974,0.000497464285714295
29975,0.0005209285714285678
29976,0.000522000000000032
29977,0.0005191071428571702
29978,0.0005319642857142831
29979,0.00053207142857146
29980,0.0005449285714285728
29981,0.0005604642857143461
29982,0.0005464285714285921
29983,0.000539250000000026
29984,0.0005477142857142577
29985,0.0005626071428571221
29986,0.0005820000000000444
29987,0.000613928571428549
29988,0.0006186428571428085
29989,0.0006180000000000519
29990,0.0006121071428571513
29991,0.0006231428571428666
29992,0.0006502499999999348
29993,0.0006575357142856778
29994,0.0006714642857142549
29995,0.000669750000000034
29996,0.0006535714285715041
29997,0.0006603214285713627
29998,0.0006879642857143154
29999,0.0007020000000000692
30000,0.0007157142857142925
30001,0.000743785714285648
30002,0.0007541785714286066
30003,0.0007191428571428864
30004,0.0007256785714285436
30005,0.0007494642857143471
30006,0.0007494642857143471
30007,0.0008007857142857741
30008,0.0008344285714284995
30009,0.0007789285714285451
30010,0.000807535714285785
30011,0.0008432142857142618
30012,0.0008315357142857899
30013,0.0008296071428572154
30014,0.0008343214285714749
30015,0.0008437499999999939
30016,0.0008527499999999577
30017,0.0008646428571427833
30018,0.0008513571428571152
30019,0.0008315357142857899
30020,0.0008328214285714555
30021,0.0008582142857143031
30022,0.0008234999999999612
30023,0.0008016428571428845
30024,0.0007973571428571801
30025,0.000772285714285711
30026,0.0007472142857142419
30027,0.000743785714285648
30028,0.0007016785714285387
30029,0.0006799285714286388
30030,0.0006818571428572134
30031,0.0006708214285714981
30032,0.0006282857142856813
30033,0.0005956071428570908
30034,0.0005860714285713949
30035,0.0005461071428572138
30036,0.0005362499999999874
30037,0.000536464285714341
30038,0.0005142857142857338
30039,0.0004870714285714886
30040,0.0004498928571428402
30041,0.0004410000000000533
30042,0.00045975000000006666
30043,0.00045867857142860253
30044,0.0004498928571428402
30045,0.0004386428571429235
30046,0.00043810714285719143
30047,0.0004404642857143212
30048,0.0004211785714285757
30049,0.0004065000000000651
30050,0.0004194642857143549
30051,0.00040960714285712845
30052,0.00040982142857148217
30053,0.0003813214285714192
30054,0.0004114285714285261
30055,0.0004510714285714812
30056,0.00042824999999996495
30057,0.000370821428571436
30058,0.0004000714285714326
30059,0.00046971428571431775
30060,0.00043735714285710563
30061,0.00042396428571426066
30062,0.0004366071428571721
30063,0.00044024999999996747
30064,0.00043907142857147873
30065,0.00045899999999998085
30066,0.00046071428571435396
30067,0.00042932142857142914
30068,0.00043821428571421604
30069,0.0004359642857142632
30070,0.00043339285714293194
30071,0.00045771428571431523
30072,0.0004516071428572133
30073,0.0004257857142856584
30074,0.00042964285714280746
30075,0.00043607142857144
30076,0.0004462500000000448
30077,0.0004517142857142379
30078,0.00046242857142857473
30079,0.0004660714285713701
30080,0.00043296428571422445
30081,0.00041292857142854545
30082,0.00041410714285718646
30083,0.0004280357142857635
30084,0.00044914285714290665
30085,0.00046242857142857473
30086,0.0004383214285713929
30087,0.00044507142857140385
30088,0.00045996428571426815
30089,0.00045835714285707193
30090,0.00045450000000007507
30091,0.00044849999999999773
30092,0.0004153928571428521
30093,0.00040264285714291604
30094,0.00044024999999996747
30095,0.00045407142857136764
30096,0.0004451785714285807
30097,0.0004408928571428764
30098,0.0004593214285713592
30099,0.00043757142857145934
30100,0.00042782142857140975
30101,0.0004451785714285807
30102,0.00046832142857147524
30103,0.0004625357142857516
30104,0.00044325000000000614
30105,0.0004372499999999288
30106,0.0004469999999999784
30107,0.00044464285714284864
30108,0.00043349999999995654
30109,0.00047442857142857725
30110,0.0004430357142856524
30111,0.00041003571428568366
30112,0.0004366071428571721
30113,0.0004579285714285167
30114,0.00045471428571427656
30115,0.00044325000000000614
30116,0.00043371428571431026
30117,0.00042449999999999275
30118,0.00043853571428574664
30119,0.0004472142857143321
30120,0.0004306071428570947
30121,0.0004234285714285286
30122,0.00044796428571426564
30123,0.00045310714285708034
30124,0.0004430357142856524
30125,0.00043467857142859756
30126,0.00045364285714281243
30127,0.0004465714285714232
30128,0.00043810714285719143
30129,0.0004623214285713979
30130,0.00048717857142851323
30131,0.0004892142857142647
30132,0.0005002499999999799
30133,0.0004723928571428258
30134,0.00046853571428567673
30135,0.0004806428571428561
30136,0.00047378571428566827
30137,0.0005184642857142612
30138,0.000539250000000026
30139,0.0005357142857142553
30140,0.0005502857142857412
30141,0.0005445000000000176
30142,0.0005122499999999823
30143,0.000508607142857187
30144,0.0004778571428571711
30145,0.0004620000000000195
30146,0.0004557857142857407
30147,0.0004784999999999278
30148,0.00045889285714280397
30149,0.00045525000000000865
30150,0.0004593214285713592
30151,0.0004318928571429126
30152,0.0004510714285714812
30153,0.0004511785714285058
30154,0.00043435714285706696
30155,0.00045000000000001706
30156,0.0004550357142856549
30157,0.00044453571428567176
30158,0.0004523571428571468
30159,0.00047185714285709373
30160,0.0004459285714285142
30161,0.00040864285714284116
30162,0.000420964285714222
30163,0.0004916785714285713
30164,0.0005767500000000528
30165,0.0006673928571429042
30166,0.0007710000000000454
30167,0.0009182142857143155
30168,0.0011135357142857722
30169,0.0012310714285714904
30170,0.0012575357142856499
30171,0.0012710357142856716
30172,0.001131428571428523
30173,0.0008140714285714422
30174,0.00047185714285709373
30175,0.0002914285714285013
30176,0.00026196428571430324
30177,0.00019542857142863365
30178,0.0001633928571427999
30179,0.0001936071428570837
30180,0.00022521428571421
30181,0.0003167142857143241
30182,0.0003864642857142339
30183,0.0003970714285713939
30184,0.00040414285714278315
30185,0.0004403571428571443
30186,0.00048760714285706844
30187,0.0004727142857143564
30188,0.00047892857142863525
30189,0.0005019642857143529
30190,0.0005323928571428383
30191,0.0005503928571429181
30192,0.000522000000000032
30193,0.0005088214285713885
30194,0.0005285357142856892
30195,0.0005238214285714297
30196,0.0005475000000000563
30197,0.0005445000000000176
30198,0.0005318571428571062
30199,0.0005529642857142493
30200,0.0005543571428570918
30201,0.0005690357142857546
30202,0.0005942142857142484
30203,0.0005900357142857209
30204,0.0005806071428572019
30205,0.0005940000000000469
30206,0.0006229285714285128
30207,0.0006295714285714991
30208,0.000644571428571388
30209,0.0006069642857143366
30210,0.0006008571428570824
30211,0.0006767142857142465
30212,0.000690964285714354
30213,0.0006666428571428185
30214,0.0006698571428572109
30215,0.0006747857142856719
30216,0.0006908571428571772
30217,0.0007119642857143203
30218,0.0007106785714285025
30219,0.0006949285714285277
30220,0.0007190357142857096
30221,0.0007371428571428141
30222,0.0007912499999999259
30223,0.0008360357142856958
30224,0.0008143928571428205
30225,0.0008038928571428373
30226,0.0008156785714286384
30227,0.0008417142857142425
30228,0.0008478214285714968
30229,0.0008310000000000579
30230,0.000844285714285726
30231,0.0008444999999999274
30232,0.0008256428571428895
30233,0.0008302499999999721
30234,0.0008478214285714968
30235,0.0008497500000000713
30236,0.0008321785714285467
30237,0.0008437499999999939
30238,0.0008323928571429003
30239,0.000822428571428497
30240,0.0007963928571428929
30241,0.0007372499999999908
30242,0.000699857142857141
30243,0.0007370357142857894
30244,0.0007654285714285233
30245,0.0007140000000000717
30246,0.0006838928571428125
30247,0.0006560357142856584
30248,0.0005958214285714446
30249,0.0005847857142857293
30250,0.0005768571428570775
30251,0.0005525357142856941
30252,0.0005477142857142577
30253,0.0005473928571428794
30254,0.000528107142857134
30255,0.0005067857142857893
30256,0.0005022857142857312
30257,0.0005026071428571097
30258,0.00048289285714280894
30259,0.00045953571428571294
30260,0.00044485714285720236
30261,0.00040875000000001804
30262,0.0003916071428572008
30263,0.0004248214285713711
30264,0.00044271428571427405
30265,0.00044357142857138446
30266,0.0004271785714285008
30267,0.000412714285714344
30268,0.0004153928571428521
30269,0.00040060714285716466
30270,0.0003913928571428471
30271,0.0003922499999999575
30272,0.00040392857142858166
30273,0.0004076785714285539
30274,0.0003953571428571731
30275,0.0004002857142857863
30276,0.00044957142857146186
30277,0.00044282142857145093
30278,0.00041367857142863125
30279,0.00042910714285707537
30280,0.0004195714285713795
30281,0.0004208571428571974
30282,0.0004353214285713542
30283,0.0004407857142856995
30284,0.0004511785714285058
30285,0.00041421428571421107
30286,0.0003813214285714192
30287,0.00043339285714293194
30288,0.0004576071428571384
30289,0.00042857142857149555
30290,0.00042900000000005076
30291,0.0004512857142856827
30292,0.0004568571428572048
30293,0.0004383214285713929
30294,0.00044389285714291506
30295,0.000462214285714221
30296,0.0004512857142856827
30297,0.00044892857142855294
30298,0.00043821428571421604
30299,0.00042857142857149555
30300,0.0004352142857143296
30301,0.00042942857142860597
30302,0.0004411071428570779
30303,0.00043778571428566084
30304,0.0004101428571428605
30305,0.00039460714285708727
30306,0.0004045714285714906
30307,0.0003921428571429329
30308,0.0003860357142856787
30309,0.00043778571428566084
30310,0.00048760714285706844
30311,0.0004872857142856901
30312,0.00045300000000005573
30313,0.0004250357142857248
30314,0.00041592857142858417
30315,0.00044464285714284864
30316,0.0004423928571428957
30317,0.00041721428571424974
30318,0.0004275000000000314
30319,0.0004927500000000355
30320,0.00047400000000002204
30321,0.0004199999999999347
30322,0.0004353214285713542
30323,0.00044924999999993126
30324,0.0004596428571428898
30325,0.00043510714285715276
30326,0.00041978571428573326
30327,0.0004262142857142136
30328,0.00042546428571428
30329,0.00043885714285712496
30330,0.0004412142857142547
30331,0.0004523571428571468
30332,0.00043457142857142067
30333,0.00044367857142856135
30334,0.0004623214285713979
30335,0.0004363928571428184
30336,0.0004371428571429042
30337,0.0004453928571427822
30338,0.0004301785714285395
30339,0.00042310714285715025
30340,0.00045417857142854447
30341,0.0004826785714286075
30342,0.0004818214285714971
30343,0.00047389285714284515
30344,0.0004674642857142126
30345,0.00045846428571424876
30346,0.00045728571428576
30347,0.0004839642857142731
30348,0.00048750000000004383
30349,0.00046842857142849985
30350,0.0005390357142856723
30351,0.0006020357142857235
30352,0.0005798571428571161
30353,0.000528642857142866
30354,0.0005187857142856395
30355,0.0005045357142856842
30356,0.0004625357142857516
30357,0.00043874999999994813
30358,0.00045482142857145345
30359,0.00046382142857141724
30360,0.0004610357142857323
30361,0.0004578214285714921
30362,0.00042878571428569705
30363,0.00041817857142853704
30364,0.0004352142857143296
30365,0.00044057142857149807
30366,0.00044507142857140385
30367,0.00048589285714284767
30368,0.0004835357142857179
30369,0.00043467857142859756
30370,0.00044357142857138446
30371,0.0004566428571428511
30372,0.0004216071428571309
30373,0.00040371428571422794
30374,0.00041935714285717805
30375,0.00045342857142861094
30376,0.0005154642857142226
30377,0.0005923928571428507
30378,0.000737678571428546
30379,0.0008905714285713628
30380,0.0010347857142857463
30381,0.0011483571428571387
30382,0.0012096428571428167
30383,0.0012534642857142991
30384,0.001207285714285687
30385,0.000992678571428637
30386,0.000641249999999971
30387,0.0003461785714285221
30388,0.0002302500000000001
30389,0.00021632142857142306
30390,0.0001910357142857525
30391,0.00017217857142856223
30392,0.00021503571428575744
30393,0.00028028571428576147
30394,0.0003543214285713755
30395,0.0004128214285713686
30396,0.0004357500000000617
30397,0.00045814285714287044
30398,0.0004712142857143371
30399,0.00045010714285719395
30400,0.00043982142857141226
30401,0.0004631785714285083
30402,0.0004936071428571458
30403,0.0005032500000000185
30404,0.0005168571428572173
30405,0.000528642857142866
30406,0.0005290714285714212
30407,0.0005329285714285703
30408,0.0005323928571428383
30409,0.00051589285714293
30410,0.0005302500000000622
30411,0.0005423571428570894
30412,0.0005437499999999318
30413,0.0005450357142857497
30414,0.0005649642857142518
30415,0.000606749999999983
30416,0.0005982857142857511
30417,0.0005718214285714395
30418,0.000582107142857069
30419,0.0006112500000000409
30420,0.0006085714285713806
30421,0.0006337500000000265
30422,0.0006759642857143128
30423,0.000655178571428548
30424,0.0006327857142857392
30425,0.0006587142857143188
30426,0.0007001785714285193
30427,0.0007020000000000692
30428,0.0007028571428571796
30429,0.0006985714285714753
30430,0.0007180714285714223
30431,0.000751071428571391
30432,0.0007355357142857701
30433,0.0007228928571428587
30434,0.0007652142857143218
30435,0.0007968214285714482
30436,0.0008089285714286275
30437,0.0007977857142857353
30438,0.0007700357142857582
30439,0.0008077499999999864
30440,0.0008494285714285407
30441,0.0008358214285714942
30442,0.0008357142857143174
30443,0.0008659285714286012
30444,0.0008659285714286012
30445,0.0008628214285713857
30446,0.0008337857142857428
30447,0.00082092857142863
30448,0.0008478214285714968
30449,0.0008349642857142316
30450,0.0008512499999999384
30451,0.0008424642857143283
30452,0.0008248928571428037
30453,0.0008149285714285526
30454,0.0007726071428570895
30455,0.0007463571428571315
30456,0.0007212857142856624
30457,0.0006879642857143154
30458,0.0006537857142857056
30459,0.0006241071428571538
30460,0.0006073928571428918
30461,0.000611785714285773
30462,0.0006087857142857343
30463,0.0005912142857142096
30464,0.0005647500000000503
30465,0.0005575714285714843
30466,0.0005501785714285644
30467,0.0005155714285713994
30468,0.0004888928571428863
30469,0.0004503214285713954
30470,0.0004262142857142136
30471,0.0004113214285715015
30472,0.00041335714285710065
30473,0.00044282142857145093
30474,0.000440035714285766
30475,0.0004128214285713686
30476,0.00042910714285707537
30477,0.00043917857142850334
30478,0.00042396428571426066
30479,0.0004195714285713795
30480,0.0004217142857143078
30481,0.00041764285714280495
30482,0.000394821428571441
30483,0.0003763928571428059
30484,0.000400928571428543
30485,0.0004430357142856524
30486,0.0004404642857143212
30487,0.0004060714285713577
30488,0.00041882142857144596
30489,0.0004321071428571141
30490,0.0004195714285713795
30491,0.00041249999999999024
30492,0.0003773571428570932
30493,0.0003872142857143197
30494,0.00044389285714291506
30495,0.0004403571428571443
30496,0.0004265357142857442
30497,0.00044903571428572977
30498,0.00044828571428564396
30499,0.00043253571428566925
30500,0.00043810714285719143
30501,0.0004460357142856911
30502,0.00041517857142849837
30503,0.000422142857142863
30504,0.00043735714285710563
30505,0.00042996428571433806
30506,0.0004468928571428015
30507,0.00043950000000003394
30508,0.0004411071428570779
30509,0.0004158214285714073
30510,0.00039364285714279997
30511,0.0004270714285714762
30512,0.0004204285714286422
30513,0.00043339285714293194
30514,0.0004464642857142463
30515,0.00042739285714285454
30516,0.00040060714285716466
30517,0.00040360714285720333
30518,0.0004298571428571612
30519,0.0004281428571427881
30520,0.00043607142857144
30521,0.0004562142857142959
30522,0.00045835714285707193
30523,0.0004265357142857442
30524,0.00043039285714289327
30525,0.0004397142857142354
30526,0.0004071428571428218
30527,0.00039514285714281936
30528,0.00040778571428573074
30529,0.00043842857142856976
30530,0.0004528928571428789
30531,0.000442178571428542
30532,0.00041871428571426913
30533,0.0004114285714285261
30534,0.0004472142857143321
30535,0.0004378928571428377
30536,0.0004217142857143078
30537,0.00042942857142860597
30538,0.00042857142857149555
30539,0.00044432142857147027
30540,0.00045407142857136764
30541,0.0004357500000000617
30542,0.00041550000000002896
30543,0.0004397142857142354
30544,0.0004363928571428184
30545,0.00043885714285712496
30546,0.00043253571428566925
30547,0.00043874999999994813
30548,0.000426107142857189
30549,0.0004264285714285673
30550,0.000470678571428605
30551,0.00043885714285712496
30552,0.00045021428571421856
30553,0.000500785714285712
30554,0.00047828571428572633
30555,0.0004704642857142513
30556,0.0004983214285714053
30557,0.0004912500000000161
30558,0.0004783928571429032
30559,0.0005024999999999328
30560,0.0005409642857142469
30561,0.0005368928571428962
30562,0.0005126785714285375
30563,0.0004958571428570987
30564,0.00047946428571421507
30565,0.0004596428571428898
30566,0.00046350000000003886
30567,0.00046907142857140877
30568,0.00045471428571427656
30569,0.0004201071428571116
30570,0.00041850000000006764
30571,0.00045450000000007507
30572,0.00045889285714280397
30573,0.0004698214285714946
30574,0.00046446428571432616
30575,0.00043928571428568017
30576,0.0004403571428571443
30577,0.00044528571428575757
30578,0.0004416428571428099
30579,0.00042921428571425225
30580,0.000426107142857189
30581,0.0004312500000000037
30582,0.00044024999999996747
30583,0.00047903571428565986
30584,0.0005555357142857328
30585,0.0006813214285714813
30586,0.0007948928571428736
30587,0.0009381428571428175
30588,0.0010888928571428584
30589,0.0012085714285713525
30590,0.0012647142857142159
30591,0.001269750000000006
30592,0.001102071428571502
30593,0.0007747500000000177
30594,0.0004512857142856827
30595,0.0002528571428571626
30596,0.00021932142857146176
30597,0.0002162142857142462
30598,0.00018364285714283262
30599,0.0002178214285714424
30600,0.00026935714285707086
30601,0.0003110357142857773
30602,0.00038807142857143006
30603,0.00044314285714282925
30604,0.00044860714285717456
30605,0.0004301785714285395
30606,0.00047378571428566827
30607,0.0005123571428571592
30608,0.000491357142857193
30609,0.00048460714285718205
30610,0.0005118214285714271
30611,0.0005288571428570675
30612,0.0005403214285714901
30613,0.0005590714285715035
30614,0.0005524285714285172
30615,0.000535928571428609
30616,0.000554785714285647
30617,0.0005517857142857606
30618,0.0005824285714285996
30619,0.0005910000000000082
30620,0.0005979642857142206
30621,0.000602785714285657
30622,0.0006051428571427867
30623,0.0006343928571427832
30624,0.0006503571428571117
30625,0.0006311785714285431
30626,0.0005862857142857487
30627,0.000602785714285657
30628,0.0006517499999999541
30629,0.0006673928571429042
30630,0.0006628928571428463
30631,0.0006903214285714451
30632,0.000683142857142879
30633,0.0006692142857143019
30634,0.0006836785714286111
30635,0.0007196785714286185
30636,0.0007382142857142781
30637,0.0007489285714286151
30638,0.0007392857142857423
30639,0.0007340357142857507
30640,0.0007514999999999462
30641,0.0007734642857143521
30642,0.0007897500000000589
30643,0.0008316428571428146
30644,0.0008540357142857756
30645,0.0008589642857142366
30646,0.0008765357142857612
30647,0.000894964285714244
30648,0.0008832857142857722
30649,0.0008605714285714328
30650,0.0008680714285713773
30651,0.0009000000000000341
30652,0.0009076071428571554
30653,0.0008935714285714016
30654,0.0009182142857143155
30655,0.0009058928571427824
30656,0.0008934642857142247
30657,0.0008952857142857746
30658,0.0008778214285714268
30659,0.0008300357142857706
30660,0.0008056071428572104
30661,0.0008211428571428314
30662,0.0007841785714285367
30663,0.0007584642857143109
30664,0.0007685357142857388
30665,0.0007430357142857145
30666,0.0007144285714286269
30667,0.0006834642857142573
30668,0.0006689999999999482
30669,0.0006618214285713821
30670,0.0006471428571428715
30671,0.0006096428571428447
30672,0.0005869285714285053
30673,0.0005747142857143014
30674,0.0005446071428571945
30675,0.0005411785714286005
30676,0.0005449285714285728
30677,0.0005230714285714961
30678,0.0004952142857143421
30679,0.0004775357142856405
30680,0.00048299999999998583
30681,0.0004941428571428779
30682,0.0005057142857143252
30683,0.0005031428571428417
30684,0.0004897499999999967
30685,0.000476785714285707
30686,0.0004625357142857516
30687,0.00045814285714287044
30688,0.00048075000000003296
30689,0.0004990714285714911
30690,0.0004775357142856405
30691,0.0004520357142857685
30692,0.0004715357142857154
30693,0.00047989285714292255
30694,0.0004677857142857432
30695,0.00046810714285712153
30696,0.00048203571428569853
30697,0.0005056071428571484
30698,0.0004961785714286294
30699,0.000470678571428605
30700,0.00046842857142849985
30701,0.00046799999999994464
30702,0.0005006785714285351
30703,0.0005221071428572089
30704,0.0005012142857142672
30705,0.00051589285714293
30706,0.0005125714285713607
30707,0.0005016428571428224
30708,0.0005024999999999328
30709,0.000525321428571449
30710,0.00051407142857138
30711,0.0004969285714285629
30712,0.0005182500000000598
30713,0.0005087142857142116
30714,0.000510214285714231
30715,0.000493499999999969
30716,0.0004939285714285242
30717,0.0005071071428571676
30718,0.0004991785714285157
30719,0.00048021428571430087
30720,0.0004951071428571652
30721,0.000515250000000021
30722,0.000504107142857129
30723,0.0005062500000000572
30724,0.0005035714285713969
30725,0.0004998214285714247
30726,0.0004941428571428779
30727,0.0004981071428572038
30728,0.000501857142857176
30729,0.0005132142857142696
30730,0.0005273571428572004
30731,0.0005200714285714574
30732,0.0005062500000000572
30733,0.0004938214285714996
30734,0.00048460714285718205
30735,0.0005090357142857422
30736,0.0005254285714286259
30737,0.0005338928571428576
30738,0.0005263928571429132
30739,0.0005282142857143108
30740,0.0005456785714285064
30741,0.0005397857142857581
30742,0.0005155714285713994
30743,0.000506892857142814
30744,0.0004855714285714693
30745,0.00046414285714279556
30746,0.0004972499999999412
30747,0.0005237142857142528
30748,0.0005287500000000429
30749,0.000508607142857187
30750,0.000535928571428609
30751,0.0005657142857143376
30752,0.0005492142857142771
30753,0.0005423571428570894
30754,0.0005551071428571776
30755,0.0005649642857142518
30756,0.0005591785714285282
30757,0.0005510357142856747
30758,0.0005837142857142652
30759,0.0005979642857142206
30760,0.0005758928571427902
30761,0.000570535714285774
30762,0.0005969999999999333
30763,0.0006069642857143366
30764,0.0005802857142856713
30765,0.0005582142857142409
30766,0.0005574642857143074
30767,0.000527464285714225
30768,0.0005110714285714936
30769,0.0005081785714286318
30770,0.0005199642857142805
30771,0.0005221071428572089
30772,0.0005194285714285485
30773,0.0005482499999999898
30774,0.0005406428571428685
30775,0.0005290714285714212
30776,0.0005139642857143555
30777,0.0005174999999999739
30778,0.0005091428571429191
30779,0.0004996071428570709
30780,0.0004947857142857868
30781,0.0005252142857142721
30782,0.0005391428571428492
30783,0.0005258571428571811
30784,0.0005777142857143401
30785,0.0006544285714286145
30786,0.0007051071428571325
30787,0.0008102142857142931
30788,0.0009379285714286161
30789,0.001053321428571406
30790,0.0011785714285714225
30791,0.001245642857142824
30792,0.0012443571428571586
30793,0.0011235000000000234
30794,0.0008231785714285829
30795,0.0005016428571428224
30796,0.00032464285714282377
30797,0.0002858571428571314
30798,0.00025017857142850227
30799,0.00022071428571430424
30800,0.0002332500000000388
30801,0.0002596071428571735
30802,0.00033439285714287337
30803,0.0004251428571429017
30804,0.0004977857142856733
30805,0.0005037857142857506
30806,0.0005159999999999546
30807,0.0005242499999999849
30808,0.0005321785714286367
30809,0.0005451428571429265
30810,0.0005663571428570943
30811,0.0005888571428570799
30812,0.0006021428571429002
30813,0.0005990357142856847
30814,0.0006072857142857149
30815,0.000627964285714303
30816,0.0006307499999999879
30817,0.0006274285714285709
30818,0.0006386785714286398
30819,0.0006367500000000652
30820,0.000628500000000035
30821,0.000634607142857137
30822,0.0006370714285714435
30823,0.0006562500000000122
30824,0.0006568928571429212
30825,0.0006482142857143357
30826,0.0006587142857143188
30827,0.0006750000000000256
30828,0.0006874285714285833
30829,0.0006990000000000305
30830,0.0006967499999999254
30831,0.0006993214285714089
30832,0.0007146428571428284
30833,0.0007294285714285158
30834,0.0007645714285714129
30835,0.0007726071428570895
30836,0.000779035714285722
30837,0.0007927499999999453
30838,0.0007680000000000067
30839,0.000763928571428504
30840,0.0007744285714286394
30841,0.0007888928571427962
30842,0.0008058214285714119
30843,0.0008350714285714085
30844,0.0008393571428571127
30845,0.0008280000000000192
30846,0.0008569285714286374
30847,0.0008578928571429246
30848,0.0008517857142856704
30849,0.0008867142857142137
30850,0.0009214285714285556
30851,0.000949607142857088
30852,0.0009526071428571267
30853,0.0008924999999999374
30854,0.0008818928571429297
30855,0.0008837142857143274
30856,0.0009064285714285145
30857,0.0008813571428571976
30858,0.0008554285714286181
30859,0.0008499642857142728
30860,0.000841500000000041
30861,0.0008152499999999309
30862,0.0008004642857142435
30863,0.0007841785714285367
30864,0.0007625357142856615
30865,0.0007551428571428939
30866,0.0007433571428570928
30867,0.0007002857142856962
30868,0.0006717857142857854
30869,0.0006729642857142741
30870,0.0006578571428572083
30871,0.0006493928571428244
30872,0.0006436071428571007
30873,0.0006286071428572118
30874,0.000579964285714293
30875,0.0005645357142856966
30876,0.0005578928571428626
30877,0.0005513571428572054
30878,0.000529285714285775
30879,0.0004869642857143118
30880,0.00048032142857147776
30881,0.0004896428571428199
30882,0.0005067857142857893
30883,0.0005223214285714103
30884,0.0005051785714285931
30885,0.00045857142857142565
30886,0.0004949999999999883
30887,0.0005002499999999799
30888,0.0004896428571428199
30889,0.0005229642857143193
30890,0.0004989642857143143
30891,0.00044817857142861935
30892,0.00043435714285706696
30893,0.0004571785714285832
30894,0.0005092499999999437
30895,0.0005141785714285569
30896,0.0004788214285714584
30897,0.0004758214285714197
30898,0.00046382142857141724
30899,0.0004474285714285336
30900,0.0005116071428570735
30901,0.0005272500000000236
30902,0.0004930714285714138
30903,0.0004996071428570709
30904,0.0004958571428570987
30905,0.00046853571428567673
30906,0.0004721785714286243
30907,0.0004918928571429251
30908,0.00047999999999994716
30909,0.0005015357142856455
30910,0.0005019642857143529
30911,0.000493499999999969
30912,0.0005044285714285073
30913,0.0005067857142857893
30914,0.00048417857142862684
30915,0.0004991785714285157
30916,0.0005109642857143167
30917,0.0005013214285714441
30918,0.0004929642857142369
30919,0.0004962857142856539
30920,0.0004976785714284964
30921,0.0004970357142857398
30922,0.00048460714285718205
30923,0.00046832142857147524
30924,0.000496821428571386
30925,0.0005080714285714549
30926,0.00049467857142861
30927,0.0004861071428572014
30928,0.0004704642857142513
30929,0.0004613571428571106
30930,0.0005080714285714549
30931,0.0005344285714285897
30932,0.0005539285714285366
30933,0.000525964285714358
30934,0.0004749642857143093
30935,0.0004617857142856658
30936,0.00046832142857147524
30937,0.00045910714285715774
30938,0.0004806428571428561
30939,0.0005116071428570735
30940,0.0005191071428571702
30941,0.0005231785714285207
30942,0.0005212499999999461
30943,0.0005464285714285921
30944,0.0005534999999999814
30945,0.0005106428571427862
30946,0.000506892857142814
30947,0.0005208214285713909
30948,0.00048450000000000516
30949,0.0004990714285714911
30950,0.0005546785714286224
30951,0.0005515714285714068
30952,0.0005584285714285946
30953,0.0005332499999999487
30954,0.0005267142857142915
30955,0.0005440714285714624
30956,0.0005137500000000017
30957,0.00047560714285721826
30958,0.00046542857142861346
30959,0.0004580357142856936
30960,0.00048428571428565145
30961,0.00048750000000004383
30962,0.0004711071428571602
30963,0.00045771428571431523
30964,0.0004669285714286328
30965,0.0004809642857142344
30966,0.0004983214285714053
30967,0.0004864285714285797
30968,0.0004715357142857154
30969,0.0004469999999999784
30970,0.00042449999999999275
30971,0.00042225000000003984
30972,0.0004758214285714197
30973,0.0005029285714286402
30974,0.0005525357142856941
30975,0.0006224999999999576
30976,0.0007008214285714283
30977,0.0008012142857143293
30978,0.0009170357142856744
30979,0.0010178571428571307
30980,0.0010883571428571262
30981,0.001123178571428645
30982,0.0011075357142856948
30983,0.0009595714285714913
30984,0.0005997857142857705
30985,0.0002800714285714077
30986,0.00019725000000003133
30987,0.0002234999999999892
30988,0.0002183571428571745
30989,0.00020100000000000356
30990,0.00021814285714282075
30991,0.00022607142857147266
30992,0.0002911071428571229
30993,0.00035228571428577634
30994,0.00038860714285716215
30995,0.0004397142857142354
30996,0.00046810714285712153
30997,0.0004826785714286075
30998,0.0004949999999999883
30999,0.000497464285714295
31000,0.000513535714285648
31001,0.000515250000000021
31002,0.0005379642857143604
31003,0.0005856428571428397
31004,0.0005967857142857319
31005,0.0005529642857142493
31006,0.0005183571428570843
31007,0.0005363571428571643
31008,0.0005495357142856554
31009,0.0005657142857143376
31010,0.0005739642857142156
31011,0.0005659285714285391
31012,0.000565392857142807
31013,0.0005857500000000166
31014,0.000583928571428619
31015,0.0005791071428571826
31016,0.0006071785714285382
31017,0.0006322500000000073
31018,0.0006093214285714664
31019,0.0006047142857142315
31020,0.0006156428571429221
31021,0.0006410357142857695
31022,0.0006520714285714848
31023,0.0006294642857143223
31024,0.0006562500000000122
31025,0.0007123928571428755
31026,0.0007123928571428755
31027,0.0007187142857143313
31028,0.0007203214285713752
31029,0.0007115357142857651
31030,0.0007063928571427982
31031,0.0007216071428571931
31032,0.0007348928571428611
31033,0.0007433571428570928
31034,0.0007834285714286032
31035,0.0007962857142857161
31036,0.0008218928571429173
31037,0.0008402142857142232
31038,0.0008447142857142812
31039,0.0008288571428571296
31040,0.0008131071428571549
31041,0.0008114999999999587
31042,0.0008125714285714228
31043,0.0008551071428570875
31044,0.0008215714285713866
31045,0.0007832142857142494
31046,0.0008058214285714119
31047,0.0007881428571428627
31048,0.0007613571428571728
31049,0.0007575000000000237
31050,0.0007820357142857607
31051,0.0007983214285714674
31052,0.0007498928571429023
31053,0.0007106785714285025
31054,0.0006754285714285808
31055,0.0006609642857142717
31056,0.0006550714285713712
31057,0.0006296785714285237
31058,0.0005890714285714337
31059,0.0005629285714285004
31060,0.0005717142857142628
31061,0.0005379642857143604
31062,0.0005121428571428055
31063,0.0005116071428570735
31064,0.00048417857142862684
31065,0.00044496428571422697
31066,0.0004610357142857323
31067,0.00044785714285708875
31068,0.00043446428571424384
31069,0.0004376785714286362
31070,0.0004258928571428352
31071,0.00041485714285712
31072,0.0004126071428571671
31073,0.00041303571428572233
31074,0.00041892857142862284
31075,0.0004370357142857273
31076,0.0004056428571428025
31077,0.0003762857142857813
31078,0.00038742857142852114
31079,0.0004007142857143415
31080,0.00039042857142855986
31081,0.00041249999999999024
31082,0.0004158214285714073
31083,0.00039385714285715374
31084,0.0003923571428571344
31085,0.00041410714285718646
31086,0.00042321428571432713
31087,0.0003906428571429136
31088,0.00037360714285712097
31089,0.00040307142857147124
31090,0.00041550000000002896
31091,0.000422142857142863
31092,0.0003982500000000349
31093,0.0003758571428570739
31094,0.0003807857142856871
31095,0.0004135714285714544
31096,0.000431571428571382
31097,0.00039396428571433057
31098,0.00039332142857142165
31099,0.000412714285714344
31100,0.0004152857142856752
31101,0.0004246071428571696
31102,0.0004128214285713686
31103,0.00040907142857139636
31104,0.0004171071428570729
31105,0.00044453571428567176
31106,0.00046789285714292003
31107,0.00044849999999999773
31108,0.0004374642857142825
31109,0.00043917857142850334
31110,0.00041367857142863125
31111,0.0003668571428571101
31112,0.00039717857142857073
31113,0.0004237500000000592
31114,0.00041978571428573326
31115,0.00043264285714284613
31116,0.00041967857142855637
31117,0.0004252499999999263
31118,0.00042021428571428846
31119,0.0004227857142857719
31120,0.000434892857142799
31121,0.00041367857142863125
31122,0.0003967500000000155
31123,0.0004060714285713577
31124,0.0004126071428571671
31125,0.00042996428571433806
31126,0.0004467857142857769
31127,0.00041464285714291855
31128,0.0003921428571429329
31129,0.00040907142857139636
31130,0.00043553571428570797
31131,0.0004515000000000364
31132,0.0004415357142857853
31133,0.00042407142857143755
31134,0.0004563214285714728
31135,0.00045428571428572136
31136,0.00042353571428570546
31137,0.0004520357142857685
31138,0.0004984285714285822
31139,0.0005030357142856649
31140,0.0005012142857142672
31141,0.00048428571428565145
31142,0.000456107142857119
31143,0.00045364285714281243
31144,0.00048417857142862684
31145,0.0005042142857143058
31146,0.0004520357142857685
31147,0.0003967500000000155
31148,0.0004072499999999987
31149,0.000411535714285703
31150,0.0003956785714285514
31151,0.0003806785714285102
31152,0.0004033928571428496
31153,0.000405428571428601
31154,0.00038775000000005174
31155,0.00038292857142861535
31156,0.0003872142857143197
31157,0.00038796428571425323
31158,0.00041485714285712
31159,0.00040960714285712845
31160,0.0004122857142857888
31161,0.0004280357142857635
31162,0.0004204285714286422
31163,0.00041078571428576947
31164,0.00042396428571426066
31165,0.0005552142857143545
31166,0.0007178571428570685
31167,0.0008043214285713926
31168,0.000924000000000039
31169,0.0010817142857142922
31170,0.0011628214285714477
31171,0.0011882142857142953
31172,0.0011210357142857168
31173,0.0009003214285714125
31174,0.0005575714285714843
31175,0.0002918571428572087
31176,0.00018235714285716703
31177,0.0001300714285714528
31178,7.746428571436021e-05
31179,0.00011796428571427343
31180,0.0001850357142856751
31181,0.00021385714285711646
31182,0.00027224999999993265
31183,0.0003268928571429289
31184,0.00036407142857142514
31185,0.00039374999999997686
31186,0.0004162499999999625
31187,0.00042782142857140975
31188,0.0004195714285713795
31189,0.0004383214285713929
31190,0.00043446428571424384
31191,0.0004357500000000617
31192,0.000442178571428542
31193,0.00046371428571424035
31194,0.0004898571428571736
31195,0.00047828571428572633
31196,0.0005073214285713692
31197,0.0005407500000000453
31198,0.0005377500000000066
31199,0.0005254285714286259
31200,0.0005123571428571592
31201,0.000508607142857187
31202,0.0005211428571429216
31203,0.0005136428571428248
31204,0.0005215714285714768
31205,0.0005523214285714927
31206,0.0005722499999999947
31207,0.0005665714285714481
31208,0.0005708571428571523
31209,0.0005878928571427926
31210,0.0005922857142856738
31211,0.000576535714285699
31212,0.0005683928571428457
31213,0.0005767500000000528
31214,0.0006036428571429196
31215,0.0006270000000000157
31216,0.000620035714285651
31217,0.0006130714285714386
31218,0.0006328928571429161
31219,0.0006917142857142876
31220,0.0007018928571428923
31221,0.000747749999999974
31222,0.000741642857142872
31223,0.0007307142857143337
31224,0.000756214285714358
31225,0.000768428571428562
31226,0.0007778571428570809
31227,0.0007558928571428274
31228,0.0007619999999999294
31229,0.0007418571428570736
31230,0.0007524642857142335
31231,0.0007782857142857885
31232,0.0007743214285714625
31233,0.0007828928571428711
31234,0.0007944642857143183
31235,0.0007857857142857329
31236,0.0007566428571429133
31237,0.0007373571428571677
31238,0.0007535357142856977
31239,0.000752357142857209
31240,0.0007240714285714996
31241,0.000694285714285771
31242,0.0006876428571427847
31243,0.0006776785714285336
31244,0.0006512142857142221
31245,0.000614571428571458
31246,0.0005871428571428591
31247,0.0005648571428570749
31248,0.0005423571428570894
31249,0.0005193214285713716
31250,0.0005012142857142672
31251,0.0004899642857143505
31252,0.0004857857142856708
31253,0.0004352142857143296
31254,0.000400928571428543
31255,0.0004010357142857198
31256,0.0004306071428570947
31257,0.00040350000000002645
31258,0.00039460714285708727
31259,0.0003911785714286456
31260,0.00036921428571423984
31261,0.0004003928571428109
31262,0.00039803571428568115
31263,0.000366321428571378
31264,0.00035700000000003584
31265,0.0003649285714285355
31266,0.00035903571428578726
31267,0.0003208928571428515
31268,0.0003154285714285062
31269,0.00033825000000002245
31270,0.00035700000000003584
31271,0.0003733928571429195
31272,0.00038314285714281685
31273,0.0003712499999999912
31274,0.00035357142857144196
31275,0.00033450000000005025
31276,0.00033332142857140924
31277,0.00035924999999998876
31278,0.00038453571428565935
31279,0.00036782142857139734
31280,0.00037275000000001055
31281,0.00035914285714281187
31282,0.00035271428571433155
31283,0.0003744642857142314
31284,0.0003799285714285767
31285,0.00036407142857142514
31286,0.00034864285714282875
31287,0.0003432857142856603
31288,0.0003550714285714613
31289,0.0003500357142856712
31290,0.0003475714285713646
31291,0.00038228571428570643
31292,0.0004156071428572058
31293,0.0003959999999999297
31294,0.0003846428571428362
31295,0.0003764999999999828
31296,0.0003504642857142264
31297,0.0003422142857143484
31298,0.00039332142857142165
31299,0.00041410714285718646
31300,0.0003940714285713552
31301,0.00033192857142856673
31302,0.0003248571428571775
31303,0.00037392857142849934
31304,0.000390321428571383
31305,0.0003603214285714529
31306,0.00033878571428575454
31307,0.0003713571428571681
31308,0.0003930000000000433
31309,0.00038292857142861535
31310,0.00039557142857137457
31311,0.00038271428571426164
31312,0.00037210714285710163
31313,0.00038839285714280844
31314,0.00037392857142849934
31315,0.0003667499999999332
31316,0.00035935714285716564
31317,0.00037874999999993567
31318,0.0004000714285714326
31319,0.0003712499999999912
31320,0.00034821428571427354
31321,0.00035196428571424574
31322,0.00038389285714290265
31323,0.00039921428571432216
31324,0.0004024285714285623
31325,0.0004144285714285648
31326,0.00039857142857141324
31327,0.0003819642857143281
31328,0.00039557142857137457
31329,0.0004264285714285673
31330,0.0004118571428570813
31331,0.000400928571428543
31332,0.0004456071428571359
31333,0.0004749642857143093
31334,0.0004647857142857045
31335,0.00043982142857141226
31336,0.0004025357142857392
31337,0.00039492857142861787
31338,0.00041346428571427754
31339,0.0004162499999999625
31340,0.0003820714285713527
31341,0.000346285714285699
31342,0.00035871428571425666
31343,0.00037285714285718744
31344,0.00037307142857138893
31345,0.0003760714285714276
31346,0.0003653571428570907
31347,0.0003666428571429086
31348,0.0003716785714285464
31349,0.0003828214285714385
31350,0.0003825000000000602
31351,0.0003713571428571681
31352,0.00036439285714280346
31353,0.0003436071428571909
31354,0.0003446785714285028
31355,0.00036385714285707137
31356,0.0003803571428571319
31357,0.00043800000000001455
31358,0.0005247857142857169
31359,0.000621857142857201
31360,0.0007325357142857313
31361,0.0008921785714285591
31362,0.0010503214285713673
31363,0.0011217857142856503
31364,0.0011660357142856878
31365,0.0011835000000000357
31366,0.0009994285714284956
31367,0.0006348214285714907
31368,0.0003049285714285231
31369,0.00019960714285716108
31370,0.00016917857142852353
31371,0.00010896428571430964
31372,4.832142857138828e-05
31373,7.746428571436021e-05
31374,0.00020014285714289314
31375,0.00029774999999995696
31376,0.00029410714285716164
31377,0.000309535714285758
31378,0.00035282142857135615
31379,0.0003760714285714276
31380,0.00038903571428571736
31381,0.00039471428571426415
31382,0.00040435714285713686
31383,0.0004099285714285068
31384,0.0004356428571428848
31385,0.00041764285714280495
31386,0.00041892857142862284
31387,0.00042021428571428846
31388,0.00042535714285710317
31389,0.0004727142857143564
31390,0.0005117142857142502
31391,0.0004910357142856623
31392,0.0004764642857143286
31393,0.0004962857142856539
31394,0.00048203571428569853
31395,0.00045364285714281243
31396,0.00047871428571428154
31397,0.0005044285714285073
31398,0.0005078571428571012
31399,0.000511928571428604
31400,0.0005205000000000126
31401,0.0005221071428572089
31402,0.0005416071428571557
31403,0.0005517857142857606
31404,0.0005648571428570749
31405,0.0005975357142856654
31406,0.0005708571428571523
31407,0.0005650714285714287
31408,0.0006144642857142811
31409,0.0005971071428571102
31410,0.000568714285714224
31411,0.0006189642857143391
31412,0.0006420000000000568
31413,0.0006566785714285674
31414,0.0007024285714286244
31415,0.0006927857142857518
31416,0.0007009285714286051
31417,0.0007289999999999607
31418,0.0007147500000000053
31419,0.0007189285714285327
31420,0.0007295357142856927
31421,0.000732214285714353
31422,0.0007281428571428503
31423,0.0007459285714285763
31424,0.000765107142857145
31425,0.0007761428571428601
31426,0.0007652142857143218
31427,0.0007373571428571677
31428,0.0007392857142857423
31429,0.000759535714285775
31430,0.0007461428571429301
31431,0.0007429285714285376
31432,0.0007247142857142563
31433,0.0007115357142857651
31434,0.0006760714285714897
31435,0.0006597857142857829
31436,0.0006576428571428547
31437,0.0006371785714286204
31438,0.0006026785714286323
31439,0.0006002142857143257
31440,0.0005820000000000444
31441,0.0005470714285715011
31442,0.0005130000000000682
31443,0.0004930714285714138
31444,0.0004958571428570987
31445,0.00046489285714288136
31446,0.00045439285714289824
31447,0.00046489285714288136
31448,0.0004121785714286119
31449,0.0004025357142857392
31450,0.0004081071428571091
31451,0.0003512142857143122
31452,0.0003598928571428977
31453,0.00040982142857148217
31454,0.000371464285714345
31455,0.0003466071428570773
31456,0.00034928571428573767
31457,0.0003453214285714117
31458,0.00037317857142856576
31459,0.0003444642857143013
31460,0.0003228214285714261
31461,0.00033985714285721867
31462,0.00037210714285710163
31463,0.00036353571428569305
31464,0.000311678571428534
31465,0.00032775000000003933
31466,0.0003763928571428059
31467,0.0003595714285713671
31468,0.00032860714285714974
31469,0.00034682142857143103
31470,0.0003461785714285221
31471,0.0003457499999999669
31472,0.00036299999999996096
31473,0.0003649285714285355
31474,0.0003418928571428178
31475,0.0003322499999999451
31476,0.000366321428571378
31477,0.0003755357142856955
31478,0.00038914285714289424
31479,0.00038925000000007107
31480,0.00036417857142860197
31481,0.0003679285714285742
31482,0.0003616071428571185
31483,0.00035892857142861043
31484,0.0003828214285714385
31485,0.0003515357142856906
31486,0.0003812142857142423
31487,0.0003919285714285792
31488,0.0003795000000000215
31489,0.000361392857142917
31490,0.0003758571428570739
31491,0.00039374999999997686
31492,0.0003530357142857099
31493,0.0003354642857143375
31494,0.0003616071428571185
31495,0.0003897857142856509
31496,0.0003763928571428059
31497,0.0003460714285714975
31498,0.0003456428571427901
31499,0.0003713571428571681
31500,0.00038389285714290265
31501,0.0003715714285713696
31502,0.0003565714285714807
31503,0.000349607142857116
31504,0.0003610714285713864
31505,0.0003826071428570848
31506,0.00036824999999995255
31507,0.0003551785714286382
31508,0.00035367857142861884
31509,0.00037360714285712097
31510,0.00039803571428568115
31511,0.0004063928571428883
31512,0.0004024285714285623
31513,0.0003857142857143003
31514,0.00036310714285713784
31515,0.00036846428571430626
31516,0.0003897857142856509
31517,0.00040274999999994064
31518,0.00040424999999996
31519,0.0003846428571428362
31520,0.0004052142857142473
31521,0.00044496428571422697
31522,0.0004168928571428714
31523,0.00041592857142858417
31524,0.0004204285714286422
31525,0.0004312500000000037
31526,0.0004518214285714147
31527,0.0004413214285714316
31528,0.00043607142857144
31529,0.00045021428571421856
31530,0.00044924999999993126
31531,0.00042064285714284367
31532,0.00040350000000002645
31533,0.0003656785714286213
31534,0.00036846428571430626
31535,0.00037928571428566776
31536,0.00035335714285708824
31537,0.0003467142857142542
31538,0.00038828571428578383
31539,0.00039021428571435837
31540,0.0003715714285713696
31541,0.00035764285714279254
31542,0.0003465000000000527
31543,0.0003616071428571185
31544,0.00038699999999996593
31545,0.00037317857142856576
31546,0.00036739285714284213
31547,0.0003756428571428724
31548,0.00038442857142863474
31549,0.0003863571428572093
31550,0.0003627857142857595
31551,0.0003918214285714023
31552,0.0004937142857143227
31553,0.0006288214285714133
31554,0.0007594285714285982
31555,0.0009012857142856997
31556,0.0010662857142856958
31557,0.0011815714285714613
31558,0.0012220714285713745
31559,0.0012167142857143582
31560,0.001038964285714274
31561,0.0006951428571428815
31562,0.0003271071428571304
31563,0.0001548214285713913
31564,0.0001556785714285017
31565,0.00013414285714280337
31566,8.678571428570235e-05
31567,0.0001078928571428455
31568,0.00015428571428565923
31569,0.00023892857142858556
31570,0.0002952857142856504
31571,0.00032003571428574116
31572,0.000360857142857185
31573,0.0003866785714285876
31574,0.0004105714285714157
31575,0.00043392857142851175
31576,0.0004462500000000448
31577,0.0004456071428571359
31578,0.0004353214285713542
31579,0.00043992857142858915
31580,0.0004582500000000473
31581,0.0004725000000000027
31582,0.0004682142857142984
31583,0.0004711071428571602
31584,0.00047560714285721826
31585,0.0004742142857142235
31586,0.00047400000000002204
31587,0.0004670357142856574
31588,0.0005137500000000017
31589,0.0005039999999999521
31590,0.0005037857142857506
31591,0.0005361428571428105
31592,0.0005272500000000236
31593,0.0005326071428571919
31594,0.0005668928571428264
31595,0.0005815714285714892
31596,0.0005494285714286308
31597,0.0005195357142857253
31598,0.0005387142857142939
31599,0.0005794285714285609
31600,0.0005997857142857705
31601,0.0006022499999999249
31602,0.0006220714285714024
31603,0.0006196071428570958
31604,0.0006211071428571151
31605,0.0006163928571428556
31606,0.0006260357142857284
31607,0.0006557142857142801
31608,0.0006738214285713846
31609,0.0006920357142856659
31610,0.0007002857142856962
31611,0.0007077857142856407
31612,0.0007555714285714491
31613,0.0007904999999999924
31614,0.0007764642857142385
31615,0.0007430357142857145
31616,0.0007551428571428939
31617,0.0007813928571428517
31618,0.0007897500000000589
31619,0.0007599642857143303
31620,0.0007511785714285679
31621,0.0008167499999999502
31622,0.0008097857142857379
31623,0.0007632857142857472
31624,0.0007509642857142142
31625,0.0007424999999999824
31626,0.0007427142857143362
31627,0.0007329642857142866
31628,0.0006959999999999919
31629,0.000676392857142868
31630,0.0006767142857142465
31631,0.0006617142857143575
31632,0.0006203571428571816
31633,0.0005925000000000276
31634,0.0005706428571427986
31635,0.0005675357142857352
31636,0.0005527500000000479
31637,0.000510214285714231
31638,0.0004882499999999774
31639,0.0004869642857143118
31640,0.0004857857142856708
31641,0.0004503214285713954
31642,0.00043414285714286547
31643,0.0004471071428571552
31644,0.00044421428571429344
31645,0.00038432142857145786
31646,0.00038925000000007107
31647,0.0003896785714286263
31648,0.0003825000000000602
31649,0.00038432142857145786
31650,0.00038335714285717056
31651,0.0003509999999999585
31652,0.00034457142857147817
31653,0.0003463928571428759
31654,0.0003388928571429314
31655,0.0003218571428571388
31656,0.00037532142857149407
31657,0.00037360714285712097
31658,0.00036375000000004676
31659,0.0003754285714285187
31660,0.0003612857142857402
31661,0.0003515357142856906
31662,0.00038014285714293045
31663,0.00039042857142855986
31664,0.00036878571428568464
31665,0.00035357142857144196
31666,0.00035860714285707983
31667,0.0003628928571427841
31668,0.00035367857142861884
31669,0.00034778571428571833
31670,0.00036889285714286147
31671,0.00038475000000001307
31672,0.0003722142857142785
31673,0.00034896428571435935
31674,0.0003491785714285608
31675,0.0003701785714285271
31676,0.0003766071428571597
31677,0.00040478571428569207
31678,0.00040939285714292696
31679,0.0003910714285714688
31680,0.0003958928571429051
31681,0.00041764285714280495
31682,0.0003810000000000408
31683,0.00033749999999993665
31684,0.0003817499999999744
31685,0.00040435714285713686
31686,0.00040360714285720333
31687,0.00041325000000007605
31688,0.0004004999999999878
31689,0.0003668571428571101
31690,0.00036782142857139734
31691,0.0003760714285714276
31692,0.0003811071428572177
31693,0.0003440357142857461
31694,0.00037832142857138046
31695,0.00042417857142861443
31696,0.0004045714285714906
31697,0.00039353571428577536
31698,0.00037435714285720677
31699,0.00037296428571421204
31700,0.0003854999999999466
31701,0.00037328571428574264
31702,0.00033910714285713287
31703,0.00035453571428572926
31704,0.00037499999999996347
31705,0.00035325000000006364
31706,0.00036299999999996096
31707,0.00037907142857146627
31708,0.00043360714285713343
31709,0.00044860714285717456
31710,0.0004078928571429076
31711,0.0003861428571428555
31712,0.00038817857142860694
31713,0.0004085357142856643
31714,0.00040285714285711753
31715,0.00038742857142852114
31716,0.0004270714285714762
31717,0.0004214999999999541
31718,0.00040907142857139636
31719,0.000440035714285766
31720,0.00044325000000000614
31721,0.0004453928571427822
31722,0.00041925000000000116
31723,0.0004262142857142136
31724,0.00044496428571422697
31725,0.0004582500000000473
31726,0.00047989285714292255
31727,0.000467357142857188
31728,0.00043446428571424384
31729,0.0004511785714285058
31730,0.00043403571428568864
31731,0.0003967500000000155
31732,0.000360214285714276
31733,0.00037853571428573423
31734,0.0003995357142857005
31735,0.0003774642857142701
31736,0.0003863571428572093
31737,0.0003979285714285043
31738,0.0003963214285714603
31739,0.00038432142857145786
31740,0.00036471428571433406
31741,0.0003338571428571413
31742,0.0003799285714285767
31743,0.00043403571428568864
31744,0.0004422857142857189
31745,0.0004302857142857164
31746,0.00037971428571422297
31747,0.0003431785714286357
31748,0.00035453571428572926
31749,0.00041935714285717805
31750,0.0005120357142857809
31751,0.0006526071428572169
31752,0.0008666785714285348
31753,0.001032107142857086
31754,0.0011395714285713763
31755,0.0011958214285714165
31756,0.0012557142857142522
31757,0.001176642857142848
31758,0.0009101785714286389
31759,0.0005550000000000007
31760,0.0002681785714285821
31761,0.0001739999999999599
31762,0.0001484999999999356
31763,0.00010939285714286484
31764,7.38214285714126e-05
31765,0.00011367857142856914
31766,0.00022253571428570193
31767,0.00028028571428576147
31768,0.00034135714285708573
31769,0.0003859285714285018
31770,0.00038817857142860694
31771,0.00040532142857142416
31772,0.0004453928571427822
31773,0.0004610357142857323
31774,0.0004611428571429091
31775,0.00045364285714281243
31776,0.0004216071428571309
31777,0.000432750000000023
31778,0.00045396428571434303
31779,0.00045300000000005573
31780,0.000466178571428547
31781,0.00046842857142849985
31782,0.00047099999999998337
31783,0.0005260714285713825
31784,0.000549321428571454
31785,0.00050528571428577
31786,0.0005303571428570868
31787,0.0005442857142856639
31788,0.0005325000000000151
31789,0.0005476071428570809
31790,0.0005499642857142107
31791,0.0005563928571428432
31792,0.0005856428571428397
31793,0.0005995714285714168
31794,0.0005923928571428507
31795,0.0005870357142856822
31796,0.0005863928571429256
31797,0.0005898214285713672
31798,0.0005908928571428313
31799,0.0005855357142856629
31800,0.000633428571428496
31801,0.0006520714285714848
31802,0.0006592500000000509
31803,0.0006639642857143104
31804,0.000651857142857131
31805,0.0006782142857142657
31806,0.0007010357142857819
31807,0.0006997499999999641
31808,0.0007191428571428864
31809,0.000742285714285781
31810,0.0007480714285715047
31811,0.0007577142857142251
31812,0.0007834285714286032
31813,0.0007778571428570809
31814,0.0007720714285713574
31815,0.0007688571428571172
31816,0.0007614642857143496
31817,0.0007789285714285451
31818,0.0007961785714285392
31819,0.0008016428571428845
31820,0.0008150357142857294
31821,0.0008017500000000613
31822,0.0007721785714285343
31823,0.0007862142857142881
31824,0.0007725000000000648
31825,0.0007333928571428418
31826,0.0007121785714285217
31827,0.0007239642857143228
31828,0.0006775714285713568
31829,0.0006371785714286204
31830,0.0006416785714285263
31831,0.0006446785714285649
31832,0.0005975357142856654
31833,0.0005580000000000395
31834,0.0005419285714285342
31835,0.0005356071428570784
31836,0.0005247857142857169
31837,0.0004936071428571458
31838,0.0004630714285714837
31839,0.0004430357142856524
31840,0.0004535357142857878
31841,0.00046382142857141724
31842,0.00045835714285707193
31843,0.0004194642857143549
31844,0.00038839285714280844
31845,0.0003616071428571185
31846,0.0003424285714285499
31847,0.00036407142857142514
31848,0.0004102500000000374
31849,0.000400928571428543
31850,0.0004045714285714906
31851,0.0004085357142856643
31852,0.0003906428571429136
31853,0.00039460714285708727
31854,0.0004051071428570704
31855,0.0003860357142856787
31856,0.0003711428571428144
31857,0.0003973928571429245
31858,0.0003967500000000155
31859,0.00035860714285707983
31860,0.0003551785714286382
31861,0.0003828214285714385
31862,0.00040735714285717553
31863,0.00038871428571433903
31864,0.0003693214285714167
31865,0.00038807142857143006
31866,0.0003864642857142339
31867,0.00037275000000001055
31868,0.00037960714285719836
31869,0.00038828571428578383
31870,0.00038817857142860694
31871,0.0003859285714285018
31872,0.0003982500000000349
31873,0.00040232142857138544
31874,0.0004152857142856752
31875,0.00042471428571434647
31876,0.0004025357142857392
31877,0.0004000714285714326
31878,0.00040285714285711753
31879,0.00038442857142863474
31880,0.0003857142857143003
31881,0.00042064285714284367
31882,0.0004168928571428714
31883,0.00041378571428565586
31884,0.0004055357142857779
31885,0.00040232142857138544
31886,0.00041935714285717805
31887,0.0004270714285714762
31888,0.00040832142857146283
31889,0.0004174285714286035
31890,0.000400928571428543
31891,0.00038914285714289424
31892,0.0003876428571428749
31893,0.00039492857142861787
31894,0.0004117500000000567
31895,0.00040778571428573074
31896,0.000402107142857184
31897,0.00041207142857143503
31898,0.0004045714285714906
31899,0.0004058571428571562
31900,0.00039717857142857073
31901,0.00037939285714284465
31902,0.0003925714285714881
31903,0.00044314285714282925
31904,0.00044967857142863874
31905,0.00041046428571423887
31906,0.0003961071428571066
31907,0.0003967500000000155
31908,0.0004017857142856534
31909,0.00041592857142858417
31910,0.0004417499999999868
31911,0.0004271785714285008
31912,0.0004331785714285782
31913,0.00041507142857147376
31914,0.00038860714285716215
31915,0.0004144285714285648
31916,0.00043960714285721077
31917,0.0004749642857143093
31918,0.0004984285714285822
31919,0.0004855714285714693
31920,0.0005184642857142612
31921,0.0005143928571429106
31922,0.0004861071428572014
31923,0.00047357142857146683
31924,0.0004523571428571468
31925,0.0004211785714285757
31926,0.0003760714285714276
31927,0.00040017857142860946
31928,0.00043842857142856976
31929,0.00041860714285709224
31930,0.00039042857142855986
31931,0.0004016785714286288
31932,0.0004004999999999878
31933,0.00039803571428568115
31934,0.00040982142857148217
31935,0.0004149642857142969
31936,0.0003609642857143618
31937,0.00036471428571433406
31938,0.00043082142857144847
31939,0.0004408928571428764
31940,0.00044271428571427405
31941,0.0004362857142856415
31942,0.0004310357142856499
31943,0.00046960714285714086
31944,0.0005496428571428323
31945,0.0006729642857142741
31946,0.0007836428571428046
31947,0.0009115714285714814
31948,0.0010392857142856521
31949,0.001097464285714267
31950,0.0011135357142857722
31951,0.0010708928571429308
31952,0.000864857142857137
31953,0.0005396785714285812
31954,0.00025435714285718195
31955,0.00016049999999993806
31956,0.00017207142857138534
31957,0.00015546428571430024
31958,0.00013082142857138632
31959,0.00014978571428575347
31960,0.0002127857142856523
31961,0.00026892857142851565
31962,0.00030717857142862823
31963,0.0003550714285714613
31964,0.0004008214285713661
31965,0.0004358571428570863
31966,0.0004630714285714837
31967,0.00047346428571428995
31968,0.0004771071428570853
31969,0.0004886785714285326
31970,0.0004900714285713751
31971,0.0005124642857143361
31972,0.0005311071428571727
31973,0.0005273571428572004
31974,0.0004962857142856539
31975,0.0004918928571429251
31976,0.0005021785714285545
31977,0.0005139642857143555
31978,0.0005297142857143302
31979,0.0005541428571428903
31980,0.0005477142857142577
31981,0.0005460000000000369
31982,0.0005538214285713597
31983,0.0005612142857142796
31984,0.0005622857142857438
31985,0.0005912142857142096
31986,0.0006104999999999552
31987,0.0006159642857143004
31988,0.0005896071428571657
31989,0.0005762142857143207
31990,0.0005917499999999417
31991,0.0006219642857142255
31992,0.000637392857142822
31993,0.0006352500000000459
31994,0.0006769285714286001
31995,0.0006710357142856997
31996,0.0006565714285713905
31997,0.0006752142857142271
31998,0.000689249999999981
31999,0.00071989285714282
32000,0.0007402500000000296
32001,0.0007436785714286235
32002,0.0007513928571429217
32003,0.0007629642857142167
32004,0.0007567499999999378
32005,0.0007408928571427863
32006,0.0007486071428570844
32007,0.0007969285714286249
32008,0.0008350714285714085
32009,0.0008098928571429147
32010,0.0007713214285714238
32011,0.0007778571428570809
32012,0.0007797857142856555
32013,0.000781178571428498
32014,0.0007997142857143099
32015,0.000795107142857075
32016,0.0007742142857142856
32017,0.0007315714285714442
32018,0.0007151785714285605
32019,0.0006920357142856659
32020,0.0006933214285714837
32021,0.000720428571428552
32022,0.0007328571428571098
32023,0.0007122857142856986
32024,0.0006932142857143069
32025,0.0006416785714285263
32026,0.0005949642857143342
32027,0.0006137142857143476
32028,0.0005916428571429172
32029,0.0005470714285715011
32030,0.0005183571428570843
32031,0.0005045357142856842
32032,0.0005456785714285064
32033,0.0005197499999999268
32034,0.0004412142857142547
32035,0.0004430357142856524
32036,0.00046810714285712153
32037,0.000467357142857188
32038,0.0004517142857142379
32039,0.0004306071428570947
32040,0.0004004999999999878
32041,0.00039921428571432216
32042,0.000426107142857189
32043,0.0004354285714285311
32044,0.0004201071428571116
32045,0.00040435714285713686
32046,0.0004182857142857139
32047,0.0004250357142857248
32048,0.0004168928571428714
32049,0.0004056428571428025
32050,0.00036846428571430626
32051,0.0003693214285714167
32052,0.0003850714285713914
32053,0.0003952499999999962
32054,0.00041378571428565586
32055,0.00042289285714279653
32056,0.0004046785714285152
32057,0.0004322142857142909
32058,0.00046971428571431775
32059,0.0004270714285714762
32060,0.0004173214285714266
32061,0.0004313571428571805
32062,0.0004298571428571612
32063,0.00042192857142850924
32064,0.00040907142857139636
32065,0.0004227857142857719
32066,0.0004418571428571637
32067,0.00045224999999996993
32068,0.00044057142857149807
32069,0.0004271785714285008
32070,0.00040982142857148217
32071,0.0004128214285713686
32072,0.00043757142857145934
32073,0.00043382142857148714
32074,0.00043478571428577444
32075,0.00045482142857145345
32076,0.0004462500000000448
32077,0.00042492857142854796
32078,0.00042546428571428
32079,0.00045257142857150053
32080,0.00044024999999996747
32081,0.00043478571428577444
32082,0.0004205357142856668
32083,0.00040328571428567274
32084,0.000422142857142863
32085,0.0004214999999999541
32086,0.0004250357142857248
32087,0.00041774999999998183
32088,0.00042739285714285454
32089,0.0004670357142856574
32090,0.000440035714285766
32091,0.00041421428571421107
32092,0.0004131428571428992
32093,0.00043414285714286547
32094,0.00043403571428568864
32095,0.0004368214285713736
32096,0.00046757142857138944
32097,0.0004977857142856733
32098,0.0005021785714285545
32099,0.0005101071428572063
32100,0.0004953214285713666
32101,0.0004666071428571022
32102,0.00046424999999997244
32103,0.00048589285714284767
32104,0.0004821428571428754
32105,0.000498535714285759
32106,0.0005214642857142999
32107,0.0004993928571428695
32108,0.0004772142857142622
32109,0.00046500000000005825
32110,0.00043735714285710563
32111,0.00042407142857143755
32112,0.00044528571428575757
32113,0.00042428571428563904
32114,0.0003956785714285514
32115,0.0004164642857143162
32116,0.00042246428571424133
32117,0.0004207500000000205
32118,0.0003930000000000433
32119,0.00039514285714281936
32120,0.0004194642857143549
32121,0.0004015714285714519
32122,0.0004234285714285286
32123,0.00043285714285719984
32124,0.0004374642857142825
32125,0.0004505357142857491
32126,0.0004123928571428134
32127,0.0004092857142857501
32128,0.0004517142857142379
32129,0.0004930714285714138
32130,0.000559928571428614
32131,0.0006189642857143391
32132,0.0007299642857142479
32133,0.0008743928571428329
32134,0.0009916071428571727
32135,0.0010685357142856487
32136,0.0011122499999999544
32137,0.00109178571428572
32138,0.000868178571428554
32139,0.0005542500000000672
32140,0.0003171428571428793
32141,0.00019296428571432704
32142,0.00015878571428571726
32143,0.00013971428571432553
32144,0.00014099999999999112
32145,0.00013671428571428683
32146,0.0001892142857143548
32147,0.00025821428571433104
32148,0.00033278571428567715
32149,0.00038389285714290265
32150,0.0004277142857142329
32151,0.0004368214285713736
32152,0.00043082142857144847
32153,0.00046585714285716866
32154,0.0004973571428571181
32155,0.0004896428571428199
32156,0.0004987499999999605
32157,0.0005078571428571012
32158,0.0005043214285714827
32159,0.0004900714285713751
32160,0.0004988571428571374
32161,0.0005216785714285013
32162,0.0005411785714286005
32163,0.0005420357142857109
32164,0.000522000000000032
32165,0.0005069999999999907
32166,0.0005238214285714297
32167,0.0005379642857143604
32168,0.000570535714285774
32169,0.0005788928571428288
32170,0.0005674285714285585
32171,0.000601178571428613
32172,0.0005980714285713975
32173,0.0005979642857142206
32174,0.0006001071428571489
32175,0.0005802857142856713
32176,0.0006053571428571404
32177,0.000648535714285714
32178,0.0006701785714285892
32179,0.0006807857142857492
32180,0.0006865714285714729
32181,0.0006777857142857105
32182,0.0006834642857142573
32183,0.0006905357142856465
32184,0.0007100357142857458
32185,0.0007138928571428949
32186,0.0007191428571428864
32187,0.000735000000000038
32188,0.0007441071428571787
32189,0.0007460357142857532
32190,0.0007289999999999607
32191,0.0007535357142856977
32192,0.0007943571428571415
32193,0.0007931785714285005
32194,0.0007827857142856942
32195,0.0007979999999999369
32196,0.0008093571428571827
32197,0.0007991785714285778
32198,0.0007794642857142772
32199,0.0007923214285713901
32200,0.0008092500000000058
32201,0.0008192142857142569
32202,0.0007833214285714263
32203,0.000741642857142872
32204,0.0007361785714285268
32205,0.0007431428571428914
32206,0.0007248214285714332
32207,0.0007199999999999968
32208,0.0007030714285713812
32209,0.0006850714285714535
32210,0.0006553928571429018
32211,0.0006315000000000736
32212,0.0005991428571428616
32213,0.0005675357142857352
32214,0.0005598214285714371
32215,0.000563785714285763
32216,0.0005607857142857244
32217,0.00052467857142854
32218,0.0004991785714285157
32219,0.00046714285714283423
32220,0.0004532142857142572
32221,0.0004713214285713617
32222,0.0004702500000000498
32223,0.0004199999999999347
32224,0.00038957142857144945
32225,0.00041432142857138795
32226,0.0004017857142856534
32227,0.0003912857142856702
32228,0.0004020000000000071
32229,0.0004118571428570813
32230,0.0004168928571428714
32231,0.0004198928571429101
32232,0.0004012500000000736
32233,0.00038785714285707634
32234,0.00039846428571423635
32235,0.0003968571428571924
32236,0.00038228571428570643
32237,0.0003812142857142423
32238,0.0004011428571428967
32239,0.00041850000000006764
32240,0.00042417857142861443
32241,0.00039942857142852365
32242,0.000394821428571441
32243,0.0004248214285713711
32244,0.0004164642857143162
32245,0.0004038214285714048
32246,0.00040232142857138544
32247,0.0003956785714285514
32248,0.0003760714285714276
32249,0.00040960714285712845
32250,0.0004511785714285058
32251,0.00040574999999997937
32252,0.0003817499999999744
32253,0.0004321071428571141
32254,0.0004415357142857853
32255,0.0004246071428571696
32256,0.00042910714285707537
32257,0.000420964285714222
32258,0.0004112142857143247
32259,0.0004131428571428992
32260,0.00039428571428570895
32261,0.0004067142857142666
32262,0.0004225714285714182
32263,0.0004262142857142136
32264,0.00045396428571434303
32265,0.00045310714285708034
32266,0.0004201071428571116
32267,0.00038839285714280844
32268,0.00040875000000001804
32269,0.0004476428571428873
32270,0.0004116428571428798
32271,0.0004178571428571587
32272,0.00045385714285716615
32273,0.00043242857142864464
32274,0.0004170000000000483
32275,0.000423321428571504
32276,0.00043446428571424384
32277,0.0004566428571428511
32278,0.00043349999999995654
32279,0.0004211785714285757
32280,0.00046510714285708286
32281,0.00046371428571424035
32282,0.00044421428571429344
32283,0.00044325000000000614
32284,0.00043853571428574664
32285,0.00040489285714286896
32286,0.00040832142857146283
32287,0.00046285714285712994
32288,0.0005150357142856673
32289,0.00051589285714293
32290,0.0004835357142857179
32291,0.0004749642857143093
32292,0.00047603571428577346
32293,0.0004942500000000548
32294,0.0005061428571428804
32295,0.00046532142857143657
32296,0.00043253571428566925
32297,0.00039492857142861787
32298,0.00040778571428573074
32299,0.0004248214285713711
32300,0.0004156071428572058
32301,0.0004109999999999709
32302,0.0004081071428571091
32303,0.00040371428571422794
32304,0.0004092857142857501
32305,0.00043950000000003394
32306,0.00044432142857147027
32307,0.0004163571428571394
32308,0.00040264285714291604
32309,0.00039450000000006266
32310,0.000396964285714217
32311,0.00041367857142863125
32312,0.00041003571428568366
32313,0.0004284642857143187
32314,0.0005071071428571676
32315,0.0006253928571428194
32316,0.0007392857142857423
32317,0.0008698928571429272
32318,0.0009897857142857752
32319,0.001085250000000063
32320,0.0011488928571428707
32321,0.0011878928571429168
32322,0.0010549285714286023
32323,0.0007260000000000742
32324,0.0004076785714285539
32325,0.00024814285714290307
32326,0.0002102142857143211
32327,0.00017882142857139627
32328,0.0001415357142857232
32329,0.00010853571428575444
32330,0.0001645714285714409
32331,0.00023914285714278703
32332,0.00029989285714288527
32333,0.0003556071428571934
32334,0.00038989285714282777
32335,0.00040960714285712845
32336,0.0004361785714286169
32337,0.00042878571428569705
32338,0.00043982142857141226
32339,0.0004657499999999918
32340,0.00047999999999994716
32341,0.0004887857142857095
32342,0.0004749642857143093
32343,0.0004898571428571736
32344,0.0005031428571428417
32345,0.0004878214285714222
32346,0.0005112857142856951
32347,0.0005247857142857169
32348,0.0005116071428570735
32349,0.0005093571428571206
32350,0.0005060357142857036
32351,0.0005511428571428516
32352,0.0005619642857142131
32353,0.000552642857142871
32354,0.0005581071428572163
32355,0.0005649642857142518
32356,0.0005808214285714034
32357,0.0006071785714285382
32358,0.000601178571428613
32359,0.0006236785714285986
32360,0.0006199285714286264
32361,0.0006110357142856872
32362,0.0006364285714285347
32363,0.0006370714285714435
32364,0.0006341785714285818
32365,0.0006474642857142498
32366,0.0006625714285714678
32367,0.0006635357142857551
32368,0.0006486428571428909
32369,0.00068249999999997
32370,0.0007297500000000464
32371,0.0007306071428571569
32372,0.0007205357142857289
32373,0.0007167857142857567
32374,0.0007368214285714357
32375,0.000774535714285664
32376,0.000782357142857139
32377,0.0007972500000000034
32378,0.0008009999999999756
32379,0.0008135357142857101
32380,0.0008112857142857572
32381,0.0007867500000000202
32382,0.0007953214285714288
32383,0.0007961785714285392
32384,0.0007723928571428879
32385,0.0007710000000000454
32386,0.0007955357142857825
32387,0.0007849285714286225
32388,0.0007577142857142251
32389,0.0007221428571429252
32390,0.0007286785714285823
32391,0.000735000000000038
32392,0.0006940714285714173
32393,0.0006549642857143466
32394,0.0006143571428571042
32395,0.0006112500000000409
32396,0.0006214285714286458
32397,0.0005680714285714673
32398,0.0005428928571428214
32399,0.000559928571428614
32400,0.0005378571428571835
32401,0.00047389285714284515
32402,0.0004613571428571106
32403,0.00048589285714284767
32404,0.0004721785714286243
32405,0.0004403571428571443
32406,0.00037242857142863223
32407,0.0003821785714285296
32408,0.0004582500000000473
32409,0.00045889285714280397
32410,0.0004430357142856524
32411,0.00043446428571424384
32412,0.0003816428571427975
32413,0.0003552857142856628
32414,0.0003817499999999744
32415,0.00038432142857145786
32416,0.0004051071428570704
32417,0.0004060714285713577
32418,0.00038892857142854047
32419,0.0003905357142857367
32420,0.0003973928571429245
32421,0.000385392857142922
32422,0.00039460714285708727
32423,0.00040274999999994064
32424,0.00039932142857149904
32425,0.00039835714285721175
32426,0.0003961071428571066
32427,0.0003717857142857233
32428,0.0003611785714285633
32429,0.00033032142857137057
32430,0.00036000000000007456
32431,0.0004059642857143331
32432,0.00041378571428565586
32433,0.00042964285714280746
32434,0.0004208571428571974
32435,0.0003961071428571066
32436,0.00040264285714291604
32437,0.00041796428571433554
32438,0.0004212857142857526
32439,0.00039310714285706793
32440,0.00039942857142852365
32441,0.0004250357142857248
32442,0.00041753571428578034
32443,0.0004121785714286119
32444,0.00040757142857137703
32445,0.00036878571428568464
32446,0.00039717857142857073
32447,0.00043757142857145934
32448,0.0004068214285714435
32449,0.0003957857142857283
32450,0.00040414285714278315
32451,0.0004089642857142195
32452,0.00037028571428570397
32453,0.00037425000000002994
32454,0.000390857142857115
32455,0.0003857142857143003
32456,0.00039417857142853206
32457,0.000422142857142863
32458,0.00039985714285707886
32459,0.0003846428571428362
32460,0.0004061785714285345
32461,0.0004466785714286
32462,0.0004101428571428605
32463,0.0003697499999999719
32464,0.0003632142857143147
32465,0.0004318928571429126
32466,0.0004745357142857541
32467,0.00043007142857136267
32468,0.0003972857142857476
32469,0.0004213928571429295
32470,0.00042449999999999275
32471,0.0004210714285713989
32472,0.000422142857142863
32473,0.0004218214285714847
32474,0.00042567857142863377
32475,0.00042407142857143755
32476,0.00044346428571435985
32477,0.0004765714285713532
32478,0.0004627499999999531
32479,0.0004605000000000002
32480,0.00045889285714280397
32481,0.00046489285714288136
32482,0.0004810714285714113
32483,0.0004605000000000002
32484,0.00041882142857144596
32485,0.00045407142857136764
32486,0.0004614642857142875
32487,0.00043328571428575505
32488,0.00040403571428575854
32489,0.00039835714285721175
32490,0.00038925000000007107
32491,0.0003896785714286263
32492,0.0003979285714285043
32493,0.0004128214285713686
32494,0.00041967857142855637
32495,0.00043510714285715276
32496,0.0004156071428572058
32497,0.0003764999999999828
32498,0.000380249999999955
32499,0.00038882142857136364
32500,0.00039942857142852365
32501,0.0004119642857142582
32502,0.00040424999999996
32503,0.0003723214285714554
32504,0.0004065000000000651
32505,0.0005649642857142518
32506,0.0007216071428571931
32507,0.0007568571428571147
32508,0.000817607142857213
32509,0.0009345000000000222
32510,0.0010247142857143184
32511,0.0011767500000000248
32512,0.0012522857142856583
32513,0.001142035714285683
32514,0.0008403214285714
32515,0.0004657499999999918
32516,0.00022189285714279298
32517,0.00015450000000001297
32518,0.00017153571428565328
32519,0.0001527857142856399
32520,0.00012482142857146123
32521,0.00013917857142859346
32522,0.00021300000000000604
32523,0.0002857499999999545
32524,0.00032646428571422143
32525,0.00035860714285707983
32526,0.00037789285714282526
32527,0.0004370357142857273
32528,0.00040832142857146283
32529,0.00035839285714287834
32530,0.00036267857142858263
32531,0.0004925357142856817
32532,0.0004987499999999605
32533,0.0004932857142857675
32534,0.0004759285714285966
32535,0.0004657499999999918
32536,0.00048332142857136415
32537,0.0005184642857142612
32538,0.0005230714285714961
32539,0.0005301428571428854
32540,0.0005514642857142299
32541,0.0005626071428571221
32542,0.0005383928571429156
32543,0.0005342142857142359
32544,0.0006173571428571429
32545,0.0006236785714285986
32546,0.0006101785714285768
32547,0.0006163928571428556
32548,0.0006191785714285406
32549,0.0006247500000000628
32550,0.0005766428571428759
32551,0.000498000000000027
32552,0.0005722499999999947
32553,0.0007468928571428636
32554,0.0007581428571429325
32555,0.0006774642857143322
32556,0.0006265714285714605
32557,0.0006609642857142717
32558,0.0007327499999999329
32559,0.0007040357142856684
32560,0.0007046785714285773
32561,0.000732214285714353
32562,0.0007158214285714694
32563,0.0007581428571429325
32564,0.0007993928571429316
32565,0.0007727142857142662
32566,0.0007682142857143605
32567,0.0007749642857142192
32568,0.0008070000000000529
32569,0.0008015357142857077
32570,0.0007959642857143377
32571,0.0008452500000000133
32572,0.0008554285714286181
32573,0.0008081785714285416
32574,0.0008072142857142543
32575,0.0008353928571427868
32576,0.0008215714285713866
32577,0.0007895357142857051
32578,0.0008003571428572189
32579,0.0007657500000000539
32580,0.0007372499999999908
32581,0.0007409999999999632
32582,0.0007093928571428368
32583,0.0007447499999999354
32584,0.0007567499999999378
32585,0.0006985714285714753
32586,0.0006603214285713627
32587,0.0006505714285714654
32588,0.0005929285714285828
32589,0.0005717142857142628
32590,0.0005518928571427851
32591,0.0004682142857142984
32592,0.0005345357142857665
32593,0.000558749999999973
32594,0.0005304642857142637
32595,0.0005112857142856951
32596,0.0004778571428571711
32597,0.0004958571428570987
32598,0.000513535714285648
32599,0.0005090357142857422
32600,0.000487392857142867
32601,0.00045867857142860253
32602,0.0004257857142856584
32603,0.00041325000000007605
32604,0.00039042857142855986
32605,0.0003661071428571765
32606,0.0003508928571427816
32607,0.00038957142857144945
32608,0.0004582500000000473
32609,0.0004354285714285311
32610,0.00036042857142862977
32611,0.0003649285714285355
32612,0.00039374999999997686
32613,0.0004149642857142969
32614,0.0004275000000000314
32615,0.0004076785714285539
32616,0.0004010357142857198
32617,0.0003872142857143197
32618,0.0004017857142856534
32619,0.0003860357142856787
32620,0.0003755357142856955
32621,0.00039385714285715374
32622,0.0003982500000000349
32623,0.0003580714285715
32624,0.0003259285714286416
32625,0.00030814285714291553
32626,0.0003253928571429096
32627,0.00037842857142855735
32628,0.00034746428571434
32629,0.0003166071428571472
32630,0.0003106071428570699
32631,0.00035700000000003584
32632,0.00033782142857146725
32633,0.00030846428571429385
32634,0.0003291428571428818
32635,0.000346285714285699
32636,0.000301071428571374
32637,0.0002627142857142368
32638,0.0003419999999999947
32639,0.00038346428571434744
32640,0.0003304285714285474
32641,0.00035357142857144196
32642,0.00037928571428566776
32643,0.00032314285714280444
32644,0.0003016071428571061
32645,0.00033417857142851965
32646,0.0003358928571428927
32647,0.00035796428571432314
32648,0.00039460714285708727
32649,0.00034907142857138395
32650,0.00031928571428565535
32651,0.0003228214285714261
32652,0.0003171428571428793
32653,0.0003087857142856722
32654,0.00030782142857138493
32655,0.0003609642857143618
32656,0.00038817857142860694
32657,0.00035764285714279254
32658,0.00031360714285710856
32659,0.0003198214285713874
32660,0.00033460714285707486
32661,0.0003099642857143132
32662,0.00029485714285709517
32663,0.0003003214285714405
32664,0.00032625000000002
32665,0.00036214285714285054
32666,0.00036364285714286993
32667,0.00034885714285718246
32668,0.00038496428571421456
32669,0.0003810000000000408
32670,0.00035764285714279254
32671,0.0003470357142857848
32672,0.00034553571428576547
32673,0.0003471428571428094
32674,0.00040864285714284116
32675,0.00043371428571431026
32676,0.00041078571428576947
32677,0.0004260000000000121
32678,0.0004105714285714157
32679,0.00038389285714290265
32680,0.0003910714285714688
32681,0.0004248214285713711
32682,0.0003876428571428749
32683,0.0003266785714285752
32684,0.0003330000000000309
32685,0.0003706071428570823
32686,0.0003956785714285514
32687,0.0003603214285714529
32688,0.00035282142857135615
32689,0.00037349999999994413
32690,0.0003777857142856484
32691,0.000320142857142918
32692,0.0002758928571428803
32693,0.0003075000000000066
32694,0.0003399642857142433
32695,0.00035742857142859104
32696,0.0003483214285714504
32697,0.00031253571428564443
32698,0.00030889285714284906
32699,0.00031864285714289865
32700,0.0003418928571428178
32701,0.00042225000000003984
32702,0.0005021785714285545
32703,0.0006160714285714773
32704,0.0007269642857143614
32705,0.0008870357142857444
32706,0.001098642857142908
32707,0.0011697857142856601
32708,0.0011660357142856878
32709,0.001123178571428645
32710,0.0009453214285713837
32711,0.0006041785714284994
32712,0.00028703571428577234
32713,0.0001638214285713551
32714,0.00015289285714281675
32715,0.00013328571428569295
32716,0.00013103571428574006
32717,0.0001329642857143146
32718,0.0001930714285715039
32719,0.00025017857142850227
32720,0.0003007499999999957
32721,0.00033685714285718
32722,0.00037307142857138893
32723,0.00038453571428565935
32724,0.0003610714285713864
32725,0.00038903571428571736
32726,0.00040692857142862033
32727,0.0004212857142857526
32728,0.0004749642857143093
32729,0.0004902857142857288
32730,0.0004784999999999278
32731,0.000466178571428547
32732,0.0004512857142856827
32733,0.00045010714285719395
32734,0.0004566428571428511
32735,0.000450642857142926
32736,0.00047485714285713245
32737,0.000500142857142803
32738,0.0005497500000000092
32739,0.0005647500000000503
32740,0.0005499642857142107
32741,0.00054085714285707
32742,0.0005250000000000707
32743,0.0005228571428571424
32744,0.0005442857142856639
32745,0.0005567142857142215
32746,0.0005992500000000384
32747,0.0005979642857142206
32748,0.000575464285714235
32749,0.0005879999999999695
32750,0.0005752500000000335
32751,0.0006037499999999442
32752,0.000639107142857195
32753,0.0006499285714285565
32754,0.0006462857142857611
32755,0.0006441428571428328
32756,0.0006773571428571553
32757,0.0006718928571428101
32758,0.0006567857142857443
32759,0.0007367142857142589
32760,0.0007494642857143471
32761,0.0007555714285714491
32762,0.0008016428571428845
32763,0.0007832142857142494
32764,0.0007771071428571474
32765,0.0007634999999999488
32766,0.0007666071428571643
32767,0.0007999285714285114
32768,0.0007941428571427878
32769,0.00074667857142851
32770,0.0007429285714285376
32771,0.000791785714285658
32772,0.0008138571428570884
32773,0.0007942499999999646
32774,0.0007613571428571728
32775,0.0007520357142856783
32776,0.0007417500000000489
32777,0.0007374642857143446
32778,0.0007285714285714055
32779,0.0007156071428571157
32780,0.0006766071428570696
32781,0.0006533571428571504
32782,0.000623999999999977
32783,0.0006254999999999963
32784,0.0006302142857142558
32785,0.0005483571428571667
32786,0.0005467499999999704
32787,0.0005792142857143594
32788,0.0005211428571429216
32789,0.0004659642857143455
32790,0.0004975714285714718
32791,0.000536464285714341
32792,0.0004564285714284974
32793,0.0004162499999999625
32794,0.0004471071428571552
32795,0.00046382142857141724
32796,0.00044946428571428497
32797,0.00044432142857147027
32798,0.0004364999999999952
32799,0.0004306071428570947
32800,0.0004085357142856643
32801,0.00039246428571431123
32802,0.0004122857142857888
32803,0.00045000000000001706
32804,0.00046500000000005825
32805,0.00042407142857143755
32806,0.00042996428571433806
32807,0.0004471071428571552
32808,0.0004425000000000726
32809,0.0004376785714286362
32810,0.00042353571428570546
32811,0.00039985714285707886
32812,0.0004199999999999347
32813,0.0004220357142856861
32814,0.0004258928571428352
32815,0.0004071428571428218
32816,0.00038271428571426164
32817,0.0004218214285714847
32818,0.0004668214285714559
32819,0.0004280357142857635
32820,0.000423321428571504
32821,0.00045385714285716615
32822,0.0004549285714286303
32823,0.0004404642857143212
32824,0.00042964285714280746
32825,0.000443357142857183
32826,0.0004472142857143321
32827,0.00044785714285708875
32828,0.0004229999999999734
32829,0.0004620000000000195
32830,0.0004983214285714053
32831,0.00044914285714290665
32832,0.00042192857142850924
32833,0.00043264285714284613
32834,0.00043553571428570797
32835,0.0004117500000000567
32836,0.000467357142857188
32837,0.0004936071428571458
32838,0.0004831071428571627
32839,0.0004469999999999784
32840,0.0004322142857142909
32841,0.0004631785714285083
32842,0.0004403571428571443
32843,0.0004220357142856861
32844,0.00046017857142862187
32845,0.00048814285714280053
32846,0.00047057142857142816
32847,0.0004371428571429042
32848,0.0003817499999999744
32849,0.0004162499999999625
32850,0.0004872857142856901
32851,0.0004369285714285504
32852,0.0004883571428571543
32853,0.0005305714285714406
32854,0.000487392857142867
32855,0.0004372499999999288
32856,0.00046360714285721574
32857,0.0005157857142857531
32858,0.0005202857142856589
32859,0.0004368214285713736
32860,0.0004199999999999347
32861,0.0005252142857142721
32862,0.0004951071428571652
32863,0.0004878214285714222
32864,0.0005015357142856455
32865,0.0005143928571429106
32866,0.0005276785714285788
32867,0.0005371071428570978
32868,0.00052467857142854
32869,0.0005159999999999546
32870,0.0005123571428571592
32871,0.00045910714285715774
32872,0.00042964285714280746
32873,0.0004655357142857903
32874,0.0004925357142856817
32875,0.0004926428571428586
32876,0.0005460000000000369
32877,0.0005742857142857462
32878,0.0005657142857143376
32879,0.0004792500000000136
32880,0.00038303571428563996
32881,0.00036739285714284213
32882,0.00039492857142861787
32883,0.0004092857142857501
32884,0.0003664285714285549
32885,0.00031339285714290706
32886,0.00033289285714285403
32887,0.0004890000000000632
32888,0.000491357142857193
32889,0.0004403571428571443
32890,0.00041421428571421107
32891,0.0004615714285714643
32892,0.0005742857142857462
32893,0.000644571428571388
32894,0.0007158214285714694
32895,0.0008053928571428567
32896,0.0009297857142857627
32897,0.0010246071428571416
32898,0.001062749999999925
32899,0.0011149285714286148
32900,0.001047857142857213
32901,0.0008383928571428254
32902,0.0005346428571427911
32903,0.000309535714285758
32904,0.0001633928571427999
32905,0.0001087499999999559
32906,0.00010146428571421293
32907,2.903571428564281e-05
32908,-3.825000000003647e-05
32909,0.00010928571428568798
32910,0.00019242857142859497
32911,0.0001804285714285925
32912,0.00035924999999998876
32913,0.00048750000000004383
32914,0.00043403571428568864
32915,0.00042857142857149555
32916,0.0004553571428571855
32917,0.00048203571428569853
32918,0.00042835714285714184
32919,0.0003758571428570739
32920,0.000521357142857123
32921,0.0005283214285714877
32922,0.0004910357142856623
32923,0.00043446428571424384
32924,0.00039889285714279156
32925,0.00043757142857145934
32926,0.00044828571428564396
32927,0.0004723928571428258
32928,0.0004736785714286437
32929,0.00047485714285713245
32930,0.000494035714285701
32931,0.00039803571428568115
32932,0.000494035714285701
32933,0.0004919999999999496
32934,0.0004263214285713904
32935,0.0004717500000000691
32936,0.0005066785714286124
32937,0.0005078571428571012
32938,0.0005639999999999645
32939,0.0005855357142856629
32940,0.0005542500000000672
32941,0.0005296071428571533
32942,0.0005322857142856614
32943,0.000515250000000021
32944,0.0005497500000000092
32945,0.0006532499999999735
32946,0.000680357142857194
32947,0.0006541071428570839
32948,0.0006615000000000038
32949,0.0006592500000000509
32950,0.0006223928571429331
32951,0.0006248571428570874
32952,0.000637392857142822
32953,0.000668035714285661
32954,0.0006545357142856391
32955,0.0006368571428570899
32956,0.0006187499999999854
32957,0.0007202142857143506
32958,0.0007912499999999259
32959,0.0007465714285714853
32960,0.0007148571428571821
32961,0.0007609285714286175
32962,0.00070371428571429
32963,0.0006414642857143247
32964,0.0006856071428571856
32965,0.0007074642857142622
32966,0.0007406785714285848
32967,0.0007475357142857726
32968,0.0006906428571428234
32969,0.0005428928571428214
32970,0.0004512857142856827
32971,0.00048321428571433954
32972,0.0004414285714286085
32973,0.0005165357142856866
32974,0.000600642857142881
32975,0.0005978571428571959
32976,0.0005534999999999814
32977,0.0004580357142856936
32978,0.000446142857142868
32979,0.0004312500000000037
32980,0.0004220357142856861
32981,0.0003940714285713552
32982,0.00036771428571422045
32983,0.0003291428571428818
32984,0.0003151071428571279
32985,0.00025392857142862675
32986,0.0001956428571428351
32987,0.00027010714285715667
32988,0.00037210714285710163
32989,0.0003508928571427816
32990,0.00028928571428572526
32991,0.00028714285714279695
32992,0.0002521071428570768
32993,0.00021374999999993957
32994,0.0002286428571428039
32995,0.00021557142857148954
32996,0.00020442857142859743
32997,0.00015225000000006008
32998,0.00022382142857136752
32999,0.00026410714285707927
33000,0.00024299999999993614
33001,0.00022489285714283167
33002,0.00021546428571431265
33003,0.0002518928571428753
33004,0.00025274999999998573
33005,0.00025264285714280885
33006,0.00025007142857147766
33007,0.0002554285714286461
33008,0.000223071428571434
33009,0.00014925000000002138
33010,0.00016210714285713428
33011,0.00023549999999999168
33012,0.00026507142857136657
33013,0.00021171428571434042
33014,0.00016789285714285794
33015,0.0002465357142857069
33016,0.0002579999999999773
33017,0.00023346428571424026
33018,0.00020957142857141217
33019,0.00019146428571430768
33020,0.00021771428571426554
33021,0.00021589285714286786
33022,0.00018267857142854535
33023,0.00025360714285709615
33024,0.0002796428571428525
33025,0.0002165357142857768
33026,0.00018739285714280488
33027,0.00023603571428572375
33028,0.00022650000000002787
33029,0.00018117857142852602
33030,0.00018182142857143497
33031,0.0002331428571428619
33032,0.00025896428571426457
33033,0.000251571428571497
33034,0.0002502857142856791
33035,0.00025360714285709615
33036,0.0002106428571428763
33037,0.00013875000000003826
33038,0.00016307142857142155
33039,0.000226392857142851
33040,0.00024203571428564884
33041,0.00021878571428572967
33042,0.00016403571428570882
33043,0.00018492857142849824
33044,0.00027010714285715667
33045,0.000261000000000016
33046,0.0002544642857143588
33047,0.00020753571428566074
33048,0.00013757142857139724
33049,0.00021042857142852255
33050,0.0002813571428570733
33051,0.0002353928571428148
33052,0.00020957142857141217
33053,0.00022157142857141463
33054,0.0002284285714286024
33055,0.00023346428571424026
33056,0.0002285357142857793
33057,0.00021514285714278205
33058,0.0002388214285714087
33059,0.0002800714285714077
33060,0.00026496428571434196
33061,0.00019671428571429927
33062,0.0001854642857142303
33063,0.0002518928571428753
33064,0.0002600357142857287
33065,0.0002083928571429234
33066,0.00019082142857139876
33067,0.000195750000000012
33068,0.00018021428571423875
33069,0.0002060357142856414
33070,0.0002331428571428619
33071,0.00022135714285721316
33072,0.00021589285714286786
33073,0.00022789285714287035
33074,0.0002126785714286277
33075,0.00016403571428570882
33076,0.00015342857142854882
33077,0.00017142857142862867
33078,0.00020217857142864457
33079,0.00023678571428565728
33080,0.0002311071428571105
33081,0.00024749999999999414
33082,0.0002584285714285325
33083,0.0003048214285714985
33084,0.00046424999999997244
33085,0.0006247500000000628
33086,0.0007301785714286016
33087,0.0008680714285713773
33088,0.0009899999999999766
33089,0.0010240714285714096
33090,0.0009182142857143155
33091,0.0006610714285714486
33092,0.00034457142857147817
33093,7.521428571425507e-05
33094,-2.742857142859886e-05
33095,1.5964285714328446e-05
33096,2.400000000000497e-05
33097,-2.1428571428521486e-06
33098,2.8178571428532402e-05
33099,9.857142857074207e-06
33100,3.974999999997968e-05
33101,0.00012514285714283955
33102,0.00020432142857142058
33103,0.00022628571428567415
33104,0.00024021428571425118
33105,0.00032989285714281536
33106,0.0004072499999999987
33107,0.00031328571428573023
33108,0.00026667857142856274
33109,0.0003409285714285306
33110,0.00029807142857148756
33111,0.00033867857142857766
33112,0.0004118571428570813
33113,0.0003558214285713949
33114,0.000361392857142917
33115,0.0003607500000000081
33116,0.0003463928571428759
33117,0.0003454285714285886
33118,0.00040692857142862033
33119,0.00039846428571423635
33120,0.0003959999999999297
33121,0.00039246428571431123
33122,0.00035539285714283967
33123,0.0004606071428571771
33124,0.0004519285714285916
33125,0.000390857142857115
33126,0.00041335714285710065
33127,0.0005027142857142865
33128,0.0004883571428571543
33129,0.0005539285714285366
33130,0.000606749999999983
33131,0.0005329285714285703
33132,0.00042246428571424133
33133,0.0004617857142856658
33134,0.0005700000000000419
33135,0.0006381428571429077
33136,0.0006610714285714486
33137,0.0006238928571428001
33138,0.0006052499999999636
33139,0.0006993214285714089
33140,0.0007294285714285158
33141,0.0006325714285713856
33142,0.000645750000000029
33143,0.0007039285714286438
33144,0.0007540714285714298
33145,0.0007780714285714347
33146,0.0007345714285714828
33147,0.0007685357142857388
33148,0.0007641428571428577
33149,0.0006615000000000038
33150,0.000748392857142883
33151,0.000813642857142887
33152,0.0007854642857143546
33153,0.0007330714285714634
33154,0.0007407857142857616
33155,0.0008358214285714942
33156,0.0008827500000000401
33157,0.0008249999999999805
33158,0.0007119642857143203
33159,0.0006649285714285977
33160,0.0007223571428571266
33161,0.0007401428571428527
33162,0.0006807857142857492
33163,0.0007313571428570904
33164,0.0007624285714286368
33165,0.0006366428571428883
33166,0.0006171428571427891
33167,0.0005932499999999611
33168,0.000603321428571389
33169,0.0005639999999999645
33170,0.0005106428571427862
33171,0.0004831071428571627
33172,0.0004942500000000548
33173,0.0004922142857143034
33174,0.0004900714285713751
33175,0.0004510714285714812
33176,0.00046917857142858566
33177,0.0004140000000000096
33178,0.000452785714285702
33179,0.00043510714285715276
33180,0.00038228571428570643
33181,0.0003979285714285043
33182,0.00040939285714292696
33183,0.0004106785714285926
33184,0.0003921428571429329
33185,0.00038892857142854047
33186,0.00037371428571429785
33187,0.0003096428571427826
33188,0.00026196428571430324
33189,0.00017946428571430522
33190,0.00013907142857141658
33191,0.00018321428571427744
33192,0.00028767857142852904
33193,0.0002764285714286124
33194,0.000261000000000016
33195,0.0002286428571428039
33196,0.00025778571428577583
33197,0.0002620714285714801
33198,0.00011828571428565178
33199,7.221428571421639e-05
33200,6.99642857142635e-05
33201,6.09642857142997e-05
33202,6.428571428632576e-06
33203,8.099999999997871e-05
33204,7.607142857136547e-05
33205,3.589285714283059e-05
33206,-9.471428571427814e-05
33207,-0.00016285714285714395
33208,-0.00018942857142855628
33209,-0.00013510714285716675
33210,-3.921428571432374e-05
33211,-3.75000000000268e-05
33212,-7.028571428571797e-05
33213,-0.0001225714285714322
33214,-0.00015696428571431958
33215,-0.00016992857142860934
33216,-8.91428571428321e-05
33217,-0.00016082142857139255
33218,-0.00028274999999999194
33219,-0.0002433214285713906
33220,-0.00021450000000002538
33221,-0.00022178571428569223
33222,-0.0002710714285714439
33223,-0.0002569285714285893
33224,-0.0002751428571428706
33225,-0.00047099999999998337
33226,-0.0004173214285714266
33227,-0.00037467857142858515
33228,-0.0004163571428571394
33229,-0.00037885714285711255
33230,-0.0003913928571428471
33231,-0.0005128928571428913
33232,-0.0005828571428571548
33233,-0.0005852142857142845
33234,-0.0004250357142857248
33235,-0.00036246428571430503
33236,-0.00045932142857143534
33237,-0.000487392857142867
33238,-0.000509678571428575
33239,-0.00038871428571426287
33240,-0.0003558214285713949
33241,-0.000515785714285677
33242,-0.0005455714285714056
33243,-0.0005150357142857435
33244,-0.0005731071428571052
33245,-0.0005517857142856845
33246,-0.0004659642857142694
33247,-0.0004269642857142994
33248,-0.00041475000000001927
33249,-0.0004359642857142632
33250,-0.00046382142857141724
33251,-0.0004284642857143187
33252,-0.00037767857142854765
33253,-0.0004300714285714388
33254,-0.0005000357142857023
33255,-0.000522000000000032
33256,-0.0005005714285714343
33257,-0.00038378571428572577
33258,-0.0003866785714285876
33259,-0.00046382142857141724
33260,-0.0005261785714285594
33261,-0.00044485714285712625
33262,-0.00043853571428574664
33263,-0.0004796785714285688
33264,-0.0005216785714285776
33265,-0.0005476071428571571
33266,-0.0004682142857142984
33267,-0.0004466785714286
33268,-0.0004975714285713956
33269,-0.0005740714285713925
33270,-0.000593357142857138
33271,-0.0004826785714286075
33272,-0.0004629642857143068
33273,-0.00044464285714284864
33274,-0.0003711428571428905
33275,-0.0003303214285714467
33276,-0.0004078928571428315
33277,-0.0004605000000000002
33278,-0.0005285357142856892
33279,-0.0005720357142857172
33280,-0.00043082142857144847
33281,-0.00030364285714285747
33282,-0.00019446428571427024
33283,-1.4571428571409838e-05
33284,0.00010982142857142004
33285,0.00018696428571424967
33286,0.0002081785714285697
33287,0.0002903571428571894
33288,0.0002801785714285846
33289,9.514285714290947e-05
33290,-0.000294964285714272
33291,-0.0005563928571428432
33292,-0.000689249999999981
33293,-0.0008188928571428786
33294,-0.0008606785714285335
33295,-0.0009097500000000076
33296,-0.0009108214285713956
33297,-0.0008076428571428858
33298,-0.0007541785714286066
33299,-0.0007001785714285954
33300,-0.000721071428571461
33301,-0.0007518214285714008
33302,-0.0007982142857142905
33303,-0.0007256785714285436
33304,-0.0005362499999999874
33305,-0.0004756071428571421
33306,-0.0005885357142857016
33307,-0.0006467142857143163
33308,-0.0006754285714285808
33309,-0.0006386785714285637
33310,-0.0005221071428571327
33311,-0.0005333571428571255
33312,-0.0005480357142857122
33313,-0.0005865000000000263
33314,-0.0005826428571428772
33315,-0.0005780357142857184
33316,-0.0006069642857142605
33317,-0.0005544642857142687
33318,-0.0005837142857142652
33319,-0.0005930357142856834
33320,-0.0005288571428571436
33321,-0.0004246071428571696
33322,-0.0005501785714285644
33323,-0.0006905357142857227
33324,-0.0006065357142857053
33325,-0.000577714285714264
33326,-0.000594964285714258
33327,-0.0005066785714285363
33328,-0.0004401428571428667
33329,-0.0004857857142857469
33330,-0.0004867500000000342
33331,-0.0004416428571428861
33332,-0.0003965357142857379
33333,-0.0004011428571428206
33334,-0.00039835714285713563
33335,-0.0004333928571428558
33336,-0.0004510714285714051
33337,-0.00035432142857145165
33338,-0.0003416785714285402
33339,-0.0003171428571428793
33340,-0.0002965714285713921
33341,-0.00037457142857140826
33342,-0.0003707142857142592
33343,-0.0003717857142857233
33344,-0.0003002142857142636
33345,-0.00021321428571428365
33346,-0.00022435714285717572
33347,-0.00023560714285716854
33348,-0.00022789285714287035
33349,-0.00023946428571431763
33350,-0.0003044999999999679
33351,-0.0002968928571428466
33352,-0.00020175000000001323
33353,-0.0002708571428571663
33354,-0.00031810714285716656
33355,-0.0003040714285714127
33356,-0.00028457142857146576
33357,-0.00027932142857139806
33358,-0.00033085714285717877
33359,-0.00035271428571425543
33360,-0.0003456428571428662
33361,-0.0003012857142857277
33362,-0.0003862500000000324
33363,-0.00046939285714286326
33364,-0.0004416428571428861
33365,-0.0003512142857143122
33366,-0.0003723214285714554
33367,-0.0004424999999999965
33368,-0.0004528928571428789
33369,-0.0004892142857142647
33370,-0.0004474285714285336
33371,-0.000519750000000003
33372,-0.0006117857142856969
33373,-0.0005934642857143148
33374,-0.0005785714285714505
33375,-0.0005639999999999645
33376,-0.0005112857142856951
33377,-0.00047035714285715056
33378,-0.000564321428571419
33379,-0.0005198571428571798
33380,-0.0005229642857143193
33381,-0.0005451428571428504
33382,-0.0006217500000000241
33383,-0.0005856428571428397
33384,-0.0005094642857142974
33385,-0.0004565357142857504
33386,-0.0004716428571428923
33387,-0.0005812500000000348
33388,-0.0005642142857143183
33389,-0.0005598214285714371
33390,-0.0005105357142856854
33391,-0.0004526785714286013
33392,-0.0004932857142856913
33393,-0.0005094642857142974
33394,-0.0005378571428571074
33395,-0.0004988571428571374
33396,-0.0005195357142857253
33397,-0.0004762499999999749
33398,-0.000485142857142838
33399,-0.0004855714285713932
33400,-0.0004818214285714209
33401,-0.0005187857142857157
33402,-0.0005092500000000198
33403,-0.0004103571428571381
33404,-0.00040039285714288706
33405,-0.0005548928571428239
33406,-0.0005421428571428878
33407,-0.0006134999999999938
33408,-0.0004813928571428658
33409,-0.00030439285714286716
33410,-0.00027439285714286096
33411,-0.00034682142857143103
33412,-0.0004312500000000037
33413,-0.0004359642857142632
33414,-0.00041892857142854673
33415,-0.0003761785714286045
33416,-0.00035935714285716564
33417,-0.00038249999999998404
33418,-0.0003921428571428568
33419,-0.0004027500000000168
33420,-0.0003809999999999647
33421,-0.00036428571428570274
33422,-0.00038882142857143975
33423,-0.0003665357142857317
33424,-0.0003124285714285437
33425,-0.00029989285714288527
33426,-0.00035174999999996814
33427,-0.0003616071428571185
33428,-0.0003354642857142614
33429,-0.00028339285714282475
33430,-0.0002803928571428622
33431,-0.0002908928571428453
33432,-0.00027407142857140647
33433,-0.0002855357142856769
33434,-0.0002654999999999979
33435,-0.000188464285714269
33436,-0.00017325000000002636
33437,-0.00021953571428573937
33438,-0.0002428928571428354
33439,-0.0002771785714285459
33440,-0.00020753571428573688
33441,-0.00023175000000001943
33442,-0.00022928571428571282
33443,-0.00020646428571427272
33444,-0.00019917857142860587
33445,-0.00014421428571430742
33446,-0.0001656428571428289
33447,-0.00021996428571429457
33448,-0.00021792857142854315
33449,-0.0001886785714285466
33450,-0.00014485714285714023
33451,-0.00013382142857142502
33452,-0.00013992857142860313
33453,-0.00010521428571426128
33454,-0.00012760714285714618
33455,-7.639285714281995e-05
33456,-0.00012246428571425534
33457,-0.00022650000000002787
33458,-0.00020035714285717075
33459,-0.00019874999999997455
33460,-0.0001397142857142494
33461,-6.717857142857854e-05
33462,-4.5642857142880186e-05
33463,-0.00011614285714287576
33464,-0.00014357142857139847
33465,-0.00017228571428573908
33466,-0.00021996428571429457
33467,-0.00021010714285714423
33468,-0.00018278571428572224
33469,-0.00019810714285714174
33470,-0.00012771428571432304
33471,-0.00013553571428572196
33472,-0.0001336071428571474
33473,-9.653571428575195e-05
33474,-9.52500000000102e-05
33475,-0.00018985714285711148
33476,-0.0003927857142856896
33477,-0.0002560714285714027
33478,-0.00014946428571429899
33479,-0.00015182142857142873
33480,-0.00015610714285713305
33481,-0.0001270714285714141
33482,7.221428571421639e-05
33483,0.00021996428571421843
33484,0.0003646071428571572
33485,0.0005223214285714103
33486,0.0006962142857143456
33487,0.0007937142857142326
33488,0.0007632857142857472
33489,0.0006686785714285699
33490,0.0005016428571428224
33491,0.0001474285714286237
33492,-0.00019135714285713082
33493,-0.00023549999999999168
33494,-0.0003056785714286089
33495,-0.00037735714285716933
33496,-0.0003473571428571631
33497,-0.00027707142857144514
33498,-0.00019221428571431737
33499,-0.00018610714285713926
33500,-0.0001433571428571209
33501,-5.7321428571428206e-05
33502,-9.257142857142599e-05
33503,-0.00012867857142853417
33504,-0.0001029642857143084
33505,-8.796428571426723e-05
33506,-8.239285714282119e-05
33507,-4.4785714285693654e-05
33508,-8.239285714282119e-05
33509,-6.642857142834048e-06
33510,9.610714285719674e-05
33511,7.735714285718334e-05
33512,2.0142857142855876e-05
33513,-1.8000000000003727e-05
33514,1.6928571428615717e-05
33515,8.271428571435179e-05
33516,0.00010650000000000302
33517,0.00012128571428569047
33518,8.196428571426598e-05
33519,2.6249999999957856e-05
33520,2.0464285714234216e-05
33521,7.51071428570782e-05
33522,0.00013778571428575099
33523,0.00010189285714292038
33524,6.65357142856696e-05
33525,0.00011442857142850268
33526,0.00010607142857144782
33527,0.0001090714285714865
33528,0.0001216071428570688
33529,9.696428571430716e-05
33530,0.00012975000000007444
33531,0.00020239285714284604
33532,0.00024171428571427052
33533,0.0002025000000000229
33534,0.00023217857142857464
33535,0.0002873571428571507
33536,0.0002720357142857312
33537,0.00027321428571421995
33538,0.00031360714285710856
33539,0.0002656071428570986
33540,0.00019457142857137098
33541,0.00024857142857145827
33542,0.0002860714285714851
33543,0.00028800000000005964
33544,0.0003394285714285112
33545,0.00044357142857138446
33546,0.00045942857142853606
33547,0.0004168928571428714
33548,0.0003748928571427866
33549,0.00027310714285719534
33550,0.00027353571428575054
33551,0.00038775000000005174
33552,0.00048364285714289475
33553,0.0003952499999999962
33554,0.0003467142857142542
33555,0.00033289285714285403
33556,0.00041046428571423887
33557,0.00048032142857147776
33558,0.0003964285714286372
33559,0.0003381428571428456
33560,0.0003424285714285499
33561,0.0002708571428570902
33562,0.00024278571428573465
33563,0.000226392857142851
33564,0.00014710714285709312
33565,9.953571428563837e-05
33566,9.267857142860285e-05
33567,0.00014271428571421195
33568,0.0001372500000000189
33569,4.3714285714305644e-05
33570,4.296428571421984e-05
33571,4.7142857142899535e-05
33572,-4.103571428572143e-05
33573,-0.00010189285714284426
33574,4.1785714285274315e-06
33575,7.457142857149839e-05
33576,5.8607142857169944e-05
33577,2.957142857137488e-05
33578,3.6749999999941e-05
33579,4.532142857150185e-05
33580,7.360714285721112e-05
33581,7.082142857137391e-05
33582,-1.4357142857132236e-05
33583,-3.32142857143225e-05
33584,2.6464285714311588e-05
33585,8.571428571423821e-05
33586,9.621428571422135e-05
33587,6.953571428570829e-05
33588,1.8857142857190266e-05
33589,-4.8642857142842746e-05
33590,-4.4999999999819e-06
33591,5.0142857142785956e-05
33592,5.035714285713969e-05
33593,-6.32142857145571e-06
33594,-9.74999999997347e-06
33595,3.203571428568149e-05
33596,-3.278571428569117e-05
33597,-8.282142857145252e-05
33598,-6.85714285711165e-06
33599,5.357142857168437e-06
33600,4.1249999999999024e-05
33601,7.778571428573855e-05
33602,4.296428571421984e-05
33603,-4.178571428603561e-06
33604,-2.9571428571451008e-05
33605,2.0357142857209608e-05
33606,2.7107142857068263e-05
33607,5.571428571369909e-06
33608,-1.6178571428606046e-05
33609,4.789285714283307e-05
33610,6.749999999995688e-05
33611,5.614285714286333e-05
33612,9.203571428569392e-05
33613,3.385714285707918e-05
33614,1.9178571428568602e-05
33615,7.992857142851457e-05
33616,9.075000000002831e-05
33617,6.374999999998465e-05
33618,5.5499999999954396e-05
33619,8.110714285715557e-05
33620,7.842857142864748e-05
33621,7.274999999994845e-05
33622,5.217857142853737e-05
33623,4.296428571421984e-05
33624,1.1035714285715211e-05
33625,9.171428571431558e-05
33626,0.00015889285714289412
33627,6.964285714288516e-05
33628,-1.1035714285715211e-05
33629,5.999999999925113e-06
33630,4.8107142857186806e-05
33631,9.321428571433493e-05
33632,7.832142857147061e-05
33633,4.7249999999924136e-05
33634,0.00010735714285711344
33635,0.00014260714285718734
33636,0.00011142857142861625
33637,8.539285714285987e-05
33638,6.30000000000511e-05
33639,4.2321428571463166e-05
33640,1.8535714285659667e-05
33641,9.717857142850862e-05
33642,0.00012332142857144187
33643,9.021428571429624e-05
33644,6.5250000000004e-05
33645,-3.482142857144258e-05
33646,6.246428571431904e-05
33647,0.00018096428571432455
33648,0.00010446428571425161
33649,2.217857142860729e-05
33650,3.471428571434184e-05
33651,8.882142857145377e-05
33652,7.949999999995936e-05
33653,9.80357142857713e-05
33654,0.00018224999999999017
33655,0.00015610714285720916
33656,0.00015632142857141066
33657,0.00015578571428567856
33658,0.00010264285714285392
33659,0.00010896428571430964
33660,0.00018235714285716703
33661,0.00015267857142861529
33662,4.382142857148251e-05
33663,0.00014410714285720668
33664,0.0001808571428571477
33665,0.00013542857142862124
33666,0.00019178571428568603
33667,0.00023003571428564638
33668,0.0001973571428572082
33669,0.0001607142857142918
33670,0.00010521428571433742
33671,5.5285714285752924e-05
33672,9.557142857146468e-05
33673,0.00011046428571432898
33674,0.0001555714285714771
33675,0.00015471428571421444
33676,-2.721428571432126e-05
33677,-3.5464285714275384e-05
33678,0.0001307142857143617
33679,0.000167249999999949
33680,0.00012214285714280088
33681,0.00010553571428571575
33682,0.0001406785714286128
33683,9.289285714280433e-05
33684,-2.217857142860729e-05
33685,-1.2964285714289758e-05
33686,0.00012899999999998866
33687,0.00031842857142854494
33688,0.0004229999999999734
33689,0.00043607142857144
33690,0.0005384999999999402
33691,0.0006827142857143238
33692,0.0007457142857142226
33693,0.0007358571428571484
33694,0.0007345714285714828
33695,0.0005647500000000503
33696,0.00035271428571433155
33697,0.00016232142857148802
33698,-1.821428571428133e-05
33699,-5.8607142857169944e-05
33700,-0.00013842857142858377
33701,-0.0003113571428571557
33702,-0.000311678571428534
33703,-8.003571428569144e-05
33704,4.746428571427787e-05
33705,6.396428571433839e-05
33706,9.514285714290947e-05
33707,3.0428571428637546e-05
33708,-9.642857142872734e-07
33709,4.4142857142860844e-05
33710,0.00013403571428577876
33711,0.0001727142857142943
33712,0.0001956428571428351
33713,0.00013082142857138632
33714,0.00017892857142857313
33715,0.00018385714285718637
33716,8.089285714280184e-05
33717,0.00015707142857149643
33718,0.0002672142857142948
33719,0.00025328571428571777
33720,0.00014892857142864306
33721,7.200000000001491e-05
33722,-2.271428571426323e-05
33723,-2.614285714285712e-05
33724,0.00022907142857135908
33725,0.0002803928571427861
33726,0.0002451428571428644
33727,0.0002703214285713581
33728,0.00025017857142850227
33729,0.00024225000000000258
33730,0.0002203928571429259
33731,0.00017078571428571975
33732,0.00012353571428564336
33733,0.00024171428571427052
33734,0.0002660357142856538
33735,0.00020485714285715264
33736,0.00017239285714291594
33737,0.00016778571428568105
33738,0.00022607142857147266
33739,0.00030246428571421646
33740,0.00031446428571421897
33741,0.00021846428571435135
33742,0.00018021428571423875
33743,0.00022757142857149202
33744,0.0001595357142856508
33745,0.00012632142857148056
33746,0.00033374999999996445
33747,0.00032174999999996193
33748,0.0002953928571428272
33749,0.00031328571428573023
33750,0.00028853571428563945
33751,0.00016950000000005413
33752,9.835714285714963e-05
33753,0.00016360714285715362
33754,0.0003659999999999997
33755,0.00037960714285719836
33756,0.00033192857142856673
33757,0.00032421428571426857
33758,0.0002818928571428054
33759,0.0002545714285713834
33760,0.00032335714285715815
33761,0.0003544285714285524
33762,0.00028253571428571433
33763,0.0002711785714286208
33764,0.00018664285714287132
33765,0.00012953571428572073
33766,6.09642857142997e-05
33767,3.964285714325959e-06
33768,4.542857142852646e-05
33769,-4.157142857145349e-05
33770,-4.607142857143539e-05
33771,3.0107142857106947e-05
33772,6.99642857142635e-05
33773,6.867857142859789e-05
33774,-1.3500000000021828e-05
33775,-4.896428571429721e-05
33776,-9.52500000000102e-05
33777,-8.742857142853515e-05
33778,-6.13928571428549e-05
33779,-9.685714285713028e-05
33780,-5.132142857142696e-05
33781,-2.1214285714320015e-05
33782,-3.7607142857127536e-05
33783,-0.00013017857142855354
33784,-0.00017635714285716577
33785,-0.00020367857142858777
33786,-0.00022264285714287878
33787,-0.00023078571428573216
33788,-0.00023164285714284257
33789,-0.00019103571428567636
33790,-0.0001227857142857098
33791,-5.3892857142834315e-05
33792,-0.00011978571428574724
33793,-0.00014871428571428932
33794,-0.00015396428571428088
33795,-0.00015096428571431835
33796,-0.00013853571428568452
33797,-0.00014303571428574255
33798,-0.0001260000000000261
33799,-0.0001300714285714528
33800,-0.00014400000000002982
33801,-0.00013628571428573162
33802,-0.00012739285714286858
33803,-0.00013264285714286014
33804,-0.00013232142857140568
33805,-0.00013307142857141535
33806,-0.00011903571428573757
33807,-8.121428571425632e-05
33808,-7.767857142856168e-05
33809,-5.1535714285704566e-05
33810,-6.707142857140168e-05
33811,-6.696428571430094e-05
33812,1.2857142857112893e-05
33813,-1.8000000000003727e-05
33814,-6.621428571429127e-05
33815,-2.3678571428550504e-05
33816,-6.374999999998465e-05
33817,-0.00013585714285717642
33818,-0.00017346428571430396
33819,-9.353571428571326e-05
33820,1.082142857136148e-05
33821,0.00013617857142855477
33822,0.0001586785714285404
33823,6.192857142858698e-05
33824,-1.4035714285677769e-05
33825,-2.742857142859886e-05
33826,3.053571428566215e-05
33827,4.499999999997125e-05
33828,-2.421428571428257e-05
33829,-1.7142857142969449e-06
33830,-2.978571428572861e-05
33831,-1.42500000000315e-05
33832,-1.0178571428604804e-05
33833,-1.1678571428548018e-05
33834,4.33928571429273e-05
33835,0.0001062857142856493
33836,0.00010564285714289261
33837,0.00011667857142860782
33838,0.0001117499999999946
33839,7.307142857147905e-05
33840,7.392857142858945e-05
33841,0.00013500000000006603
33842,0.00011378571428574601
33843,3.739285714284993e-05
33844,8.624999999997028e-05
33845,5.9249999999926623e-05
33846,8.689285714287921e-05
33847,0.00019039285714284355
33848,9.900000000005857e-05
33849,9.396428571426847e-05
33850,0.00023432142857150292
33851,0.00022789285714287035
33852,0.00019896428571425216
33853,0.00026764285714285003
33854,0.0003760714285714276
33855,0.000355714285714218
33856,0.00020346428571431016
33857,0.0001751785714286009
33858,0.00011753571428571824
33859,0.00012074999999995839
33860,0.00012171428571424566
33861,7.553571428578567e-05
33862,9.557142857146468e-05
33863,0.0001747500000000457
33864,0.00013500000000006603
33865,0.00012557142857139476
33866,0.00024878571428565976
33867,0.00020057142857144835
33868,0.00018353571428565577
33869,0.00019328571428570536
33870,0.00018353571428565577
33871,0.00024921428571421497
33872,0.0002906785714285677
33873,0.0001909285714285756
33874,8.667857142852548e-05
33875,0.00015964285714282768
33876,0.00025703571428569
33877,0.00033535714285716067
33878,0.0003448928571428565
33879,0.00032389285714289024
33880,0.00046467857142852765
33881,0.0007141071428570963
33882,0.0008536071428570681
33883,0.0008678571428571757
33884,0.0009476785714285134
33885,0.0009255000000000584
33886,0.0006367500000000652
33887,0.00026121428571421743
33888,4.607142857143539e-05
33889,5.903571428572515e-05
33890,1.8428571428635062e-05
33891,-5.849999999999308e-05
33892,-6.042857142856763e-05
33893,-5.110714285714936e-05
33894,5.892857142900507e-06
33895,8.035714285706978e-05
33896,9.535714285711095e-05
33897,0.0001637142857143305
33898,0.00019007142857146523
33899,0.0001857857142857609
33900,0.00018964285714291002
33901,0.0002123571428570971
33902,0.0002311071428571105
33903,0.0003096428571427826
33904,0.00026035714285710707
33905,0.0001868571428570728
33906,0.00026539285714289717
33907,0.0002869285714285955
33908,0.0002847857142856672
33909,0.00024889285714283665
33910,0.00020925000000003382
33911,0.00018900000000000107
33912,0.00019928571428578273
33913,0.00026357142857149946
33914,0.0003162857142857689
33915,0.00038528571428574516
33916,0.00042407142857143755
33917,0.000360214285714276
33918,0.0003208928571428515
33919,0.00031746428571425764
33920,0.0003497142857142929
33921,0.00031842857142854494
33922,0.0002808214285714935
33923,0.0002914285714285013
33924,0.0003723214285714554
33925,0.0003918214285714023
33926,0.00027257142857146325
33927,0.0003124285714286198
33928,0.0004277142857142329
33929,0.0004007142857143415
33930,0.00036953571428577044
33931,0.0003860357142856787
33932,0.0004353214285713542
33933,0.0004430357142856524
33934,0.0004916785714285713
33935,0.0005267142857142915
33936,0.0004822500000000523
33937,0.00041925000000000116
33938,0.00038389285714290265
33939,0.0004467857142857769
33940,0.00040757142857137703
33941,0.0004886785714285326
33942,0.0005912142857142096
33943,0.00045257142857150053
33944,0.00038860714285716215
33945,0.0005199642857142805
33946,0.0005355000000000538
33947,0.00048814285714280053
33948,0.00045364285714281243
33949,0.0004580357142856936
33950,0.00046532142857143657
33951,0.000455571428571387
33952,0.0004745357142857541
33953,0.0004404642857143212
33954,0.00035860714285707983
33955,0.00032721428571430724
33956,0.000305571428571432
33957,0.0003122142857142661
33958,0.00028253571428571433
33959,0.00020667857142855033
33960,0.00022500000000000853
33961,0.00023035714285717698
33962,0.00017924999999995148
33963,0.00016671428571421692
33964,-2.432142857145944e-05
33965,-9.128571428568425e-05
33966,0.00014389285714285296
33967,0.00019510714285710305
33968,0.0001325357142857594
33969,3.139285714292482e-05
33970,6.964285714212387e-06
33971,3.900000000004614e-05
33972,3.096428571421736e-05
33973,9.128571428576037e-05
33974,8.882142857145377e-05
33975,1.1250000000068942e-05
33976,-1.2107142857179351e-05
33977,1.7035714285640325e-05
33978,-1.4999999999965042e-05
33979,2.742857142859886e-05
33980,7.296428571430218e-05
33981,9.171428571431558e-05
33982,4.821428571436367e-06
33983,-3.621428571428506e-05
33984,-1.5428571428596375e-05
33985,-4.896428571429721e-05
33986,4.607142857143539e-05
33987,2.7000000000043655e-05
33988,5.142857142814705e-06
33989,5.796428571426101e-05
33990,3.439285714281125e-05
33991,-3.7607142857127536e-05
33992,-4.596428571425853e-05
33993,5.2071428571360505e-05
33994,1.1785714285648754e-05
33995,-9.235714285714839e-05
33996,1.2214285714356217e-05
33997,0.00017035714285716454
33998,0.00020260714285719978
33999,0.00012878571428578717
34000,0.00012224999999997774
34001,0.00011142857142861625
34002,5.2928571428623175e-05
34003,8.48571428571278e-05
34004,0.00010853571428575444
34005,0.00016146428571422536
34006,0.0001973571428572082
34007,0.00013350000000004667
34008,3.8892857142869275e-05
34009,8.05714285714235e-05
34010,0.00010575000000006948
34011,6.878571428577475e-05
34012,0.00014689285714289163
34013,0.00021717857142853348
34014,0.00015149999999997427
34015,7.564285714281027e-05
34016,6.825000000004268e-05
34017,0.00018064285714279395
34018,0.00021771428571426554
34019,0.00010457142857142848
34020,7.210714285719178e-05
34021,6.6428571428645e-05
34022,5.892857142854829e-05
34023,0.00010446428571425161
34024,0.00020442857142859743
34025,0.00022692857142858307
34026,0.00018449999999994304
34027,0.00013832142857148305
34028,5.8607142857169944e-05
34029,8.132142857135705e-05
34030,0.00015042857142851015
34031,0.00016467857142861777
34032,0.00014978571428575347
34033,0.00012878571428578717
34034,7.832142857147061e-05
34035,6.857142857142102e-05
34036,9.953571428563837e-05
34037,5.367857142855672e-05
34038,2.8178571428532402e-05
34039,7.049999999999556e-05
34040,0.00019339285714288225
34041,0.00015835714285716206
34042,0.00011828571428565178
34043,0.00014507142857149395
34044,0.00016939285714287727
34045,0.00012664285714285889
34046,6.13928571428549e-05
34047,7.42499999999678e-05
34048,0.00013103571428574006
34049,0.00018621428571431611
34050,0.00017496428571424718
34051,0.00017657142857144338
34052,0.0001850357142856751
34053,0.00017100000000007346
34054,0.00018182142857143497
34055,0.00014710714285709312
34056,9.664285714292882e-05
34057,5.657142857141854e-05
34058,1.1142857142892077e-05
34059,3.299999999996877e-05
34060,8.01428571428683e-05
34061,0.0001317857142856736
34062,0.0001227857142857098
34063,1.2428571428557689e-05
34064,2.9678571428551744e-05
34065,2.8607142857087605e-05
34066,1.1678571428624148e-05
34067,4.0821428571443824e-05
34068,0.00010510714285716054
34069,0.00016821428571423626
34070,6.632142857146814e-05
34071,2.2607142857162493e-05
34072,5.5928571428509596e-05
34073,8.207142857144285e-05
34074,0.00011614285714287576
34075,0.00013585714285717642
34076,0.00023560714285716854
34077,0.00033921428571430975
34078,0.0004965000000000077
34079,0.0006058928571428725
34080,0.0007342499999999522
34081,0.0008420357142857731
34082,0.0008728928571428135
34083,0.0007899642857142603
34084,0.0005946428571428035
34085,0.00022071428571430424
34086,-7.17857142857373e-05
34087,-0.0001631785714285984
34088,-0.00018257142857144463
34089,-0.00018107142857142527
34090,-0.00019810714285714174
34091,-0.0002333571428571395
34092,-0.00020978571428568974
34093,-3.0750000000015886e-05
34094,6.503571428565027e-05
34095,7.692857142862815e-05
34096,6.289285714287425e-05
34097,3.439285714281125e-05
34098,-7.500000000096715e-07
34099,5.5499999999954396e-05
34100,0.0001333928571428698
34101,0.0001167857142857847
34102,5.9142857142902015e-05
34103,5.5285714285752924e-05
34104,6.374999999998465e-05
34105,0.00015782142857143
34106,0.0002657142857142755
34107,0.0002630357142857674
34108,0.00019114285714292935
34109,8.40000000000174e-05
34110,0.0001325357142857594
34111,0.00015385714285710402
34112,0.00010296428571423226
34113,0.000161142857142847
34114,0.00019671428571429927
34115,0.0002059285714286168
34116,0.0002993571428571532
34117,0.00034907142857138395
34118,0.0002426785714285578
34119,0.0002183571428571745
34120,0.0002000357142857163
34121,0.00016146428571422536
34122,0.0001892142857143548
34123,0.00021546428571431265
34124,0.00024278571428573465
34125,0.00023507142857143648
34126,0.0002659285714286292
34127,0.00036739285714284213
34128,0.0003475714285713646
34129,0.0003211071428572053
34130,0.0003099642857143132
34131,0.00027235714285710953
34132,0.0003210000000000284
34133,0.00043842857142856976
34134,0.0004214999999999541
34135,0.0003919285714285792
34136,0.00044464285714284864
34137,0.0004131428571428992
34138,0.0004198928571429101
34139,0.00043382142857148714
34140,0.00046939285714278715
34141,0.0004885714285713557
34142,0.0005433214285713766
34143,0.0006036428571429196
34144,0.0005322857142856614
34145,0.0004004999999999878
34146,0.00044978571428566335
34147,0.0005062500000000572
34148,0.00045364285714281243
34149,0.0004157142857142304
34150,0.0004372499999999288
34151,0.00045332142857143406
34152,0.0003497142857142929
34153,0.0002803928571427861
34154,0.0003087857142856722
34155,0.00033921428571430975
34156,0.0002672142857142948
34157,0.0001850357142856751
34158,0.00018321428571427744
34159,0.00025317857142854094
34160,0.0001747500000000457
34161,0.00013457142857135855
34162,0.00015460714285718983
34163,0.00018235714285716703
34164,0.000143249999999944
34165,0.00020239285714284604
34166,0.00026496428571434196
34167,0.00021407142857147017
34168,9.728571428568549e-05
34169,1.821428571428133e-05
34170,4.596428571425853e-05
34171,0.00011475000000003328
34172,0.00014099999999999112
34173,4.039285714288862e-05
34174,-2.421428571428257e-05
34175,-7.285714285742984e-06
34176,1.9928571428502145e-05
34177,2.7000000000043655e-05
34178,1.478571428568744e-05
34179,2.057142857141108e-05
34180,2.528571428567058e-05
34181,-4.392857142881163e-06
34182,-6.460714285717119e-05
34183,-7.028571428571797e-05
34184,4.607142857143539e-05
34185,0.00010146428571421293
34186,8.539285714285987e-05
34187,0.00016307142857142155
34188,8.87142857142769e-05
34189,-8.807142857144408e-05
34190,-9.578571428574228e-05
34191,4.4250000000037715e-05
34192,0.0001602857142857366
34193,0.00010382142857149494
34194,-2.4642857143066165e-06
34195,-1.8214285713976812e-06
34196,1.1571428571447282e-05
34197,6.450000000007046e-05
34198,4.8107142857186806e-05
34199,-2.3357142857172164e-05
34200,-2.453571428573704e-05
34201,5.5714285714308124e-05
34202,2.057142857141108e-05
34203,3.867857142851555e-05
34204,0.00014892857142864306
34205,0.0001321071428572042
34206,7.339285714285739e-05
34207,5.999999999925113e-06
34208,2.164285714287522e-05
34209,9.88928571428817e-05
34210,9.267857142860285e-05
34211,0.0
34212,-5.5714285714308124e-05
34213,-8.228571428572044e-05
34214,4.1357142857175895e-05
34215,0.0001633928571427999
34216,0.00020453571428577432
34217,0.00012760714285714618
34218,5.132142857142696e-05
34219,-3.589285714283059e-05
34220,-7.499999999997747e-05
34221,3.000000000038686e-06
34222,7.778571428573855e-05
34223,0.00011775000000007197
34224,7.189285714283804e-05
34225,-2.0464285714310344e-05
34226,-3.299999999996877e-05
34227,0.0001117499999999946
34228,0.00012107142857148899
34229,4.885714285712035e-05
34230,8.035714285676525e-06
34231,-5.807142857143788e-05
