Time,ECG_Lead1
0,0.0012031071428571596
1,0.0013983214285714395
2,0.0017544642857142126
3,0.001994464285714262
4,0.0019359642857142692
5,0.001665214285714356
6,0.0014882142857143574
7,0.0017088214285714846
8,0.0021833571428570868
9,0.002696892857142887
10,0.002762035714285714
11,0.0025191428571428023
12,0.0021298928571428836
13,0.0018350357142857883
14,0.0017314285714286472
15,0.0018592499999999948
16,0.0018655714285714506
17,0.0016158214285715035
18,0.0011651785714285776
19,0.0009286071428571218
20,0.001135928571428581
21,0.0015531428571428306
22,0.001893642857142806
23,0.0018408214285713597
24,0.0015411428571428282
25,0.001229142857142916
26,0.0012939642857142124
27,0.0016096071428570724
28,0.0019887857142857155
29,0.002004321428571489
30,0.0017543571428571881
31,0.0013783928571427851
32,0.0012553928571428737
33,0.0014821071428571032
34,0.0019040357142857645
35,0.0021217500000000303
36,0.001961678571428647
37,0.0015957857142856722
38,0.001301571428571486
39,0.0014223214285714444
40,0.0017962499999999437
41,0.002144035714285662
42,0.002090142857142904
43,0.001777178571428552
44,0.001422535714285646
45,0.0014051785714286273
46,0.0016686428571427976
47,0.002053821428571366
48,0.0021735000000000122
49,0.0019743214285714065
50,0.0015983571428571557
51,0.0014106428571428202
52,0.0015817500000000705
53,0.0019281428571427941
54,0.002179285714285736
55,0.0020977500000000254
56,0.0018071785714286344
57,0.0015052499999999977
58,0.0015495000000000354
59,0.0018440357142857522
60,0.0022150714285713896
61,0.0022448571428571183
62,0.0020050714285714225
63,0.001638857142857069
64,0.0015461785714286184
65,0.0017583214285713617
66,0.0021327857142857455
67,0.0023320714285713757
68,0.0021729642857142802
69,0.0017975357142857617
70,0.001519499999999953
71,0.0016373571428572019
72,0.001955892857142924
73,0.002287607142857137
74,0.0022489285714286213
75,0.00195653571428568
76,0.001584857142857134
77,0.0015336428571428838
78,0.00178167857142861
79,0.00213235714285719
80,0.002216142857142854
81,0.0019967142857142154
82,0.001619464285714299
83,0.001409678571428533
84,0.001584857142857134
85,0.0019497857142856693
86,0.0021455357142856814
87,0.0019678928571429262
88,0.0016278214285713538
89,0.0012949285714284997
90,0.0013578214285713739
91,0.0016597500000000106
92,0.0019788214285714643
93,0.0019582500000000533
94,0.0016990714285714352
95,0.0013336071428571676
96,0.001232892857142888
97,0.0014500714285714217
98,0.0018171428571428854
99,0.001982357142857083
100,0.0017867142857142478
101,0.001414178571428591
102,0.001186607142857099
103,0.0013112142857143589
104,0.001615392857142796
105,0.001910357142857068
106,0.00187585714285708
107,0.0016024285714285062
108,0.001246928571428642
109,0.0012420000000000289
110,0.0015093214285715004
111,0.0018665357142857379
112,0.0019219285714285154
113,0.001688571428571452
114,0.0013352142857142116
115,0.0012014999999999632
116,0.0013699285714285534
117,0.001723714285714349
118,0.0019714285714285446
119,0.0018153214285714877
120,0.0014796428571427964
121,0.0011836071428572125
122,0.001255928571428606
123,0.0015565714285714247
124,0.0019258928571428413
125,0.0019457142857143188
126,0.001660178571428566
127,0.0012926785714285469
128,0.0012103928571429025
129,0.0014323928571428723
130,0.0017920714285714163
131,0.001953857142857172
132,0.0017682857142857652
133,0.0014026071428571438
134,0.001160571428571495
135,0.0013165714285713749
136,0.0016650000000000022
137,0.001927178571428507
138,0.0018336428571427937
139,0.0015475714285714608
140,0.0012248571428572117
141,0.0012370714285714155
142,0.0015042857142857104
143,0.001849607142857122
144,0.0019077857142857368
145,0.001704642857142805
146,0.001346142857142902
147,0.001169464285714282
148,0.0013453928571428163
149,0.001721464285714244
150,0.001970785714285788
151,0.0018337499999999706
152,0.0014768571428571116
153,0.0011795357142857098
154,0.0012699642857143597
155,0.001581964285714272
156,0.001932214285714297
157,0.0019141071428571926
158,0.00162942857142855
159,0.0012565714285713626
160,0.0012028928571428058
161,0.0014652857142856642
162,0.0018688928571428676
163,0.0020128928571428975
164,0.0017951785714286318
165,0.0014200714285714916
166,0.0011920714285714442
167,0.0013466785714286343
168,0.0017345357142857106
169,0.0020389285714285015
170,0.0019426071428571034
171,0.0016368214285714699
172,0.0012566785714285395
173,0.001274142857142887
174,0.0015763928571429023
175,0.0019313571428571867
176,0.001962321428571404
177,0.0016783928571428473
178,0.0012947142857142983
179,0.0011931428571429084
180,0.001409142857142801
181,0.0017583214285713617
182,0.0019745357142857602
183,0.0018086785714285015
184,0.0014569285714286094
185,0.0011718214285714116
186,0.001269107142857097
187,0.001571357142857112
188,0.0018957857142857344
189,0.0018686785714285138
190,0.0016068214285713874
191,0.0012620357142857077
192,0.001193249999999933
193,0.0014200714285714916
194,0.001851321428571495
195,0.0020725714285713794
196,0.0019458214285714957
197,0.00168246428571435
198,0.0016264285714285114
199,0.001984071428571456
200,0.002471035714285768
201,0.002834464285714284
202,0.0027370714285714216
203,0.002238321428571461
204,0.0016015714285713958
205,0.0013180714285713944
206,0.0014438571428571428
207,0.0017260714285714787
208,0.0016765714285714496
209,0.0013642500000000065
210,0.0010257857142857826
211,0.0009878571428572006
212,0.0012474642857142218
213,0.0016417499999999308
214,0.001869214285714246
215,0.0017510357142857711
216,0.0014364642857142228
217,0.001172678571428522
218,0.0012973928571428062
219,0.0016501071428571378
220,0.001976464285714335
221,0.001929535714285789
222,0.001628892857142818
223,0.0012771428571429259
224,0.0012556071428570753
225,0.0015275357142857818
226,0.0019187142857142751
227,0.002055964285714294
228,0.0018099642857143192
229,0.0014456785714285405
230,0.0012767142857142183
231,0.0014396785714286154
232,0.0017896071428571097
233,0.002038178571428568
234,0.0019151785714285044
235,0.001612714285714288
236,0.0012974999999999831
237,0.0013532142857142914
238,0.001715785714285697
239,0.00207610714285715
240,0.0021084642857142097
241,0.0018550714285714674
242,0.0014732142857143162
243,0.0013483928571428549
244,0.0015802500000000512
245,0.0019602857142856527
246,0.0021459642857142368
247,0.0019776428571428237
248,0.0016538571428571102
249,0.0014057142857143593
250,0.00154082142857145
251,0.0018821785714285358
252,0.0022008214285714344
253,0.0021527142857142474
254,0.0019008214285713722
255,0.0015308571428571988
256,0.001499571428571451
257,0.0017796428571428585
258,0.002138678571428646
259,0.002208857142857111
260,0.001978607142857111
261,0.0016442142857142374
262,0.0014890714285714678
263,0.0016813928571428858
264,0.0020238214285714356
265,0.002246249999999961
266,0.002093357142857144
267,0.0017573571428570745
268,0.0014424642857143004
269,0.001492178571428531
270,0.0017536071428571021
271,0.002070000000000048
272,0.002087357142857219
273,0.0018317142857142191
274,0.0014468571428571816
275,0.001316035714285643
276,0.0015276428571428064
277,0.0018732857142857487
278,0.0020272500000000295
279,0.0018486428571428347
280,0.0015108214285713675
281,0.001245750000000001
282,0.0013211785714286098
283,0.0015903214285714793
284,0.0018909642857142981
285,0.0018772500000000746
286,0.0016040357142857026
287,0.0012153214285713634
288,0.001182214285714218
289,0.0014210357142857787
290,0.0017791071428571266
291,0.0018947142857142702
292,0.0016897499999999406
293,0.0013214999999999883
294,0.0011236071428572002
295,0.0012949285714284997
296,0.0016468928571428977
297,0.001910999999999977
298,0.0018159642857142444
299,0.0015083571428572131
300,0.0011368928571428682
301,0.001138071428571357
302,0.0014026071428571438
303,0.001755964285714232
304,0.0018246428571428298
305,0.0016661785714286433
306,0.001337892857142872
307,0.0011647500000000223
308,0.0013471071428571894
309,0.0017312142857142934
310,0.0019326428571428522
311,0.0017825357142857204
312,0.0014216785714285356
313,0.0010897499999999688
314,0.0011668928571427982
315,0.001513392857142851
316,0.0018726428571428399
317,0.001876392857142812
318,0.0016147500000000393
319,0.0012654642857143016
320,0.0011944285714285741
321,0.0014015357142856796
322,0.0017819999999999885
323,0.0019387499999999542
324,0.0017448214285714922
325,0.00137239285714286
326,0.0011490000000000476
327,0.0012992142857143562
328,0.001690178571428496
329,0.0020189999999999995
330,0.0018963214285714664
331,0.0015153214285714256
332,0.0011411785714285725
333,0.0011850000000000551
334,0.0014858571428570753
335,0.001886571428571417
336,0.0019428214285714571
337,0.0016892142857143609
338,0.0012992142857143562
339,0.0011920714285714442
340,0.001410857142857174
341,0.001787785714285712
342,0.0019763571428571577
343,0.0018125357142856505
344,0.0014591785714285622
345,0.001184464285714323
346,0.0012807857142857213
347,0.0016274999999999753
348,0.0019592142857143406
349,0.0019187142857142751
350,0.0016396071428571547
351,0.001285928571428536
352,0.0012581785714285588
353,0.001511250000000075
354,0.0018957857142857344
355,0.002006357142857088
356,0.0018185357142857278
357,0.0014996785714286277
358,0.0012715714285714036
359,0.0013643571428571834
360,0.0017222142857143297
361,0.0020362499999999934
362,0.001957928571428523
363,0.0016536428571429086
364,0.0013231071428571844
365,0.0013852499999999729
366,0.0016638214285713611
367,0.002007214285714351
368,0.0020441785714286455
369,0.0017757857142857096
370,0.001352892857142913
371,0.0011764285714286466
372,0.0013598571428571253
373,0.0017857499999999605
374,0.0020100000000000356
375,0.001850785714285763
376,0.0014935714285713734
377,0.0012097499999999936
378,0.001337142857142786
379,0.001648392857142917
380,0.001978607142857111
381,0.0019091785714285792
382,0.0016164642857142602
383,0.0012541071428572082
384,0.001225714285714322
385,0.0014645357142857307
386,0.0018113571428571618
387,0.0019067142857142727
388,0.0017368928571428403
389,0.0014801785714285286
390,0.0014316428571427865
391,0.0016896428571429162
392,0.0022018928571428983
393,0.002637535714285783
394,0.002649749999999987
395,0.002342571428571359
396,0.001973357142857119
397,0.001840178571428603
398,0.0018378214285714733
399,0.0020077499999999306
400,0.0018867857142857705
401,0.001530750000000022
402,0.0010959642857142477
403,0.0009037500000000063
404,0.0010116428571428518
405,0.001392964285714271
406,0.0016643571428570933
407,0.0015961071428572029
408,0.0013333928571428138
409,0.0012422142857142302
410,0.0014538214285713938
411,0.001660607142857121
412,0.0019146428571429246
413,0.0018289285714285341
414,0.0015183214285714643
415,0.0011645357142856686
416,0.0011156785714285483
417,0.0014993571428570972
418,0.002117464285714326
419,0.002292321428571396
420,0.002020821428571397
421,0.001550785714285701
422,0.0012536785714285007
423,0.0013808571428570917
424,0.0017441785714285831
425,0.0021309642857143475
426,0.002114571428571464
427,0.0017381785714285058
428,0.0012921428571428149
429,0.001222392857142905
430,0.001657821428571436
431,0.0022452857142856737
432,0.002230499999999986
433,0.0018341785714285257
434,0.0013235357142857395
435,0.0011449285714285448
436,0.0013052142857142813
437,0.0017095714285714182
438,0.001986642857142787
439,0.0018739285714285054
440,0.0014814642857143465
441,0.0011511428571428237
442,0.0012501428571428822
443,0.0016491428571428505
444,0.0020125714285713667
445,0.0019213928571427832
446,0.0015908571428572113
447,0.0011471785714284976
448,0.0011330357142857192
449,0.0014573571428571645
450,0.0019326428571428522
451,0.0021414642857143307
452,0.0018884999999999913
453,0.001349571428571496
454,0.001133678571428628
455,0.0013325357142857034
456,0.0015911785714285895
457,0.0018313928571428407
458,0.001775035714285776
459,0.0013778571428572051
460,0.0008597142857143223
461,0.0007414285714285184
462,0.0009641785714285739
463,0.0012567857142857161
464,0.0012263571428570788
465,0.0009635357142856651
466,0.0005973214285714638
467,0.00043339285714293194
468,0.0005534999999999814
469,0.0008707500000000376
470,0.0010162499999999345
471,0.0008633571428571178
472,0.0005468571428571473
473,0.000216964285714332
474,0.0003003214285714405
475,0.0006091071428571126
476,0.0008632499999999409
477,0.0007363928571428805
478,0.0004608214285713785
479,8.721428571425756e-05
480,-3.0107142857106947e-05
481,0.0003388928571429314
482,0.0007761428571428601
483,0.0008459999999999468
484,0.00047871428571428154
485,-9.128571428568425e-05
486,-0.00027439285714286096
487,2.903571428564281e-05
488,0.0004546071428570997
489,0.0006823928571427931
490,0.0004992857142856926
491,9.375000000006699e-05
492,-0.0002557500000000244
493,-0.00015503571428574504
494,0.00017024999999998769
495,0.0004821428571428754
496,0.0005589642857143267
497,0.00033792857142864413
498,-0.00014485714285714023
499,-0.0003075000000000066
500,-0.00014250000000001048
501,0.0003017142857142829
502,0.0005396785714285812
503,0.00030278571428574705
504,-0.00011196428571427219
505,-0.00034007142857142016
506,-0.00018632142857141686
507,0.00018385714285718637
508,0.0005023928571429081
509,0.00044957142857146186
510,9.064285714285144e-05
511,-0.0003026785714285702
512,-0.0002449285714285868
513,-3.77142857143044e-05
514,0.0003713571428571681
515,0.0005238214285714297
516,0.0003919285714285792
517,8.025000000004517e-05
518,-0.00012374999999999707
519,2.5714285714225785e-05
520,0.00037296428571421204
521,0.0006784285714286195
522,0.000637928571428554
523,0.00036910714285721524
524,-5.66785714285954e-05
525,-9.267857142860285e-05
526,0.00028028571428576147
527,0.0007442142857143556
528,0.0007975714285713817
529,0.0005081785714286318
530,5.775000000005954e-05
531,-5.989285714283556e-05
532,0.0001760357142857113
533,0.0006002142857143257
534,0.0008620714285714522
535,0.0006543214285714376
536,0.00023046428571435384
537,-1.714285714289332e-05
538,9.34285714285364e-05
539,0.00048589285714284767
540,0.0008551071428570875
541,0.0008312142857142594
542,0.0005472857142857025
543,0.0001359642857143533
544,9.610714285719674e-05
545,0.00037864285714291106
546,0.0008078571428571633
547,0.000951428571428638
548,0.000712607142857077
549,0.0003011785714285509
550,0.0001215000000000442
551,0.0002959285714285593
552,0.0007420714285714272
553,0.0010452857142857295
554,0.0009124285714285918
555,0.0005115000000000488
556,0.00014592857142860436
557,0.00018460714285711992
558,0.00045878571428577936
559,0.0008735357142857225
560,0.0009454285714285606
561,0.0006490714285714461
562,0.0001961785714285672
563,9.664285714292882e-05
564,0.0003432857142856603
565,0.0006962142857143456
566,0.0008241428571428701
567,0.0006630000000000231
568,0.0003312857142856578
569,1.639285714288365e-05
570,7.167857142863657e-05
571,0.0004045714285714906
572,0.0008499642857142728
573,0.0008213571428571852
574,0.000525964285714358
575,0.00015503571428574504
576,0.00017410714285713677
577,0.0005513571428572054
578,0.0011412857142857494
579,0.0014445000000000516
580,0.0013049999999999277
581,0.00095753571428574
582,0.0006949285714285277
583,0.0005442857142856639
584,0.0004897499999999967
585,0.0005134285714286234
586,0.0004465714285714232
587,0.00018300000000007595
588,-0.00024825000000000384
589,-0.00018642857142859372
590,0.00015203571428570634
591,0.0005216785714285013
592,0.0005399999999999596
593,0.0002946428571428937
594,-0.00020453571428569818
595,-0.00033900000000003215
596,1.3392857142844962e-05
597,0.0005487857142857219
598,0.0009069642857142465
599,0.0006762857142856912
600,0.00024321428571428985
601,5.882142857137142e-05
602,0.00016221428571431114
603,0.0004938214285714996
604,0.0008135357142857101
605,0.0006997499999999641
606,0.0004123928571428134
607,0.00019692857142850073
608,0.00030375000000003435
609,0.000578785714285652
610,0.000988714285714311
611,0.001100785714285684
612,0.0008827500000000401
613,0.00036985714285714877
614,0.0002006785714286252
615,0.0004605000000000002
616,0.0009490714285713559
617,0.0012571071428570946
618,0.0011495357142857798
619,0.0007720714285713574
620,0.00038228571428570643
621,0.00047828571428572633
622,0.0008913214285714487
623,0.0012309642857143135
624,0.0011664642857142431
625,0.000854892857142886
626,0.0005033571428571954
627,0.0004902857142857288
628,0.0007228928571428587
629,0.0011377499999999786
630,0.001348928571428587
631,0.001213499999999966
632,0.0008200714285713673
633,0.0005008928571428889
634,0.0006342857142857586
635,0.0010134642857142495
636,0.0013899642857142323
637,0.0013263214285714245
638,0.0010018928571428022
639,0.0006488571428570923
640,0.0005845714285713756
641,0.0008518928571428473
642,0.0012468214285714652
643,0.001355142857142866
644,0.001087392857142839
645,0.0005988214285714832
646,0.0004406785714285227
647,0.0006846428571428983
648,0.0010598571428572154
649,0.0012621428571428846
650,0.0011356071428572027
651,0.0007363928571428805
652,0.0003671785714286407
653,0.00041378571428565586
654,0.0007060714285714198
655,0.0010488214285715002
656,0.0010138928571428048
657,0.0006663214285714402
658,0.00024482142857148607
659,0.00015578571428567856
660,0.0003367500000000031
661,0.0006581785714285868
662,0.0007738928571429073
663,0.0005574642857143074
664,0.0001529999999999936
665,-0.0001415357142857232
666,1.4464285714309102e-05
667,0.00040392857142858166
668,0.0006606428571428934
669,0.0005238214285714297
670,9.867857142852797e-05
671,-0.00031350000000000784
672,-0.0002641071428571554
673,-1.1464285714270415e-05
674,0.0003612857142857402
675,0.0003422142857143484
676,-7.285714285742984e-06
677,-0.00043607142857144
678,-0.0006388928571428412
679,-0.00036717857142856453
680,0.00017367857142858156
681,0.000390321428571383
682,0.00013157142857147213
683,-0.0003316071428571123
684,-0.0006823928571428694
685,-0.0005802857142857475
686,-0.0001413214285714456
687,0.00026871428571431416
688,0.00020153571428573562
689,-7.007142857144037e-05
690,-0.0004376785714285601
691,-0.000493499999999969
692,-0.00028821428571426113
693,9.696428571430716e-05
694,0.00024749999999999414
695,0.00010810714285719923
696,-0.0002566071428571348
697,-0.000516428571428586
698,-0.000266571428571462
699,6.825000000004268e-05
700,0.0003656785714286213
701,0.0005402142857143133
702,0.0003614999999999416
703,-0.00015471428571429057
704,-0.0003250714285714551
705,-3.685714285711786e-05
706,0.00047571428571424287
707,0.0006261428571429053
708,0.0004101428571428605
709,9.7500000000496e-06
710,-0.00011796428571427343
711,-0.00033150000000001153
712,-0.0005786785714285513
713,-0.00044860714285717456
714,-0.0005721428571428941
715,-0.0009292500000000306
716,-0.0012718928571428582
717,-0.0012567857142857161
718,-0.0008889642857143189
719,-0.0003906428571428374
720,-0.0002813571428571495
721,-0.0005375357142857291
722,-0.000953571428571414
723,-0.0010136785714286033
724,-0.000710464285714301
725,-0.0002524285714286074
726,-5.2821428571446304e-05
727,-0.0002826428571428912
728,-0.0006146785714285587
729,-0.0006955714285714367
730,-0.0003611785714285633
731,8.05714285714235e-05
732,0.0004248214285713711
733,0.00039364285714279997
734,8.635714285714715e-05
735,-0.0002494285714285687
736,-0.0001431428571428433
737,0.0002809285714285181
738,0.0007375714285713693
739,0.0008142857142856436
740,0.0005441785714286393
741,0.00012814285714287825
742,5.3892857142910446e-05
743,0.00031960714285718595
744,0.0006972857142856575
745,0.0009348214285714005
746,0.000824785714285779
747,0.00048042857142850236
748,0.00013414285714280337
749,0.0001529999999999936
750,0.0004517142857142379
751,0.0008763214285714075
752,0.0008480357142856982
753,0.0005126785714285375
754,0.00012964285714289758
755,2.1535714285698354e-05
756,0.0001675714285714796
757,0.0005164285714285099
758,0.0006874285714285833
759,0.0004965000000000077
760,0.00013114285714291692
761,-9.685714285713028e-05
762,4.585714285708166e-05
763,0.0005076428571428997
764,0.000960214285714248
765,0.0010720714285714194
766,0.0009093214285713762
767,0.0006268928571428388
768,0.0007381071428571013
769,0.0011065714285714075
770,0.0014574642857143414
771,0.0011043214285714547
772,0.000496821428571386
773,-0.00012910714285716552
774,-0.00036942857142859356
775,-0.00013103571428574006
776,0.00037392857142849934
777,0.0006656785714285312
778,0.0005095714285714743
779,9.085714285720518e-05
780,-0.00033685714285718
781,-0.00020410714285714297
782,0.00037682142857136113
783,0.0008284285714285744
784,0.0008510357142857369
785,0.00045835714285707193
786,-4.060714285716622e-05
787,-0.00012632142857140442
788,0.0001529999999999936
789,0.0005718214285714395
790,0.0007190357142857096
791,0.0006367500000000652
792,0.0003388928571429314
793,0.00014614285714280583
794,0.0003516428571428674
795,0.0007673571428570979
796,0.0010029642857142663
797,0.0008333571428571876
798,0.0004618928571428427
799,4.628571428578913e-05
800,0.00017442857142851512
801,0.0005878928571427926
802,0.0010078928571428797
803,0.001083964285714245
804,0.0008485714285714303
805,0.00041592857142858417
806,0.00017303571428567264
807,0.00037864285714291106
808,0.0008745000000000098
809,0.001070678571428577
810,0.0010018928571428022
811,0.000726535714285654
812,0.0005272500000000236
813,0.0006163928571428556
814,0.0009393214285714586
815,0.0012854999999999807
816,0.0012470357142856667
817,0.0009678214285713694
818,0.000623999999999977
819,0.0006420000000000568
820,0.0009058928571427824
821,0.0013608214285714126
822,0.001550785714285701
823,0.0013018928571428643
824,0.0008453571428571901
825,0.0006355714285714243
826,0.0008057142857142351
827,0.0012576428571428266
828,0.0015811071428571616
829,0.0014801785714285286
830,0.0011660357142856878
831,0.0007692857142856724
832,0.0007458214285713995
833,0.0010650000000000301
834,0.001470000000000076
835,0.0014911071428570669
836,0.0011920714285714442
837,0.0007354285714285932
838,0.0006425357142857889
839,0.0008996785714285035
840,0.0013380000000000488
841,0.0015172500000000002
842,0.0012961071428571407
843,0.0008853214285713713
844,0.0005510357142856747
845,0.000630642857142811
846,0.0010165714285714652
847,0.0013626428571428104
848,0.0012784285714285914
849,0.0009740357142856481
850,0.0006002142857143257
851,0.0005337857142856807
852,0.0008008928571427987
853,0.0012352500000000178
854,0.0012917142857142596
855,0.0010414285714285805
856,0.0005995714285714168
857,0.0003658928571428228
858,0.000579964285714293
859,0.0009863571428571812
860,0.0012159642857142725
861,0.0011033571428571674
862,0.0007363928571428805
863,0.00029892857142859797
864,0.0003049285714285231
865,0.0006995357142857626
866,0.0011148214285714379
867,0.0011138571428571506
868,0.0008605714285714328
869,0.0004948928571428114
870,0.00034875000000000563
871,0.0005182500000000598
872,0.000816964285714304
873,0.0009884999999999573
874,0.0009924642857142832
875,0.000669750000000034
876,0.0003560357142857486
877,0.0004656428571428149
878,0.0008213571428571852
879,0.0010902857142857008
880,0.0008887499999999652
881,0.0005120357142857809
882,0.00019660714285712238
883,0.0003712499999999912
884,0.0007278214285714718
885,0.0010553571428571576
886,0.0011112857142856671
887,0.0008898214285714293
888,0.0004725000000000027
889,0.000206357142857172
890,0.0005063571428570819
891,0.000988821428571488
892,0.0013600714285714791
893,0.0012447857142857137
894,0.0007432500000000683
895,0.00033417857142851965
896,0.0003218571428571388
897,0.0005932499999999611
898,0.0009850714285713634
899,0.001038964285714274
900,0.0008481428571428751
901,0.0005393571428572029
902,0.00043349999999995654
903,0.0006805714285713955
904,0.001226785714285786
905,0.0014357142857142893
906,0.001201714285714317
907,0.0007937142857142326
908,0.00047389285714284515
909,0.0006088928571429112
910,0.001057285714285732
911,0.00156760714285714
912,0.001584857142857134
913,0.0010588928571429283
914,0.0005828571428571548
915,0.0006195000000000712
916,0.0008261785714286215
917,0.0013434642857142417
918,0.0013506428571428079
919,0.0010420714285714894
920,0.0005460000000000369
921,0.00026710714285711794
922,0.0004861071428572014
923,0.0009212142857143541
924,0.0012800357142857877
925,0.0012053571428571124
926,0.0007795714285714541
927,0.00031296428571435186
928,0.0003121071428570892
929,0.0006298928571428775
930,0.0009147857142857216
931,0.0009120000000000366
932,0.0006799285714286388
933,-1.87500000000134e-05
934,-0.0009625714285714539
935,-0.0014267142857142495
936,-0.000864321428571405
937,8.282142857137638e-05
938,0.000521357142857123
939,-1.7142857142969449e-06
940,-0.0010902857142857008
941,-0.0017857500000000367
942,-0.001580357142857152
943,-0.0006223928571428568
944,0.00017185714285718388
945,0.000103178571428586
946,-0.000825857142857167
947,-0.0017454642857142489
948,-0.0019159285714285903
949,-0.0011106428571428344
950,-0.00011357142857139227
951,0.0003453214285714117
952,-0.0001262142857143037
953,-0.0009023571428571638
954,-0.001239535714285722
955,-0.0007537499999999753
956,0.0003018214285714598
957,0.0008619642857142753
958,0.0003172500000000562
959,-0.0010675714285714375
960,-0.0021054642857143233
961,-0.002142964285714274
962,-0.0013566428571428852
963,-0.0005766428571428759
964,-0.0003952499999999962
965,-0.0011101071428571783
966,-0.0020569285714285815
967,-0.0023893928571428803
968,-0.0017446071428571385
969,-0.0006606428571428934
970,-6.374999999998465e-05
971,-0.0005209285714285678
972,-0.0015902142857143024
973,-0.0022955357142857126
974,-0.0020701071428571487
975,-0.0010862142857142741
976,-0.00028478571428574336
977,-0.0003659999999999997
978,-0.0013183928571428487
979,-0.002092821428571412
980,-0.002106857142857166
981,-0.0013336071428571676
982,-0.00048792857142859904
983,-0.0002765357142857131
984,-0.0009182142857143155
985,-0.0017736428571428573
986,-0.0021618214285714643
987,-0.0017351785714285434
988,-0.0007701428571428589
989,-1.6821428571438853e-05
990,-0.00022017857142857215
991,-0.0012699642857142836
992,-0.002078357142857179
993,-0.001883785714285732
994,-0.0008465357142856788
995,-5.035714285713969e-06
996,3.953571428577821e-05
997,-0.0008914285714285494
998,-0.0018250714285714612
999,-0.0021159642857143065
1000,-0.0015056785714285528
1001,-0.0004528928571428789
1002,0.000306214285714341
1003,2.1321428571496882e-05
1004,-0.0011504999999999907
1005,-0.0019871785714285954
1006,-0.0017471785714285458
1007,-0.0007332857142857411
1008,0.00015075000000004074
1009,0.00012407142857137542
1010,-0.0007325357142857313
1011,-0.0015192857142857516
1012,-0.001564821428571455
1013,-0.0008945357142856888
1014,-0.00017432142857141437
1015,0.00015664285714278898
1016,-0.0004753928571428645
1017,-0.0013776428571428516
1018,-0.0016298571428571052
1019,-0.0011272499999999954
1020,-0.00034028571428569777
1021,0.0001360714285713779
1022,-0.00012267857142860905
1023,-0.001097999999999999
1024,-0.0018280714285714237
1025,-0.0016236428571428263
1026,-0.0006454285714285746
1027,0.0002512499999999664
1028,0.0003012857142857277
1029,-0.0007088571428571809
1030,-0.0017427857142857407
1031,-0.001978071428571455
1032,-0.0012751071428571744
1033,-0.00028328571428572403
1034,0.00012910714285716552
1035,-0.00032292857142860294
1036,-0.0012737142857142559
1037,-0.0018695357142857003
1038,-0.0016354285714285511
1039,-0.0006978214285714657
1040,2.5500000000024313e-05
1041,-3.7071428571395465e-05
1042,-0.0008966785714285409
1043,-0.0017886428571428224
1044,-0.0018954642857142798
1045,-0.0009906428571428857
1046,2.9892857142905475e-05
1047,0.0003751071428571403
1048,-0.0003297857142857146
1049,-0.0013982142857142626
1050,-0.0019147500000000254
1051,-0.0013981071428571619
1052,-0.0003807857142856871
1053,0.00026839285714278356
1054,7.92857142849966e-06
1055,-0.000977678571428596
1056,-0.001756071428571409
1057,-0.0016764642857142727
1058,-0.0007489285714285389
1059,0.00010435714285707474
1060,0.0001956428571428351
1061,-0.0006233571428571441
1062,-0.0015722142857142985
1063,-0.0018834642857142774
1064,-0.0012589285714285684
1065,-0.0002955000000000041
1066,0.0001854642857142303
1067,-0.00026560714285717477
1068,-0.0012805714285714436
1069,-0.0019485000000000038
1070,-0.0016841785714285708
1071,-0.0007134642857142636
1072,7.832142857147061e-05
1073,3.921428571424761e-05
1074,-0.0008989285714285699
1075,-0.0017793214285714042
1076,-0.0019173214285714327
1077,-0.0011593928571428538
1078,-0.00022424999999999886
1079,0.00013028571428565426
1080,-0.0005435357142857303
1081,-0.0015476785714285616
1082,-0.001961785714285748
1083,-0.0015129642857142959
1084,-0.0004886785714286087
1085,0.00017282142857147115
1086,-0.0001756071428571561
1087,-0.0012086785714286055
1088,-0.00195492857142856
1089,-0.0018142500000000235
1090,-0.000834214285714298
1091,2.7107142857068263e-05
1092,0.00013392857142860187
1093,-0.0006754285714285808
1094,-0.0016608214285713987
1095,-0.0020098928571428585
1096,-0.001357178571428541
1097,-0.00027760714285717723
1098,0.0003409285714285306
1099,-7.317857142857978e-05
1100,-0.0011857499999999887
1101,-0.001955142857142838
1102,-0.0016707857142857258
1103,-0.0006899999999999906
1104,0.00016221428571431114
1105,0.00024632142857135313
1106,-0.0006715714285714317
1107,-0.0015286071428571699
1108,-0.0016080000000000285
1109,-0.0009517500000000163
1110,-0.00012675000000003577
1111,0.00016082142857146866
1112,-0.00046896428571430805
1113,-0.001380749999999991
1114,-0.0016975714285714157
1115,-0.001124250000000033
1116,-0.00020142857142855876
1117,0.00026035714285710707
1118,-0.00014421428571430742
1119,-0.001125321428571421
1120,-0.0019150714285714038
1121,-0.0017346428571428873
1122,-0.0006729642857142741
1123,0.0003324642857142988
1124,0.0006138214285713721
1125,-0.00037275000000001055
1126,-0.0016301785714285596
1127,-0.0019301785714285456
1128,-0.0011537142857143072
1129,-0.00024825000000000384
1130,0.00015171428571432802
1131,-0.0003020357142857374
1132,-0.0012332142857142665
1133,-0.001708607142857131
1134,-0.00140582142857146
1135,-0.0004831071428571627
1136,0.00026507142857136657
1137,0.0001453928571428723
1138,-0.0007128214285714307
1139,-0.001429178571428556
1140,-0.0013726071428571374
1141,-0.00032003571428574116
1142,0.0007028571428571796
1143,0.001031571428571354
1144,0.0005366785714285426
1145,-0.0002959285714285593
1146,-0.0006354642857143235
1147,-0.0001546071428571137
1148,0.0005133214285714465
1149,0.0007084285714285495
1150,0.00017892857142857313
1151,-0.0007939285714285863
1152,-0.0015739285714285955
1153,-0.0015336428571428838
1154,-0.0005973214285714638
1155,0.00032346428571433504
1156,0.0005183571428570843
1157,-0.0002452499999999651
1158,-0.0011021785714286025
1159,-0.0013524642857142817
1160,-0.0006624642857142911
1161,0.00034982142857146976
1162,0.0008172857142856823
1163,0.00029421428571433847
1164,-0.0007085357142857264
1165,-0.0012707142857142932
1166,-0.0009153214285714536
1167,7.617857142854234e-05
1168,0.0008413928571428641
1169,0.0006774642857143322
1170,-0.00028971428571428047
1171,-0.0011179285714285772
1172,-0.0011533928571428526
1173,-0.0002979642857143107
1174,0.000608464285714356
1175,0.0008846785714286146
1176,0.00019210714285721663
1177,-0.0008282142857142968
1178,-0.00129760714285716
1179,-0.0007335000000000186
1180,0.0002660357142856538
1181,0.0008420357142857731
1182,0.0004997142857142478
1183,-0.00043907142857140257
1184,-0.0011040000000000002
1185,-0.0009310714285714283
1186,-2.432142857145944e-05
1187,0.0007361785714285268
1188,0.0008430000000000604
1189,4.832142857138828e-05
1190,-0.00088832142857141
1191,-0.0010991785714285639
1192,-0.0003523928571428771
1193,0.0005622857142857438
1194,0.0008478214285714968
1195,0.00028285714285709266
1196,-0.00048075000000003296
1197,-0.0006337500000000265
1198,-8.807142857144408e-05
1199,0.0005036785714285738
1200,0.0005344285714285897
1201,0.00015021428571430865
1202,-0.00032357142857143575
1203,-0.00039021428571428226
1204,1.0928571428538345e-05
1205,0.0005831785714285331
1206,0.0007279285714284965
1207,0.0005131071428570928
1208,5.035714285713969e-05
1209,-8.271428571427565e-05
1210,0.00019917857142860587
1211,0.0007136785714285411
1212,0.000952928571428505
1213,0.0007317857142856456
1214,0.0003864642857142339
1215,0.00014089285714281426
1216,0.00030889285714284906
1217,0.0006977142857142127
1218,0.0010185000000000396
1219,0.0008780357142857806
1220,0.0004853571428571156
1221,0.0001433571428571209
1222,0.00018417857142856471
1223,0.0005504999999999427
1224,0.0010063928571428602
1225,0.0011703214285713923
1226,0.0009228214285713981
1227,0.000436714285714349
1228,0.00010092857142863311
1229,0.0002465357142857069
1230,0.0007072500000000608
1231,0.0010258928571428073
1232,0.0009549642857142565
1233,0.0005560714285714649
1234,0.00010542857142853888
1235,5.9249999999926623e-05
1236,0.0004264285714285673
1237,0.0009612857142857122
1238,0.0009902142857143303
1239,0.0006853928571428318
1240,0.0003410357142857074
1241,0.00022489285714283167
1242,0.0004877142857142453
1243,0.000870428571428507
1244,0.001098642857142908
1245,0.0009559285714285437
1246,0.0004731428571429116
1247,0.00021225000000007252
1248,0.0004068214285714435
1249,0.000702642857142826
1250,0.00102996428571431
1251,0.0010308214285714204
1252,0.0007056428571428646
1253,0.0002588571428570877
1254,0.00026453571428578676
1255,0.0006736071428571831
1256,0.0011528571428571967
1257,0.0012228214285714602
1258,0.0009483214285714224
1259,0.000545357142857128
1260,0.00029732142857140175
1261,0.00042449999999999275
1262,0.0008775000000000485
1263,0.001254642857142788
1264,0.0011511428571428237
1265,0.0008412857142856873
1266,0.0005020714285713776
1267,0.0005427857142856445
1268,0.0009258214285714368
1269,0.0013406785714285567
1270,0.0013201071428571457
1271,0.001011428571428498
1272,0.0006155357142857452
1273,0.0004976785714284964
1274,0.000763928571428504
1275,0.0012024642857142505
1276,0.0013971428571427985
1277,0.0012058928571428444
1278,0.0008009999999999756
1279,0.0005191071428571702
1280,0.00068249999999997
1281,0.0010987499999999325
1282,0.0014092499999999778
1283,0.0013421785714285762
1284,0.0009912857142856423
1285,0.0005695714285714867
1286,0.0006097500000000216
1287,0.0009756428571428444
1288,0.0013985357142856408
1289,0.0014708571428571865
1290,0.0012192857142856895
1291,0.0007928571428571222
1292,0.0005977500000000191
1293,0.0007865357142856664
1294,0.0011667857142857738
1295,0.0014808214285714375
1296,0.0014011071428571243
1297,0.0010239642857142327
1298,0.0006649285714285977
1299,0.0007465714285714853
1300,0.0011126785714285095
1301,0.0014675357142857695
1302,0.0014360357142856677
1303,0.0011383928571428877
1304,0.0007176428571428671
1305,0.0006093214285714664
1306,0.0008824285714285094
1307,0.0013475357142857444
1308,0.0015184285714286412
1309,0.0012611785714285973
1310,0.0008053928571428567
1311,0.0005641071428571414
1312,0.000774535714285664
1313,0.0011720357142857654
1314,0.0015081428571428596
1315,0.0014249999999999526
1316,0.0010270714285714481
1317,0.0005849999999999308
1318,0.0006072857142857149
1319,0.0009007499999999677
1320,0.0013587857142856612
1321,0.001557428571428535
1322,0.0013847142857142407
1323,0.0009728571428571594
1324,0.0008552142857142643
1325,0.001271892857142782
1326,0.001884857142857196
1327,0.002211749999999973
1328,0.002123571428571428
1329,0.0017628214285714198
1330,0.0012374999999999708
1331,0.0009970714285713659
1332,0.0011001428571429273
1333,0.0013310357142856841
1334,0.0012233571428571922
1335,0.0008710714285714159
1336,0.00032989285714281536
1337,0.0001300714285714528
1338,0.000573857142857191
1339,0.0012091071428570847
1340,0.0014273571428570823
1341,0.0012170357142857367
1342,0.0007575000000000237
1343,0.0004856785714286462
1344,0.0006672857142857273
1345,0.0010861071428571734
1346,0.0014779285714285758
1347,0.0014703214285714543
1348,0.0010663928571428727
1349,0.0006458571428572059
1350,0.0007107857142856793
1351,0.001007678571428526
1352,0.001352785714285736
1353,0.0013931785714286248
1354,0.0012984642857142704
1355,0.0009778928571427972
1356,0.0007585714285714877
1357,0.0009126428571427932
1358,0.0012561428571428073
1359,0.001630500000000014
1360,0.0015646071428571011
1361,0.0011195357142856973
1362,0.0007677857142856531
1363,0.0008935714285714016
1364,0.0012384642857142581
1365,0.0016690714285713527
1366,0.001727035714285766
1367,0.001421464285714334
1368,0.0009560357142857206
1369,0.0008540357142857756
1370,0.001135928571428581
1371,0.0015946071428571836
1372,0.001767642857142856
1373,0.0016276071428571522
1374,0.0012202499999999768
1375,0.0009148928571428984
1376,0.001073464285714262
1377,0.0014523214285713745
1378,0.001833000000000037
1379,0.0018261428571428493
1380,0.0015229285714285468
1381,0.0011490000000000476
1382,0.0011390357142856444
1383,0.0015020357142857576
1384,0.002016535714285693
1385,0.0021398571428571348
1386,0.001805142857142883
1387,0.0013119642857142924
1388,0.0011903571428570712
1389,0.0013955357142857545
1390,0.0018004285714286234
1391,0.0020206071428571955
1392,0.0018718928571429063
1393,0.0015187500000000194
1394,0.001160035714285763
1395,0.0012431785714285175
1396,0.0016230000000000697
1397,0.0019697142857143237
1398,0.001912178571428618
1399,0.001613892857142929
1400,0.0011817857142856626
1401,0.0010618928571428147
1402,0.0012875357142857321
1403,0.0017261785714285033
1404,0.0019021071428571902
1405,0.00167742857142856
1406,0.0012335357142856448
1407,0.0009606428571428032
1408,0.0011001428571429273
1409,0.0014805000000000592
1410,0.001866964285714293
1411,0.0018024642857142226
1412,0.0013766785714285643
1413,0.0009351428571429312
1414,0.0009147857142857216
1415,0.0012087857142857063
1416,0.0016307142857142156
1417,0.0017607857142856683
1418,0.0015766071428571036
1419,0.0011108571428571118
1420,0.0008826428571428632
1421,0.001070785714285754
1422,0.0014606785714285817
1423,0.0017320714285714038
1424,0.0016220357142857824
1425,0.001249714285714327
1426,0.0008659285714286012
1427,0.0009320357142857156
1428,0.0012946071428571215
1429,0.00167742857142856
1430,0.0016766785714286264
1431,0.0013544999999999569
1432,0.0009150000000000753
1433,0.000810857142857202
1434,0.0010413214285714036
1435,0.0015249642857142983
1436,0.0017383928571428596
1437,0.0014951785714285698
1438,0.0010392857142856521
1439,0.000733285714285665
1440,0.0008630357142857393
1441,0.0012522857142856583
1442,0.0015958928571428491
1443,0.0015169285714286217
1444,0.0011486785714285171
1445,0.0007355357142857701
1446,0.0007088571428571047
1447,0.0010586785714285746
1448,0.0014960357142856802
1449,0.0015892500000000151
1450,0.0013393928571428912
1451,0.0008589642857142366
1452,0.0006599999999999844
1453,0.0008978571428571059
1454,0.001314964285714331
1455,0.0015868928571428852
1456,0.0014443928571428748
1457,0.001014857142857092
1458,0.0006783214285714426
1459,0.0007227857142856818
1460,0.0011708571428571243
1461,0.00167507142857143
1462,0.0015935357142857194
1463,0.0012024642857142505
1464,0.0007973571428571801
1465,0.0007418571428570736
1466,0.00093953571428566
1467,0.0013597499999999485
1468,0.001542964285714226
1469,0.0014348571428571789
1470,0.001123071428571468
1471,0.0008423571428571514
1472,0.000959678571428516
1473,0.0013192500000000352
1474,0.001663392857142806
1475,0.0016056428571428988
1476,0.0012112500000000129
1477,0.0007465714285714853
1478,0.0007918928571428349
1479,0.0012704999999999396
1480,0.0017657142857142815
1481,0.0017927142857143252
1482,0.0015048214285714424
1483,0.000992142857142905
1484,0.0007688571428571172
1485,0.0009431785714286077
1486,0.0014112857142857293
1487,0.0017196428571428462
1488,0.0016431428571429254
1489,0.0012247500000000348
1490,0.0008365714285714278
1491,0.0009331071428571797
1492,0.00132996428571422
1493,0.001730357142857183
1494,0.0016486071428571186
1495,0.0012885000000000194
1496,0.0008271428571429088
1497,0.0008361428571428726
1498,0.0012113571428571898
1499,0.001633392857142876
1500,0.0017226428571428848
1501,0.0015250714285714752
1502,0.0011008928571428608
1503,0.0008182499999999696
1504,0.0010370357142856993
1505,0.0015482142857142175
1506,0.0019319999999999433
1507,0.0019460357142856973
1508,0.0017636785714285302
1509,0.0015131785714284974
1510,0.0016641428571428918
1511,0.0020729999999999343
1512,0.002586321428571381
1513,0.002660464285714324
1514,0.0021696428571428635
1515,0.0013676785714286004
1516,0.0008899285714286062
1517,0.0009729642857143363
1518,0.001362964285714341
1519,0.0015572142857143336
1520,0.0013569642857142637
1521,0.001028785714285669
1522,0.0007736785714285535
1523,0.0008846785714286146
1524,0.0012774642857143043
1525,0.0017525357142857904
1526,0.0017165357142857828
1527,0.001369607142857175
1528,0.0009713571428571401
1529,0.0009074999999999785
1530,0.0011711785714285025
1531,0.0016231071428570941
1532,0.001831285714285664
1533,0.0016481785714285632
1534,0.0012196071428570677
1535,0.0009694285714285655
1536,0.0011425714285714151
1537,0.0016052142857143435
1538,0.0019208571428572035
1539,0.001761000000000022
1540,0.0014193214285714057
1541,0.0010720714285714194
1542,0.001108178571428604
1543,0.0014195357142857594
1544,0.0018447857142856858
1545,0.0019298571428571674
1546,0.0016736785714285877
1547,0.0012182142857142253
1548,0.0010137857142857802
1549,0.0012031071428571596
1550,0.0016437857142856823
1551,0.0019321071428571202
1552,0.0018205714285714793
1553,0.0014344285714286238
1554,0.0010951071428571373
1555,0.001143107142857147
1556,0.0015283928571428922
1557,0.0019480714285714485
1558,0.001924499999999999
1559,0.0016169999999999924
1560,0.0011920714285714442
1561,0.001132499999999987
1562,0.0013999285714286357
1563,0.0018386785714285838
1564,0.0020163214285714914
1565,0.0018387857142857606
1566,0.0013811785714286224
1567,0.0011049642857142114
1568,0.0012617142857143295
1569,0.001696392857142927
1570,0.00202253571428577
1571,0.0018568928571428651
1572,0.0014872500000000701
1573,0.0011341071428571834
1574,0.001186607142857099
1575,0.0014769642857142885
1576,0.0018182142857143496
1577,0.0017456785714286026
1578,0.001409678571428533
1579,0.001037785714285785
1580,0.000978107142857151
1581,0.0012760714285714617
1582,0.0016972500000000375
1583,0.0018814285714286022
1584,0.001709142857142863
1585,0.0012433928571428713
1586,0.0008199642857143427
1587,0.0007836428571428046
1588,0.0012511071428571695
1589,0.0018593571428571717
1590,0.0018161785714285981
1591,0.0013033928571428838
1592,0.0008578928571429246
1593,0.0009670714285714358
1594,0.0012401785714286312
1595,0.0015896785714285702
1596,0.0016705714285713722
1597,0.0014356071428571124
1598,0.0010382142857143404
1599,0.0007782857142857885
1600,0.0009858214285714492
1601,0.00144482142857143
1602,0.0016781785714286457
1603,0.0015008571428571165
1604,0.0011863928571428975
1605,0.0008711785714285928
1606,0.0007880357142856858
1607,0.0010869642857142838
1608,0.0015464999999999967
1609,0.001701428571428565
1610,0.0014712857142857416
1611,0.00099257142857146
1612,0.000822428571428497
1613,0.0010077857142857028
1614,0.0014913214285714206
1615,0.0017924999999999714
1616,0.0016110000000000672
1617,0.0011428928571427933
1618,0.0008147142857143511
1619,0.0009537857142857676
1620,0.0013281428571428223
1621,0.0016926428571428025
1622,0.001637142857142848
1623,0.001297071428571428
1624,0.0008901428571428077
1625,0.0008666785714285348
1626,0.0011488928571428707
1627,0.001589892857142924
1628,0.0017196428571428462
1629,0.0014725714285714073
1630,0.0010262142857143377
1631,0.0007941428571427878
1632,0.0009581785714284966
1633,0.001384071428571484
1634,0.0017209285714285118
1635,0.0015961071428572029
1636,0.0011756785714285606
1637,0.0007886785714285948
1638,0.0008352857142857622
1639,0.0011619642857143373
1640,0.0015763928571429023
1641,0.0016222499999999837
1642,0.001337892857142872
1643,0.0008902499999999845
1644,0.0007653214285714987
1645,0.000986464285714358
1646,0.0014110714285713755
1647,0.0016554642857143063
1648,0.0015012857142856716
1649,0.0010659642857143174
1650,0.0007424999999999824
1651,0.0008574642857142172
1652,0.0012226071428571065
1653,0.0015940714285714514
1654,0.0015763928571429023
1655,0.0012331071428570897
1656,0.0008040000000000142
1657,0.0007739999999999319
1658,0.001099607142857195
1659,0.0015229285714285468
1660,0.0015849642857143108
1661,0.0013302857142857504
1662,0.0009371785714285304
1663,0.0007700357142857582
1664,0.0010195714285715037
1665,0.0013909285714285196
1666,0.0016183928571428348
1667,0.0015042857142857104
1668,0.0011220000000000039
1669,0.0007373571428571677
1670,0.0007736785714285535
1671,0.0010886785714285046
1672,0.00149282142857144
1673,0.0014931428571428183
1674,0.0011977499999999911
1675,0.000727178571428563
1676,0.0005616428571428348
1677,0.0007702499999999597
1678,0.001234499999999932
1679,0.0014206071428570714
1680,0.0011780357142856905
1681,0.0008166428571429257
1682,0.0005870357142856822
1683,0.0007023214285714475
1684,0.0010669285714286047
1685,0.001345714285714347
1686,0.0012069642857143086
1687,0.0009213214285713787
1688,0.0005823214285714227
1689,0.0006337500000000265
1690,0.0009791785714286152
1691,0.0013309285714285073
1692,0.0014638928571428218
1693,0.0014513571428570872
1694,0.0013486071428572086
1695,0.00140421428571434
1696,0.0015851785714285122
1697,0.001994678571428616
1698,0.002330249999999978
1699,0.0019938214285713535
1700,0.0013306071428571288
1701,0.0006517499999999541
1702,0.0005271428571428467
1703,0.0007878214285714844
1704,0.0010660714285714943
1705,0.0010168928571428434
1706,0.0007880357142856858
1707,0.00044935714285710814
1708,0.00043007142857136267
1709,0.0008393571428571127
1710,0.0013279285714286207
1711,0.0015505714285714996
1712,0.0014094642857143316
1713,0.0009615000000000659
1714,0.0006082500000000022
1715,0.0007225714285714804
1716,0.0011740714285713644
1717,0.001606607142857186
1718,0.0015593571428571095
1719,0.0012029999999999827
1720,0.000816964285714304
1721,0.0008158928571428398
1722,0.0011482499999999618
1723,0.0014734285714285177
1724,0.0015370714285714777
1725,0.0014155714285714336
1726,0.0010346785714285696
1727,0.0008434285714286156
1728,0.0009939642857143027
1729,0.0014032500000000527
1730,0.0017697857142857844
1731,0.0016247142857142905
1732,0.0012302142857142278
1733,0.0008763214285714075
1734,0.0009231428571429286
1735,0.0013105714285714498
1736,0.0017485714285714643
1737,0.0017703214285713642
1738,0.0014886428571429125
1739,0.0010570714285713784
1740,0.0009544285714285244
1741,0.0012175714285714687
1742,0.0016688571428571514
1743,0.0018443571428571304
1744,0.001633928571428608
1745,0.0012481071428571309
1746,0.0009890357142856893
1747,0.0011100000000000014
1748,0.0015452142857143311
1749,0.0019330714285714075
1750,0.0018792857142856739
1751,0.0015459642857142647
1752,0.0011065714285714075
1753,0.0010647857142856766
1754,0.0013452857142856394
1755,0.0018012857142857338
1756,0.0019152857142856812
1757,0.0016522500000000662
1758,0.0012259285714285235
1759,0.0010235357142856774
1760,0.0011981785714285462
1761,0.0016130357142856663
1762,0.0018783214285713866
1763,0.0017308928571429152
1764,0.0013531071428571145
1765,0.0010055357142857498
1766,0.0010859999999999965
1767,0.00143925000000006
1768,0.001778357142857193
1769,0.001721892857142799
1770,0.0013708928571428405
1771,0.0009327857142856492
1772,0.0008017500000000613
1773,0.0010090714285713683
1774,0.0014670000000000373
1775,0.0016425000000000166
1776,0.0014064642857142928
1777,0.0009850714285713634
1778,0.0007266428571428309
1779,0.0008634642857142945
1780,0.0012127500000000322
1781,0.0015009642857142934
1782,0.0014033571428570773
1783,0.0010236428571428543
1784,0.0005897142857143426
1785,0.0005528571428570724
1786,0.0007944642857143183
1787,0.0012561428571428073
1788,0.001448250000000024
1789,0.0011828571428571268
1790,0.0007904999999999924
1791,0.0006634285714285783
1792,0.0008271428571429088
1793,0.0010032857142856448
1794,0.0011284285714286365
1795,0.0013742142857142577
1796,0.001231178571428515
1797,0.000755035714285717
1798,0.0006786428571428209
1799,0.0009726428571428058
1800,0.0013303928571429273
1801,0.0013404642857143554
1802,0.0010893214285714135
1803,0.0006742499999999398
1804,0.000639107142857195
1805,0.0008754642857142971
1806,0.0012316071428570704
1807,0.001371749999999951
1808,0.001155857142857083
1809,0.0007097142857142152
1810,0.0005450357142857497
1811,0.0007497857142857255
1812,0.001210607142857104
1813,0.001529678571428558
1814,0.001431428571428585
1815,0.00104614285714284
1816,0.0005968928571429088
1817,0.0005678571428571137
1818,0.0008446071428571043
1819,0.001294285714285743
1820,0.0014556428571427915
1821,0.001231821428571424
1822,0.000759535714285775
1823,0.0005836071428570883
1824,0.0008599285714285238
1825,0.0013460357142857252
1826,0.0016376785714285803
1827,0.0014652857142856642
1828,0.0010164642857142883
1829,0.0006808928571429261
1830,0.0008041071428571911
1831,0.001101321428571416
1832,0.0014868214285713626
1833,0.001564714285714278
1834,0.0012740357142857104
1835,0.0007779642857142578
1836,0.0006530357142857721
1837,0.0009623571428571763
1838,0.001430357142857121
1839,0.001564178571428546
1840,0.0013755000000000754
1841,0.0009583928571428504
1842,0.0006939642857142405
1843,0.000864857142857137
1844,0.0012516428571429014
1845,0.0015682500000000488
1846,0.0014918571428571526
1847,0.0011184642857142333
1848,0.0006954642857142598
1849,0.0007529999999999656
1850,0.0010841785714285988
1851,0.001485642857142874
1852,0.0016024285714285062
1853,0.0013572857142856419
1854,0.0008740714285714546
1855,0.0006793928571429068
1856,0.0008121428571428676
1857,0.001167214285714329
1858,0.0014819999999999263
1859,0.0014172857142856544
1860,0.0009697499999999439
1861,0.0005871428571428591
1862,0.0006784285714286195
1863,0.0011195357142856973
1864,0.0014929285714286168
1865,0.0014435357142857643
1866,0.0011136428571427968
1867,0.0007022142857142708
1868,0.000648535714285714
1869,0.000846964285714234
1870,0.0012082499999999743
1871,0.0014060357142857377
1872,0.0012537857142856776
1873,0.0008568214285714606
1874,0.0007038214285714669
1875,0.0010756071428571902
1876,0.0016910357142857586
1877,0.002106642857142812
1878,0.002089392857142818
1879,0.0017797500000000354
1880,0.0014472857142857367
1881,0.0013632857142857192
1882,0.001351714285714272
1883,0.0014066785714286466
1884,0.0012309642857143135
1885,0.0008395714285714665
1886,0.0003211071428572053
1887,0.00011560714285714368
1888,0.00035282142857135615
1889,0.0008736428571428994
1890,0.0013044642857143478
1891,0.0011673214285713536
1892,0.0005953928571428894
1893,0.00013649999999993312
1894,0.00025992857142855187
1895,0.0006521785714285093
1896,0.0010894285714285904
1897,0.0012526071428571887
1898,0.001073571428571439
1899,0.0005558571428571111
1900,0.00044399999999993967
1901,0.0007557857142856505
1902,0.001205678571428643
1903,0.0013682142857143326
1904,0.0012167142857143582
1905,0.0008071071428570776
1906,0.0005887500000000553
1907,0.0007277142857142951
1908,0.0011262857142857084
1909,0.0015701785714286234
1910,0.0015736071428572172
1911,0.0010914642857143418
1912,0.0005830714285713562
1913,0.0005801785714286467
1914,0.0009221785714286414
1915,0.0013579285714285507
1916,0.001343357142857217
1917,0.0012016071428571401
1918,0.0008514642857142921
1919,0.0006665357142856416
1920,0.0008386071428571792
1921,0.001196142857142795
1922,0.0014900357142857551
1923,0.0013828928571428432
1924,0.0008551071428570875
1925,0.00039803571428568115
1926,0.0005412857142857774
1927,0.0010251428571428738
1928,0.0014192142857142288
1929,0.0012450000000000675
1930,0.0008178214285714144
1931,0.000360214285714276
1932,0.00022382142857136752
1933,0.00037800000000000214
1934,0.0007040357142856684
1935,0.0008005714285714204
1936,0.0004468928571428015
1937,-0.00015364285714282642
1938,-0.0004952142857142659
1939,-0.000492321428571404
1940,-0.00034767857142854145
1941,-0.00018964285714283388
1942,-0.0004558928571428414
1943,-0.0009905357142857088
1944,-0.0015343928571428934
1945,-0.0015868928571428852
1946,-0.0012945000000000207
1947,-0.0009476785714285895
1948,-0.0010157142857142784
1949,-0.0014873571428571709
1950,-0.0021467142857143225
1951,-0.0024617142857142733
1952,-0.0023000357142856946
1953,-0.0018371785714285645
1954,-0.0015622499999999714
1955,-0.0018807857142856931
1956,-0.0026988214285714614
1957,-0.003563785714285699
1958,-0.004044964285714287
1959,-0.003994821428571425
1960,-0.0033622499999999634
1961,-0.0028750714285714503
1962,-0.003203999999999978
1963,-0.004327071428571447
1964,-0.005407178571428543
1965,-0.005805107142857123
1966,-0.005282142857142879
1967,-0.004593
1968,-0.004384714285714253
1969,-0.005103964285714317
1970,-0.006165214285714298
1971,-0.006768964285714318
1972,-0.006531107142857121
1973,-0.005616857142857132
1974,-0.004979357142857133
1975,-0.0053423571428571695
1976,-0.00643585714285711
1977,-0.007355249999999991
1978,-0.007509214285714272
1979,-0.006965785714285719
1980,-0.006363535714285717
1981,-0.006144964285714266
1982,-0.006604607142857155
1983,-0.0074110714285714
1984,-0.00804235714285712
1985,-0.007722535714285732
1986,-0.00686282142857141
1987,-0.006340285714285722
1988,-0.006766392857142835
1989,-0.007839749999999996
1990,-0.008610857142857142
1991,-0.008439428571428589
1992,-0.007527428571428553
1993,-0.006820392857142846
1994,-0.006841071428571434
1995,-0.007718785714285684
1996,-0.008645035714285753
1997,-0.008830928571428538
1998,-0.00799124999999997
1999,-0.006963214285714311
2000,-0.006642321428571459
2001,-0.007408285714285715
2002,-0.008527714285714312
2003,-0.009064071428571399
2004,-0.008644392857142844
2005,-0.0076043571428571054
2006,-0.006834964285714256
2007,-0.0070522499999999665
2008,-0.008125607142857127
2009,-0.008950607142857107
2010,-0.008895964285714264
2011,-0.008044821428571427
2012,-0.007188428571428597
2013,-0.006942750000000001
2014,-0.0075295714285714055
2015,-0.008420571428571399
2016,-0.008903464285714285
2017,-0.008368392857142862
2018,-0.007360928571428537
2019,-0.006756642857142861
2020,-0.007047857142857161
2021,-0.007995428571428573
2022,-0.008635821428571435
2023,-0.008410392857142871
2024,-0.007493892857142853
2025,-0.006779571428571402
2026,-0.006932142857142841
2027,-0.00778928571428568
2028,-0.008624464285714265
2029,-0.008734714285714316
2030,-0.007888285714285738
2031,-0.007038321428571466
2032,-0.006831428571428561
2033,-0.007545000000000001
2034,-0.008544107142857119
2035,-0.009102107142857158
2036,-0.008693035714285686
2037,-0.007647107142857124
2038,-0.006986357142857129
2039,-0.007322250000000022
2040,-0.008369464285714251
2041,-0.009101678571428603
2042,-0.009041785714285691
2043,-0.008178107142857119
2044,-0.0073543928571428805
2045,-0.007249714285714275
2046,-0.008040428571428546
2047,-0.009034714285714302
2048,-0.009438535714285707
2049,-0.00869282142857141
2050,-0.007542535714285695
2051,-0.007098642857142856
2052,-0.007600500000000033
2053,-0.008554607142857178
2054,-0.009000428571428591
2055,-0.008513142857142825
2056,-0.007406678571428595
2057,-0.006526071428571407
2058,-0.006634607142857162
2059,-0.007780178571428539
2060,-0.00903257142857145
2061,-0.009459214285714295
2062,-0.008758607142857144
2063,-0.007860428571428584
2064,-0.007570500000000026
2065,-0.008249892857142857
2066,-0.00917978571428572
2067,-0.009483964285714309
2068,-0.008904000000000016
2069,-0.008052321428571447
2070,-0.007494535714285685
2071,-0.007549714285714261
2072,-0.008405785714285713
2073,-0.0093611785714286
2074,-0.009476035714285734
2075,-0.008481107142857144
2076,-0.007520785714285719
2077,-0.007412464285714318
2078,-0.008192785714285706
2079,-0.009038357142857174
2080,-0.009226928571428544
2081,-0.008459892857142824
2082,-0.0074660357142856985
2083,-0.0071148214285714625
2084,-0.007737749999999975
2085,-0.008749071428571448
2086,-0.009402964285714254
2087,-0.009115285714285725
2088,-0.008029607142857107
2089,-0.0072814285714285784
2090,-0.007379678571428551
2091,-0.008285892857142865
2092,-0.009163821428571391
2093,-0.009268178571428542
2094,-0.008510464285714317
2095,-0.007608321428571431
2096,-0.007244357142857107
2097,-0.007814999999999982
2098,-0.00877478571428575
2099,-0.009159857142857141
2100,-0.008628000000000035
2101,-0.007642499999999965
2102,-0.007052571428571421
2103,-0.0073295357142856895
2104,-0.008270357142857168
2105,-0.008935821428571421
2106,-0.00877478571428575
2107,-0.007875428571428549
2108,-0.007029214285714249
2109,-0.006844500000000028
2110,-0.00760317857142854
2111,-0.008506178571428538
2112,-0.008776499999999972
2113,-0.008089714285714297
2114,-0.007028678571428593
2115,-0.006478821428571407
2116,-0.0070030714285713915
2117,-0.00796285714285716
2118,-0.008517857142857162
2119,-0.00827024999999999
2120,-0.007292357142857117
2121,-0.006542678571428568
2122,-0.006551785714285709
2123,-0.007286892857142848
2124,-0.00806196428571432
2125,-0.008160857142857126
2126,-0.007328785714285679
2127,-0.006429535714285731
2128,-0.0061872857142857285
2129,-0.006861107142857113
2130,-0.007775571428571456
2131,-0.008191285714285687
2132,-0.007698214285714273
2133,-0.006720964285714308
2134,-0.006131999999999976
2135,-0.006507107142857116
2136,-0.007522178571428562
2137,-0.008252999999999996
2138,-0.008163749999999987
2139,-0.0072926785714285715
2140,-0.006463607142857164
2141,-0.006366750000000034
2142,-0.0071957142857142645
2143,-0.008143178571428576
2144,-0.00845560714285712
2145,-0.007827964285714271
2146,-0.006808392857142844
2147,-0.006279428571428599
2148,-0.006747107142857166
2149,-0.007703035714285709
2150,-0.008334535714285708
2151,-0.008024892857142849
2152,-0.006978642857142832
2153,-0.0061987499999999985
2154,-0.006269357142857171
2155,-0.007311642857142862
2156,-0.008240571428571439
2157,-0.008222035714285703
2158,-0.007241571428571422
2159,-0.006186321428571441
2160,-0.005830607142857147
2161,-0.00644957142857141
2162,-0.007416321428571391
2163,-0.007714928571428535
2164,-0.0070631785714285805
2165,-0.005993892857142846
2166,-0.005362714285714303
2167,-0.005589428571428609
2168,-0.006282321428571461
2169,-0.006552535714285718
2170,-0.006136821428571412
2171,-0.005320928571428572
2172,-0.0048852857142856875
2173,-0.005210999999999975
2174,-0.005976964285714307
2175,-0.006317892857142837
2176,-0.00600439285714283
2177,-0.0052480714285714465
2178,-0.00477289285714286
2179,-0.0047754642857142674
2180,-0.00524400000000002
2181,-0.0056944285714285925
2182,-0.005632714285714283
2183,-0.005067535714285677
2184,-0.004433464285714272
2185,-0.00431753571428575
2186,-0.004726821428571425
2187,-0.005348357142857171
2188,-0.005433000000000021
2189,-0.00506646428571429
2190,-0.004598035714285713
2191,-0.004477285714285679
2192,-0.0047455714285714375
2193,-0.005335607142857158
2194,-0.005734500000000027
2195,-0.0056792142857142736
2196,-0.005199321428571427
2197,-0.0048228214285714445
2198,-0.005033999999999977
2199,-0.005670749999999966
2200,-0.006242678571428582
2201,-0.006314678571428597
2202,-0.005957678571428561
2203,-0.005485928571428568
2204,-0.0054088928571428396
2205,-0.005760749999999985
2206,-0.006354642857142855
2207,-0.006621214285714316
2208,-0.006416571428571442
2209,-0.005855892857142894
2210,-0.0055888928571428765
2211,-0.005737821428571444
2212,-0.006193714285714285
2213,-0.006537214285714299
2214,-0.006375642857142821
2215,-0.005849678571428539
2216,-0.0053879999999999735
2217,-0.005353499999999986
2218,-0.005665392857142873
2219,-0.0060243214285714075
2220,-0.006004821428571461
2221,-0.005692928571428573
2222,-0.0051802500000000355
2223,-0.004983214285714282
2224,-0.005164714285714262
2225,-0.005595214285714256
2226,-0.005779071428571442
2227,-0.005514214285714278
2228,-0.004910892857142889
2229,-0.004368642857142824
2230,-0.004243178571428606
2231,-0.004448892857142869
2232,-0.0046389642857142584
2233,-0.004477285714285679
2234,-0.003930642857142885
2235,-0.003284357142857124
2236,-0.003202071428571404
2237,-0.003612749999999996
2238,-0.0043459285714285605
2239,-0.004804178571428608
2240,-0.004667357142857144
2241,-0.004149214285714261
2242,-0.00400425000000002
2243,-0.004170642857142859
2244,-0.004359321428571405
2245,-0.004430999999999966
2246,-0.004294821428571411
2247,-0.003939857142857127
2248,-0.003623035714285702
2249,-0.003626464285714296
2250,-0.003828214285714309
2251,-0.004096071428571437
2252,-0.004042928571428536
2253,-0.0037295357142857048
2254,-0.00327771428571429
2255,-0.003160821428571405
2256,-0.003357642857142881
2257,-0.003750750000000025
2258,-0.0038987142857143044
2259,-0.0036894642857142708
2260,-0.0032893928571428384
2261,-0.0030442499999999736
2262,-0.003081428571428546
2263,-0.0034094999999999638
2264,-0.003712071428571433
2265,-0.0036109285714285987
2266,-0.003283821428571392
2267,-0.002947607142857121
2268,-0.002939785714285722
2269,-0.003169071428571435
2270,-0.0035422500000000007
2271,-0.0036093214285714023
2272,-0.0033466071428571655
2273,-0.0029277857142857196
2274,-0.00279364285714284
2275,-0.0029497499999999732
2276,-0.003310714285714259
2277,-0.0035502857142856773
2278,-0.003386464285714322
2279,-0.0029382857142857027
2280,-0.002590392857142884
2281,-0.0026285357142857434
2282,-0.0029201785714285983
2283,-0.003312214285714278
2284,-0.0032556428571428597
2285,-0.002778857142857153
2286,-0.002319749999999995
2287,-0.002229964285714254
2288,-0.0023808214285713954
2289,-0.0028044642857142778
2290,-0.0030020357142856876
2291,-0.0027862499999999966
2292,-0.0023469642857143163
2293,-0.0020769642857142606
2294,-0.002192785714285682
2295,-0.0025134642857142556
2296,-0.0027505714285714434
2297,-0.002648142857142867
2298,-0.002318464285714253
2299,-0.00196628571428573
2300,-0.001975178571428593
2301,-0.002251071428571397
2302,-0.0026393571428571048
2303,-0.0027220714285714565
2304,-0.0024875357142857524
2305,-0.002030249999999992
2306,-0.001857428571428597
2307,-0.002031857142857112
2308,-0.0024341785714285737
2309,-0.0026996785714285716
2310,-0.002596392857142885
2311,-0.00225835714285714
2312,-0.0019670357142857397
2313,-0.002028749999999973
2314,-0.0023165357142856786
2315,-0.002641500000000033
2316,-0.002646642857142848
2317,-0.002373321428571451
2318,-0.0019291071428571575
2319,-0.0018436071428571208
2320,-0.0021256071428571795
2321,-0.0026061428571428585
2322,-0.0028287857142857372
2323,-0.0025510714285714594
2324,-0.0020500714285713937
2325,-0.001718142857142827
2326,-0.001742571428571463
2327,-0.002108357142857109
2328,-0.0024275357142857397
2329,-0.002345250000000019
2330,-0.002029178571428604
2331,-0.0016989642857142583
2332,-0.001657821428571436
2333,-0.0019100357142856897
2334,-0.0023493214285714463
2335,-0.002427214285714285
2336,-0.0021491785714285528
2337,-0.001616035714285705
2338,-0.0014982857142857092
2339,-0.001823464285714265
2340,-0.0022664999999999933
2341,-0.0023462142857143065
2342,-0.001964678571428534
2343,-0.0016186071428571124
2344,-0.0014222142857142676
2345,-0.0015018214285714038
2346,-0.0017099999999999735
2347,-0.0019452857142856876
2348,-0.0019686428571428598
2349,-0.0015945000000000067
2350,-0.0010604999999999723
2351,-0.0009940714285714032
2352,-0.0012655714285714024
2353,-0.0016825714285714508
2354,-0.0018208928571428577
2355,-0.0016251428571428456
2356,-0.0011887500000000272
2357,-0.0009155357142857312
2358,-0.0010727142857142522
2359,-0.0015420000000000147
2360,-0.00194507142857141
2361,-0.00185410714285718
2362,-0.001410857142857174
2363,-0.001005321428571396
2364,-0.001020428571428538
2365,-0.0014245714285713972
2366,-0.0019362857142857237
2367,-0.0019642499999999786
2368,-0.0015883928571428286
2369,-0.0010977857142857215
2370,-0.0008570357142857381
2371,-0.00103157142857143
2372,-0.001485535714285697
2373,-0.00172146428571432
2374,-0.0015593571428571095
2375,-0.0010890000000000353
2376,-0.0007368214285714357
2377,-0.0008505000000000048
2378,-0.0012590357142857453
2379,-0.0016467857142857209
2380,-0.0016011428571428407
2381,-0.0012355714285713962
2382,-0.0007941428571428639
2383,-0.0006934285714285845
2384,-0.0009247499999999726
2385,-0.001396285714285688
2386,-0.0015726428571428538
2387,-0.001380214285714259
2388,-0.000908892857142821
2389,-0.0006549642857142705
2390,-0.0009273214285714561
2391,-0.001437107142857132
2392,-0.0016718571428571138
2393,-0.0015300000000000123
2394,-0.0011306785714285893
2395,-0.0006887142857142489
2396,-0.0006579642857143091
2397,-0.0010635000000000108
2398,-0.0016049999999999897
2399,-0.0016966071428571284
2400,-0.0013753928571428225
2401,-0.0008719285714286025
2402,-0.0006670714285714498
2403,-0.0008711785714285928
2404,-0.0013264285714286014
2405,-0.0016252500000000225
2406,-0.0015162857142857129
2407,-0.0009874285714285692
2408,-0.00053207142857146
2409,-0.0004727142857142803
2410,-0.00068089285714285
2411,-0.0009817500000000225
2412,-0.0008958214285714305
2413,-0.00038860714285716215
2414,0.0002232857142857877
2415,0.00031564285714286
2416,-7.42499999999678e-05
2417,-0.0008594999999999686
2418,-0.0013219285714285434
2419,-0.0012500357142857053
2420,-0.0008973214285714499
2421,-0.0007062857142856974
2422,-0.0008717142857142487
2423,-0.001261285714285698
2424,-0.0014656071428571188
2425,-0.0013783928571428612
2426,-0.001069071428571457
2427,-0.0006138214285714483
2428,-0.0005417142857142565
2429,-0.0009019285714286086
2430,-0.0012376071428571477
2431,-0.0011379642857142563
2432,-0.0007818214285714069
2433,-0.0003521785714285995
2434,-0.0002692499999999701
2435,-0.0004997142857142478
2436,-0.0009194999999999811
2437,-0.0011402142857142852
2438,-0.0010011428571428686
2439,-0.0005309999999999958
2440,-0.0001217142857143218
2441,-0.0001982142857143186
2442,-0.0006012857142857137
2443,-0.001001999999999979
2444,-0.0009466071428571255
2445,-0.0005443928571428407
2446,-8.592857142859194e-05
2447,-2.5392857142847446e-05
2448,-0.0003012857142857277
2449,-0.0007315714285714442
2450,-0.0008243571428571477
2451,-0.0006170357142856885
2452,-0.00017614285714288817
2453,7.167857142863657e-05
2454,-0.00010167857142856665
2455,-0.0005555357142857328
2456,-0.0008020714285714396
2457,-0.0006667499999999954
2458,-0.00024792857142854935
2459,0.00016521428571434984
2460,0.00015996428571435828
2461,-0.00016939285714287727
2462,-0.0006101785714285768
2463,-0.000679821428571462
2464,-0.0003455357142856893
2465,0.00017249999999994055
2466,0.00029742857142857863
2467,3.5035714285720184e-05
2468,-0.00042246428571431744
2469,-0.0006314999999999975
2470,-0.0004523571428571468
2471,8.571428571408594e-06
2472,0.00033310714285720775
2473,0.00021417857142864706
2474,-0.00020689285714282793
2475,-0.0005948571428571573
2476,-0.0005649642857142518
2477,-0.0002306785714285553
2478,0.00019725000000003133
2479,0.00023335714285721565
2480,-5.110714285714936e-05
2481,-0.0004993928571428695
2482,-0.0006464999999999625
2483,-0.00041678571428569453
2484,5.849999999999308e-05
2485,0.00024139285714289217
2486,1.1035714285715211e-05
2487,-0.000437142857142828
2488,-0.0007822499999999621
2489,-0.0006784285714285434
2490,-0.000270428571428535
2491,6.0321428571390765e-05
2492,-4.8535714285742006e-05
2493,-0.0004217142857143078
2494,-0.0008204999999999986
2495,-0.0008642142857143043
2496,-0.0005181428571428829
2497,-6.107142857140044e-05
2498,4.489285714279439e-05
2499,-0.0002006785714285491
2500,-0.0006969642857142792
2501,-0.0009218571428571108
2502,-0.0007145357142857277
2503,-0.0003268928571428528
2504,-8.292857142855325e-05
2505,-0.00019435714285716952
2506,-0.0005965714285714542
2507,-0.0009592500000000369
2508,-0.0009359999999999654
2509,-0.0005808214285714034
2510,-0.00012514285714283955
2511,-5.164285714288143e-05
2512,-0.0003916071428571247
2513,-0.0009996428571428493
2514,-0.0012057857142857439
2515,-0.0008844642857142609
2516,-0.0003962142857142835
2517,-0.00017346428571430396
2518,-0.00022446428571427647
2519,-0.000520285714285735
2520,-0.0008949642857143202
2521,-0.0008857500000000026
2522,-0.00041207142857143503
2523,4.33928571429273e-05
2524,-9.857142857142724e-05
2525,-0.0005085000000000101
2526,-0.0008523214285714025
2527,-0.0008947499999999664
2528,-0.0005731071428571052
2529,-0.00013146428571429527
2530,-0.00014078571428571355
2531,-0.00038335714285717056
2532,-0.000746142857142854
2533,-0.0008774999999999724
2534,-0.0006292499999999685
2535,-0.0001681071428571355
2536,0.0001095000000000417
2537,-4.392857142881163e-06
2538,-0.0004987500000000367
2539,-0.0009299999999999642
2540,-0.0008146071428571743
2541,-0.0004153928571428521
2542,3.621428571436119e-05
2543,0.00013371428571424816
2544,-0.00022242857142860118
2545,-0.0007144285714285508
2546,-0.000752785714285688
2547,-0.0005185714285714381
2548,-0.00012128571428569047
2549,6.0321428571390765e-05
2550,-9.139285714286112e-05
2551,-0.00047453571428567796
2552,-0.0007475357142856965
2553,-0.0005923928571428507
2554,-0.0001656428571428289
2555,0.00016650000000001546
2556,3.514285714289705e-05
2557,-0.00029442857142853996
2558,-0.0005920714285713961
2559,-0.0005831785714286092
2560,-0.00027524999999997137
2561,0.00019682142857147612
2562,0.0003254999999999342
2563,7.907142857140416e-05
2564,-0.00038892857142854047
2565,-0.0005794285714285609
2566,-0.0003721071428571778
2567,8.87142857142769e-05
2568,0.00031349999999993167
2569,2.0357142857209608e-05
2570,-0.0004718571428571699
2571,-0.0008527500000000338
2572,-0.0007387500000000102
2573,-0.00031832142857144417
2574,0.00010553571428571575
2575,6.599999999993754e-05
2576,-0.0003020357142857374
2577,-0.0007816071428571294
2578,-0.0009314999999999836
2579,-0.0007182857142856999
2580,-0.00028392857142855684
2581,-7.842857142857136e-05
2582,-0.00023485714285715887
2583,-0.000671999999999987
2584,-0.0009658928571428709
2585,-0.000847607142857143
2586,-0.0004645714285714269
2587,-0.00012996428571427593
2588,-0.00015117857142859595
2589,-0.0004103571428571381
2590,-0.000646928571428594
2591,-0.0004715357142857154
2592,2.0357142857514126e-06
2593,0.0005818928571428675
2594,0.0007488214285714382
2595,0.0005715000000000612
2596,0.00018010714285721414
2597,-0.00017592857142853445
2598,-0.0003659999999999997
2599,-0.00028232142857143673
2600,-0.00018407142857146397
2601,-0.00034746428571426385
2602,-0.0007581428571428564
2603,-0.0011034642857142682
2604,-0.0009963214285714323
2605,-0.0005910000000000082
2606,-0.00017710714285717547
2607,-0.00014014285714288073
2608,-0.00035871428571425666
2609,-0.0006986785714285761
2610,-0.0007566428571428371
2611,-0.0005205000000000126
2612,-0.00012396428571427468
2613,2.2714285714339357e-05
2614,-0.00014003571428570385
2615,-0.0004882499999999774
2616,-0.0007081071428571712
2617,-0.0005811428571428579
2618,-0.00020196428571429083
2619,0.00012717857142859098
2620,5.346428571435524e-05
2621,-0.0003148928571428503
2622,-0.0007318928571428225
2623,-0.0007313571428571665
2624,-0.00043532142857143037
2625,-6.224999999996531e-05
2626,7.3928571429198496e-06
2627,-0.00020035714285717075
2628,-0.0005827499999999779
2629,-0.0007447500000000115
2630,-0.0005819999999999683
2631,-0.0001543928571428361
2632,8.925000000000896e-05
2633,-1.0607142857160007e-05
2634,-0.0003230357142857037
2635,-0.0005780357142857184
2636,-0.000476785714285707
2637,-0.0001382142857143062
2638,0.0002088214285714786
2639,0.00021182142857136503
2640,-6.696428571430094e-05
2641,-0.00043960714285713466
2642,-0.0004806428571428561
2643,-0.00021546428571431265
2644,0.00021032142857149795
2645,0.00039460714285708727
2646,0.0002556428571428476
2647,-9.535714285711095e-05
2648,-0.00027825000000001004
2649,-0.0001278214285714238
2650,0.00023175000000001943
2651,0.0005120357142857809
2652,0.00048546428571429246
2653,0.00017325000000002636
2654,-0.00023378571428569472
2655,-0.00023121428571428737
2656,0.00017978571428568354
2657,0.0006817500000000365
2658,0.000723214285714237
2659,0.00041378571428565586
2660,3.107142857215552e-06
2661,-0.00012246428571425534
2662,7.885714285720269e-05
2663,0.00046917857142858566
2664,0.0006665357142856416
2665,0.0005227499999999655
2666,0.0001735714285714047
2667,-9.921428571426003e-05
2668,-1.4142857142854635e-05
2669,0.0003347142857142517
2670,0.0006701785714285892
2671,0.0006158571428571235
2672,0.0003142500000000175
2673,-6.5250000000004e-05
2674,-9.203571428569392e-05
2675,0.00018203571428578868
2676,0.0005748214285714783
2677,0.0006781071428570888
2678,0.0004556785714285638
2679,4.317857142857357e-05
2680,-0.00015567857142857785
2681,4.9928571428584484e-05
2682,0.0004498928571428402
2683,0.0007327499999999329
2684,0.0006402857142856838
2685,0.00030246428571421646
2686,-2.5178571428569846e-05
2687,2.507142857146911e-05
2688,0.0003215357142857605
2689,0.0007078928571428174
2690,0.000755035714285717
2691,0.000506892857142814
2692,0.00011914285714291444
2693,1.660714285708512e-05
2694,0.0002329285714285082
2695,0.0006280714285714797
2696,0.0008403214285714
2697,0.0006936428571428621
2698,0.000305571428571432
2699,1.821428571428133e-05
2700,0.0001270714285714141
2701,0.0004928571428572123
2702,0.0008450357142856595
2703,0.0007939285714285863
2704,0.0004860000000000245
2705,0.00015717857142852104
2706,0.000148392857142911
2707,0.0004199999999999347
2708,0.0008266071428571768
2709,0.0009245357142857711
2710,0.0007154999999999388
2711,0.0003252857142857327
2712,0.00014775000000000205
2713,0.00030278571428574705
2714,0.0006731785714286279
2715,0.0009682499999999246
2716,0.0009120000000000366
2717,0.0005309999999999958
2718,0.00014925000000002138
2719,0.0002013214285713819
2720,0.0004983214285714053
2721,0.0008906785714285397
2722,0.0009483214285714224
2723,0.0007145357142856515
2724,0.0002898214285714573
2725,0.00015171428571432802
2726,0.0003893571428570957
2727,0.0008373214285713614
2728,0.0010554642857143345
2729,0.0008714999999999711
2730,0.0004983214285714053
2731,0.0002555357142856707
2732,0.00039246428571431123
2733,0.0007434642857142697
2734,0.0010662857142856958
2735,0.0010113214285714736
2736,0.0006896785714285362
2737,0.00032742857142850873
2738,0.0003367500000000031
2739,0.0005860714285713949
2740,0.0009801428571429025
2741,0.0011021785714285263
2742,0.000905571428571404
2743,0.0005207142857142141
2744,0.0003440357142857461
2745,0.0004886785714285326
2746,0.000874928571428565
2747,0.0011276785714285508
2748,0.0009833571428571426
2749,0.0006089999999999358
2750,0.0002452500000000413
2751,0.00029860714285706737
2752,0.0006425357142857889
2753,0.0010479642857142376
2754,0.0010669285714286047
2755,0.0007806428571429182
2756,0.00038807142857143006
2757,0.000301071428571374
2758,0.0005327142857142166
2759,0.0009387857142857265
2760,0.0011116071428571978
2761,0.0009426428571428756
2762,0.000533142857142924
2763,0.00027364285714292743
2764,0.00040264285714291604
2765,0.0007659642857142554
2766,0.00113421428571436
2767,0.0011719285714285885
2768,0.0009541071428571461
2769,0.0007299642857142479
2770,0.0008379642857142702
2771,0.0011944285714285741
2772,0.001747714285714354
2773,0.002019642857142908
2774,0.0018064285714285485
2775,0.0011396785714285532
2776,0.000570535714285774
2777,0.0004356428571428848
2778,0.0006405000000000375
2779,0.0007959642857143377
2780,0.0007193571428570879
2781,0.0004869642857143118
2782,0.00022682142857140622
2783,0.0002963571428571145
2784,0.0006370714285714435
2785,0.0010217142857142799
2786,0.0010762499999999468
2787,0.0008539285714285988
2788,0.0004910357142856623
2789,0.0004503214285713954
2790,0.0006828214285715007
2791,0.0011100000000000014
2792,0.001283678571428583
2793,0.0010601785714285938
2794,0.0006420000000000568
2795,0.00042739285714285454
2796,0.0005857500000000166
2797,0.0009297857142857627
2798,0.0012122142857143002
2799,0.0011770714285714032
2800,0.0009025714285713654
2801,0.0005619642857142131
2802,0.0006340714285714049
2803,0.0009192857142857795
2804,0.0012841071428571383
2805,0.0013898571428572078
2806,0.0011478214285714067
2807,0.0006849642857142767
2808,0.0004723928571428258
2809,0.0006403928571428606
2810,0.0010618928571428147
2811,0.001351714285714272
2812,0.0012350357142856642
2813,0.000894964285714244
2814,0.0005706428571427986
2815,0.0006275357142857478
2816,0.0009654642857142396
2817,0.0013561071428571532
2818,0.0013741071428570808
2819,0.001100249999999952
2820,0.0006774642857143322
2821,0.0005989285714285079
2822,0.0008146071428571743
2823,0.0012199285714285983
2824,0.0014665714285714822
2825,0.001349464285714319
2826,0.0009472499999999582
2827,0.0006794999999999314
2828,0.0007895357142857051
2829,0.0011304642857142358
2830,0.0014158928571428118
2831,0.0013373571428571397
2832,0.0010487142857143234
2833,0.0006563571428571891
2834,0.0006310714285713662
2835,0.0009226071428571967
2836,0.0013838571428571303
2837,0.0014887499999999372
2838,0.001174392857142895
2839,0.0006999642857143178
2840,0.0005849999999999308
2841,0.0009013928571428766
2842,0.0012895714285714836
2843,0.001432071428571494
2844,0.0012481071428571309
2845,0.0008887499999999652
2846,0.0005855357142856629
2847,0.0006243214285713553
2848,0.0009369642857143288
2849,0.001285821428571359
2850,0.001213928571428521
2851,0.0009051428571428488
2852,0.0005167500000000404
2853,0.00048428571428565145
2854,0.0007205357142857289
2855,0.0010900714285714994
2856,0.0012348214285714627
2857,0.0010537499999999612
2858,0.000645214285714297
2859,0.00035924999999998876
2860,0.0004809642857142344
2861,0.0009445714285714502
2862,0.0013593214285713934
2863,0.0011801785714286187
2864,0.0007977857142857353
2865,0.00048021428571430087
2866,0.0004386428571429235
2867,0.0006615000000000038
2868,0.0011335714285714512
2869,0.0012671785714285224
2870,0.001042178571428514
2871,0.0006130714285714386
2872,0.00041807142857136015
2873,0.000600642857142881
2874,0.0010161428571429099
2875,0.0012426428571427855
2876,0.0011133214285714186
2877,0.0008158928571428398
2878,0.0005317499999999293
2879,0.0005502857142857412
2880,0.0008591785714285903
2881,0.0012032142857143365
2882,0.0012112500000000129
2883,0.0008871428571429213
2884,0.00045771428571431523
2885,0.0004369285714285504
2886,0.0006911785714285555
2887,0.0010318928571428846
2888,0.0010843928571428003
2889,0.0008182499999999696
2890,0.0003358928571428927
2891,8.860714285710002e-05
2892,0.0002638928571428778
2893,0.000627964285714303
2894,0.0009101785714286389
2895,0.0007825714285714928
2896,0.00035753571428576793
2897,-0.0001180714285714503
2898,-0.000223071428571434
2899,-1.6071428571429182e-05
2900,0.00041592857142858417
2901,0.00045771428571431523
2902,0.00010146428571421293
2903,-0.0005312142857142733
2904,-0.0009049285714285712
2905,-0.0007903928571428917
2906,-0.0003460714285714214
2907,-0.00012503571428573883
2908,-0.0004523571428571468
2909,-0.001034464285714292
2910,-0.001402499999999967
2911,-0.0012167142857142821
2912,-0.0008884285714285869
2913,-0.0006266785714285611
2914,-0.0006742500000000159
2915,-0.0008904642857142621
2916,-0.0012858214285714352
2917,-0.0013907142857143182
2918,-0.0010760357142857455
2919,-0.0005784642857142736
2920,-0.0005391428571428492
2921,-0.0008633571428571178
2922,-0.001293750000000011
2923,-0.0016205357142856868
2924,-0.001459821428571395
2925,-0.0010370357142856993
2926,-0.0006963214285714463
2927,-0.0007539642857142529
2928,-0.0011306785714285893
2929,-0.0015561428571428694
2930,-0.0016086428571428612
2931,-0.0013213928571428875
2932,-0.0008438571428571708
2933,-0.0006515357142856766
2934,-0.0008328214285714555
2935,-0.0012901071428571395
2936,-0.0015025714285714135
2937,-0.0013145357142856997
2938,-0.0008282142857142968
2939,-0.000506357142857158
2940,-0.0005406428571428685
2941,-0.0009205714285714452
2942,-0.0012149999999999852
2943,-0.0010535357142856837
2944,-0.000559285714285705
2945,1.2857142857112893e-05
2946,0.00014689285714289163
2947,-0.00013778571428575099
2948,-0.000470678571428605
2949,-0.00046982142857141847
2950,-0.00042835714285714184
2951,-0.00033932142857141047
2952,-0.00043778571428573695
2953,-0.0007918928571428349
2954,-0.0013382142857142501
2955,-0.0017130000000000123
2956,-0.0016742142857143196
2957,-0.0012242142857143026
2958,-0.0008032500000000046
2959,-0.0008019642857142629
2960,-0.001168821428571449
2961,-0.0017431071428571192
2962,-0.0018412499999999911
2963,-0.001499571428571451
2964,-0.001012714285714316
2965,-0.0008948571428571433
2966,-0.0011916428571428891
2967,-0.001763249999999975
2968,-0.0021144642857142872
2969,-0.001976249999999981
2970,-0.0013966071428571426
2971,-0.0009931071428571161
2972,-0.001040035714285738
2973,-0.0014732142857143162
2974,-0.0019959642857142815
2975,-0.0020132142857142757
2976,-0.0016267499999999657
2977,-0.0011626071428571703
2978,-0.0010748571428571805
2979,-0.0013864285714285376
2980,-0.0018807857142856931
2981,-0.0020151428571428503
2982,-0.0017511428571428717
2983,-0.0011908928571428795
2984,-0.0008786785714285372
2985,-0.001028250000000013
2986,-0.0016513928571428797
2987,-0.0021166071428571393
2988,-0.002032392857142844
2989,-0.0015247500000000207
2990,-0.0009294642857143083
2991,-0.0008340000000000205
2992,-0.0012389999999999901
2993,-0.0017497500000000293
2994,-0.0019209642857143043
2995,-0.0016187142857142893
2996,-0.001053857142857138
2997,-0.0007817142857143062
2998,-0.0010173214285713987
2999,-0.0016426071428571173
3000,-0.0020418214285714393
3001,-0.001968107142857128
3002,-0.0014550000000000348
3003,-0.000972535714285705
3004,-0.0009107142857142949
3005,-0.0014667857142856835
3006,-0.0023991428571428536
3007,-0.0030178928571428392
3008,-0.0028576071428571786
3009,-0.0020341071428571413
3010,-0.0013476428571428452
3011,-0.001433142857142882
3012,-0.002379428571428553
3013,-0.003290142857142848
3014,-0.003495321428571455
3015,-0.0027806785714285503
3016,-0.0019087500000000241
3017,-0.0016569642857142495
3018,-0.0023019642857142687
3019,-0.003362571428571418
3020,-0.003942964285714266
3021,-0.0034882499999999896
3022,-0.00269282142857146
3023,-0.0024150000000000053
3024,-0.0028240714285714015
3025,-0.0035257500000000163
3026,-0.003928178571428579
3027,-0.0038214642857142983
3028,-0.003318000000000002
3029,-0.003043607142857141
3030,-0.003249321428571404
3031,-0.0037833214285714384
3032,-0.004056000000000002
3033,-0.0038156785714285745
3034,-0.0032379642857143106
3035,-0.002978785714285692
3036,-0.0031413214285714577
3037,-0.0036010714285714483
3038,-0.003987535714285682
3039,-0.003927750000000023
3040,-0.00354771428571427
3041,-0.003299035714285711
3042,-0.0034685357142856888
3043,-0.0038172857142856945
3044,-0.004284964285714261
3045,-0.00439939285714284
3046,-0.0041249999999999785
3047,-0.003626892857142851
3048,-0.003364821428571447
3049,-0.0035581071428571523
3050,-0.004158642857142856
3051,-0.004633714285714266
3052,-0.004446107142857108
3053,-0.0038275714285714003
3054,-0.0032773928571428355
3055,-0.003116035714285711
3056,-0.0034560000000000307
3057,-0.004109357142857181
3058,-0.004511892857142844
3059,-0.004329000000000021
3060,-0.0035556428571428458
3061,-0.0028415357142857495
3062,-0.002736857142857144
3063,-0.00347689285714282
3064,-0.004444607142857165
3065,-0.004836214285714289
3066,-0.00421553571428573
3067,-0.0032564999999999704
3068,-0.0026941071428571257
3069,-0.0031448571428571524
3070,-0.004237071428571428
3071,-0.004858607142857174
3072,-0.004700571428571466
3073,-0.003965142857142874
3074,-0.003272250000000021
3075,-0.00319071428571431
3076,-0.0040090714285714564
3077,-0.004837607142857132
3078,-0.005077392857142828
3079,-0.004469357142857179
3080,-0.003534214285714248
3081,-0.0032702142857142695
3082,-0.00399278571428575
3083,-0.005004214285714248
3084,-0.005627250000000014
3085,-0.005283535714285722
3086,-0.0043623214285714446
3087,-0.0037693928571428613
3088,-0.004024499999999977
3089,-0.004949357142857126
3090,-0.005631857142857173
3091,-0.005513678571428545
3092,-0.004613892857142865
3093,-0.00377475000000003
3094,-0.0035559642857143003
3095,-0.004268678571428554
3096,-0.005205214285714251
3097,-0.005521928571428576
3098,-0.005026500000000032
3099,-0.00420932142857145
3100,-0.003740785714285698
3101,-0.004231071428571427
3102,-0.0051890357142857215
3103,-0.00576857142857146
3104,-0.005528464285714309
3105,-0.0046135714285714105
3106,-0.0039137142857142695
3107,-0.003966749999999994
3108,-0.004801071428571392
3109,-0.005653714285714249
3110,-0.0058053214285714
3111,-0.00502832142857143
3112,-0.004118571428571422
3113,-0.00381771428571425
3114,-0.00441985714285715
3115,-0.005327571428571406
3116,-0.005783999999999979
3117,-0.005272500000000007
3118,-0.0041674285714285424
3119,-0.00342567857142857
3120,-0.003595285714285725
3121,-0.004376142857142844
3122,-0.0049207499999999625
3123,-0.004705285714285726
3124,-0.0036818571428571495
3125,-0.00283103571428569
3126,-0.0029760000000000073
3127,-0.004149321428571438
3128,-0.00535778571428569
3129,-0.005746178571428575
3130,-0.005194071428571436
3131,-0.004420499999999983
3132,-0.004067785714285728
3133,-0.0044813571428571055
3134,-0.005321357142857128
3135,-0.005793214285714297
3136,-0.005333464285714307
3137,-0.004390928571428608
3138,-0.0040079999999999925
3139,-0.0043499999999999876
3140,-0.005048892857142841
3141,-0.005330464285714268
3142,-0.0051341785714286
3143,-0.004628249999999997
3144,-0.004344214285714264
3145,-0.004477821428571411
3146,-0.004973892857142863
3147,-0.0052921071428571305
3148,-0.005137607142857118
3149,-0.004667142857142866
3150,-0.00430017857142858
3151,-0.004392750000000006
3152,-0.004901464285714294
3153,-0.005491392857142837
3154,-0.005504357142857127
3155,-0.005039571428571423
3156,-0.004501392857142861
3157,-0.0043499999999999876
3158,-0.004614428571428597
3159,-0.005142964285714286
3160,-0.005299821428571429
3161,-0.005040857142857165
3162,-0.004481250000000005
3163,-0.004129821428571415
3164,-0.004239535714285735
3165,-0.00461592857142854
3166,-0.00484017857142854
3167,-0.004579821428571432
3168,-0.004049678571428547
3169,-0.003459642857142826
3170,-0.0032678571428571396
3171,-0.0034248214285714593
3172,-0.0037403571428571425
3173,-0.0037656428571428893
3174,-0.003415607142857142
3175,-0.0029184642857143016
3176,-0.0027049285714285634
3177,-0.0028704642857142913
3178,-0.003309214285714316
3179,-0.0035917500000000302
3180,-0.0034733571428571253
3181,-0.0029564999999999843
3182,-0.002536714285714251
3183,-0.002556214285714274
3184,-0.0028898571428571376
3185,-0.003265392857142833
3186,-0.0032240357142857335
3187,-0.002751964285714286
3188,-0.002292428571428573
3189,-0.0022326428571428384
3190,-0.002535428571428585
3191,-0.0030338571428571675
3192,-0.003211928571428554
3193,-0.0029669999999999675
3194,-0.0024610714285714405
3195,-0.0022247142857142626
3196,-0.002427214285714285
3197,-0.002849142857142871
3198,-0.003108857142857145
3199,-0.0029740714285714327
3200,-0.002566285714285702
3201,-0.002188178571428599
3202,-0.0022608214285714467
3203,-0.0025976785714285507
3204,-0.003034285714285723
3205,-0.0031163571428571655
3206,-0.002815071428571438
3207,-0.0023508214285714655
3208,-0.002246250000000037
3209,-0.0025350000000000303
3210,-0.003054750000000033
3211,-0.00327771428571429
3212,-0.0031053214285714503
3213,-0.002702249999999979
3214,-0.0024328928571428323
3215,-0.0025766785714285844
3216,-0.002966250000000034
3217,-0.0033439285714285815
3218,-0.0033317142857143016
3219,-0.0029813571428571758
3220,-0.0025554642857142642
3221,-0.0025051071428571245
3222,-0.0027952500000000364
3223,-0.003300321428571453
3224,-0.0034276071428571446
3225,-0.003183000000000012
3226,-0.002749714285714257
3227,-0.002546571428571401
3228,-0.0027386785714285417
3229,-0.0032094642857143237
3230,-0.003527142857142859
3231,-0.0034135714285714667
3232,-0.00301082142857145
3233,-0.0026736428571428913
3234,-0.002787535714285738
3235,-0.003125999999999962
3236,-0.0035028214285713994
3237,-0.0035284285714286007
3238,-0.003366964285714299
3239,-0.003096428571428587
3240,-0.002973321428571423
3241,-0.0031858928571428737
3242,-0.0037326428571428445
3243,-0.0040740000000000064
3244,-0.003806571428571434
3245,-0.0032701071428571688
3246,-0.0030684642857142564
3247,-0.0032994642857142663
3248,-0.0037854642857142904
3249,-0.0041854285714285466
3250,-0.004161214285714264
3251,-0.0038899285714285425
3252,-0.0035085000000000225
3253,-0.003397285714285684
3254,-0.0035379642857142966
3255,-0.0038983928571428503
3256,-0.004134535714285751
3257,-0.004024285714285699
3258,-0.00353153571428574
3259,-0.0034415357142857216
3260,-0.0036125357142857187
3261,-0.004030607142857155
3262,-0.004305107142857117
3263,-0.004159499999999967
3264,-0.003716785714285693
3265,-0.0032941071428571737
3266,-0.003293785714285719
3267,-0.0036365357142857237
3268,-0.004037464285714267
3269,-0.003987428571428582
3270,-0.003692785714285688
3271,-0.0032201785714285843
3272,-0.0030415714285714655
3273,-0.003283821428571392
3274,-0.003702857142857116
3275,-0.003845464285714303
3276,-0.003608464285714292
3277,-0.003268821428571427
3278,-0.0030912857142856966
3279,-0.0031525714285714507
3280,-0.0034060714285714462
3281,-0.0036773571428571675
3282,-0.0035944285714285384
3283,-0.003161464285714314
3284,-0.002576785714285685
3285,-0.002425821428571443
3286,-0.002694321428571403
3287,-0.0031415357142857356
3288,-0.0032480357142857384
3289,-0.002942999999999962
3290,-0.0024545357142857073
3291,-0.0023143928571428265
3292,-0.0025798928571428245
3293,-0.0030646071428571072
3294,-0.0033326785714285884
3295,-0.0031766785714285564
3296,-0.002699357142857117
3297,-0.002231035714285718
3298,-0.002186035714285747
3299,-0.002436964285714259
3300,-0.002742964285714322
3301,-0.0027125357142856847
3302,-0.0023869285714285737
3303,-0.002006785714285719
3304,-0.002237249999999997
3305,-0.00296442857142856
3306,-0.0037560000000000167
3307,-0.0040906071428571675
3308,-0.003938785714285738
3309,-0.0035774999999999986
3310,-0.0033527142857142675
3311,-0.0034577142857142515
3312,-0.0038404285714285892
3313,-0.00412628571428572
3314,-0.00397671428571432
3315,-0.003538285714285751
3316,-0.003146142857142894
3317,-0.003193607142857172
3318,-0.0034999285714285375
3319,-0.0039815357142856805
3320,-0.004109142857142827
3321,-0.003777857142857169
3322,-0.0032318571428571322
3323,-0.0030411428571428343
3324,-0.0033123214285714552
3325,-0.003810321428571406
3326,-0.004098214285714289
3327,-0.003900107142857147
3328,-0.0033612857142857524
3329,-0.002927464285714265
3330,-0.0029558571428571516
3331,-0.0033632142857142507
3332,-0.003756750000000026
3333,-0.003783642857142893
3334,-0.003470892857142895
3335,-0.003040821428571456
3336,-0.0029562857142857064
3337,-0.0031873928571428934
3338,-0.0035914285714285757
3339,-0.003719357142857176
3340,-0.0035003571428571688
3341,-0.003002249999999965
3342,-0.002688321428571402
3343,-0.002851714285714278
3344,-0.00331671428571426
3345,-0.0036984642857143105
3346,-0.0035413928571428905
3347,-0.0030973928571428745
3348,-0.0025893214285714196
3349,-0.00240557142857141
3350,-0.0026514642857142843
3351,-0.0031434642857143097
3352,-0.003197892857142876
3353,-0.002769642857142835
3354,-0.0022218214285714007
3355,-0.0020105357142856917
3356,-0.0020040000000000344
3357,-0.0021811071428571335
3358,-0.002386607142857119
3359,-0.0023333571428571175
3360,-0.0020625000000000274
3361,-0.00181007142857142
3362,-0.0019032857142856788
3363,-0.0022609285714285474
3364,-0.0026513571428571072
3365,-0.002585142857142892
3366,-0.002130107142857161
3367,-0.0016056428571428227
3368,-0.001567499999999963
3369,-0.001836321428571454
3370,-0.0023367857142857114
3371,-0.002539392857142835
3372,-0.002318678571428607
3373,-0.0018288214285714333
3374,-0.001489392857142846
3375,-0.0016236428571428263
3376,-0.002092928571428589
3377,-0.0024950357142856966
3378,-0.002443607142857169
3379,-0.0020502857142857475
3380,-0.001639499999999978
3381,-0.0016612500000000299
3382,-0.0019761428571428803
3383,-0.0024333214285714635
3384,-0.002521178571428554
3385,-0.00222407142857143
3386,-0.001806214285714271
3387,-0.0016883571428571744
3388,-0.001989750000000003
3389,-0.0024598928571428758
3390,-0.002591357142857171
3391,-0.0024037500000000126
3392,-0.0020388214285714007
3393,-0.0017171785714285397
3394,-0.0018293571428571655
3395,-0.00222407142857143
3396,-0.002602071428571432
3397,-0.002577428571428594
3398,-0.0022284642857143106
3399,-0.0017756785714286088
3400,-0.00172146428571432
3401,-0.0019925357142856876
3402,-0.002457964285714301
3403,-0.002647714285714312
3404,-0.002380607142857118
3405,-0.0019122857142857188
3406,-0.0017043214285714268
3407,-0.001888178571428537
3408,-0.0023211428571428376
3409,-0.0026815714285713913
3410,-0.0026235000000000295
3411,-0.0023043214285713987
3412,-0.0019634999999999687
3413,-0.0019675714285713954
3414,-0.0022727142857142725
3415,-0.0027131785714285934
3416,-0.0028619999999999835
3417,-0.002638821428571449
3418,-0.0022084285714285556
3419,-0.00207771428571427
3420,-0.002328107142857126
3421,-0.002843464285714248
3422,-0.003154607142857126
3423,-0.0029593928571428458
3424,-0.0024841071428571585
3425,-0.0021517500000000364
3426,-0.002286214285714294
3427,-0.002695607142857145
3428,-0.0031354285714285572
3429,-0.0032061428571428306
3430,-0.00288139285714283
3431,-0.002331428571428543
3432,-0.002292857142857128
3433,-0.00259917857142857
3434,-0.00302464285714285
3435,-0.0031838571428571224
3436,-0.0029514642857142704
3437,-0.002473285714285721
3438,-0.002177999999999994
3439,-0.0022940357142856934
3440,-0.002684035714285698
3441,-0.0029919642857142597
3442,-0.002867357142857152
3443,-0.002462464285714283
3444,-0.002086607142857133
3445,-0.002093892857142876
3446,-0.002355428571428548
3447,-0.0027267857142857163
3448,-0.0027729642857142523
3449,-0.0024736071428571754
3450,-0.0019932857142856975
3451,-0.001791107142857129
3452,-0.0019721785714285544
3453,-0.002395071428571427
3454,-0.002645357142857106
3455,-0.0024237857142856913
3456,-0.0018020357142857434
3457,-0.0013310357142856841
3458,-0.0013644642857142842
3459,-0.0015534642857142852
3460,-0.001865357142857173
3461,-0.0018521785714286055
3462,-0.0016296428571428276
3463,-0.001266428571428589
3464,-0.0011573571428571787
3465,-0.001607142857142842
3466,-0.0022309285714285413
3467,-0.002620821428571445
3468,-0.0025638214285713954
3469,-0.0021404999999999675
3470,-0.001926107142857119
3471,-0.0019566428571428573
3472,-0.002231785714285728
3473,-0.0023952857142857044
3474,-0.0020753571428571405
3475,-0.001429714285714288
3476,-0.0008431071428571612
3477,-0.0008018571428571621
3478,-0.0011478214285714067
3479,-0.0017306785714285614
3480,-0.002230071428571431
3481,-0.002465357142857145
3482,-0.001964571428571433
3483,-0.0012323571428571561
3484,-0.001080214285714273
3485,-0.001883142857142823
3486,-0.002880214285714265
3487,-0.0032239285714285564
3488,-0.0027807857142857274
3489,-0.002136857142857172
3490,-0.001960178571428552
3491,-0.0023838214285714344
3492,-0.0030523928571428273
3493,-0.0033821785714285416
3494,-0.00315964285714284
3495,-0.0025335000000000106
3496,-0.0021522857142856925
3497,-0.002319857142857172
3498,-0.002997964285714261
3499,-0.003537321428571464
3500,-0.0035597142857142724
3501,-0.00302624999999997
3502,-0.0024572142857142917
3503,-0.002303571428571465
3504,-0.0027796071428571626
3505,-0.0034698214285714306
3506,-0.003699321428571421
3507,-0.0033282857142857077
3508,-0.0026663571428571487
3509,-0.0023525357142856864
3510,-0.002592000000000004
3511,-0.0032296071428571794
3512,-0.0036217500000000364
3513,-0.0035139642857142917
3514,-0.002895857142857139
3515,-0.002399571428571409
3516,-0.0023931428571428524
3517,-0.0029453571428571684
3518,-0.0035285357142857015
3519,-0.00361617857142859
3520,-0.003087750000000002
3521,-0.002421857142857117
3522,-0.002238428571428562
3523,-0.0026561785714285437
3524,-0.003335785714285728
3525,-0.003635357142857159
3526,-0.0033288214285714397
3527,-0.002609249999999998
3528,-0.0021416785714286086
3529,-0.0022566428571428434
3530,-0.00291482142857143
3531,-0.0034269642857143114
3532,-0.0033989999999999806
3533,-0.0028366071428571364
3534,-0.0022569642857142975
3535,-0.0021043928571428594
3536,-0.002544107142857171
3537,-0.003159000000000007
3538,-0.0033695357142857064
3539,-0.0030136071428571347
3540,-0.0023606785714285396
3541,-0.0020457857142856892
3542,-0.002262000000000012
3543,-0.002915249999999985
3544,-0.003347035714285721
3545,-0.003195964285714302
3546,-0.0025510714285714594
3547,-0.0021192857142857237
3548,-0.00218432142857145
3549,-0.002716285714285733
3550,-0.0032251071428571216
3551,-0.0033144642857143073
3552,-0.002861785714285706
3553,-0.0022915714285714627
3554,-0.002134607142857143
3555,-0.002521714285714286
3556,-0.0032102142857142572
3557,-0.003524785714285729
3558,-0.0031855714285714196
3559,-0.0024657857142857003
3560,-0.0021833571428571627
3561,-0.0025136785714286094
3562,-0.003225428571428576
3563,-0.0036460714285714195
3564,-0.0035503928571428544
3565,-0.0028656428571428552
3566,-0.0022156071428571216
3567,-0.002123035714285696
3568,-0.0026451428571428286
3569,-0.003401464285714287
3570,-0.0037418571428571618
3571,-0.0033370714285713937
3572,-0.0025756071428571204
3573,-0.002050500000000025
3574,-0.002130857142857171
3575,-0.0028964999999999716
3576,-0.0035685000000000348
3577,-0.003466607142857114
3578,-0.0027897857142856913
3579,-0.0022855714285714614
3580,-0.002320285714285727
3581,-0.0029384999999999806
3582,-0.003317249999999992
3583,-0.0031231071428571766
3584,-0.0025381071428571696
3585,-0.0021878571428571446
3586,-0.0022250357142857167
3587,-0.002665499999999962
3588,-0.0033137142857142974
3589,-0.003608571428571393
3590,-0.0032183571428571105
3591,-0.0023304642857142556
3592,-0.0018403928571428807
3593,-0.002118428571428537
3594,-0.0029207142857142544
3595,-0.003369857142857161
3596,-0.0032122500000000085
3597,-0.0025463571428571237
3598,-0.001993607142857152
3599,-0.0018414642857142688
3600,-0.0021443571428571167
3601,-0.0026483571428571446
3602,-0.0027421071428571355
3603,-0.0024026785714285482
3604,-0.0017817857142857108
3605,-0.0014823214285714567
3606,-0.001788321428571444
3607,-0.002342678571428536
3608,-0.0026366785714285967
3609,-0.002329821428571423
3610,-0.0016100357142857038
3611,-0.0011095714285714463
3612,-0.0011361428571428586
3613,-0.0017179285714285493
3614,-0.002207678571428546
3615,-0.002232750000000015
3616,-0.0017102142857142511
3617,-0.0011047500000000098
3618,-0.0009419999999999667
3619,-0.001355142857142866
3620,-0.0020028214285713933
3621,-0.0022961785714285454
3622,-0.002059285714285711
3623,-0.001433678571428538
3624,-0.0010786071428571528
3625,-0.0012959999999999638
3626,-0.001977857142857177
3627,-0.002464071428571403
3628,-0.002403000000000003
3629,-0.0018164999999999766
3630,-0.001319892857142868
3631,-0.0013252500000000365
3632,-0.0018992142857142522
3633,-0.002533928571428566
3634,-0.0026662499999999716
3635,-0.0022447500000000176
3636,-0.0016172142857142698
3637,-0.001355142857142866
3638,-0.001670142857142893
3639,-0.002350500000000011
3640,-0.0027121071428571294
3641,-0.0025189285714286008
3642,-0.001883142857142823
3643,-0.001435928571428567
3644,-0.0014792142857143174
3645,-0.0020200714285714635
3646,-0.0024813214285713974
3647,-0.0024027857142857253
3648,-0.0017296071428571733
3649,-0.0010005000000000359
3650,-0.0007103571428571241
3651,-0.001011000000000019
3652,-0.0016279285714286067
3653,-0.002038285714285745
3654,-0.0020772857142857147
3655,-0.0017541428571428343
3656,-0.0015557142857143143
3657,-0.0017752499999999774
3658,-0.002484321428571436
3659,-0.0030018214285714097
3660,-0.0029213571428571635
3661,-0.0022966071428571766
3662,-0.0016621071428571403
3663,-0.0015007500000000157
3664,-0.001968857142857137
3665,-0.002543892857142893
3666,-0.002663464285714287
3667,-0.002230607142857163
3668,-0.0015907500000000344
3669,-0.0012919285714285372
3670,-0.0015515357142857106
3671,-0.0021715714285714376
3672,-0.0025285714285713974
3673,-0.00230475000000003
3674,-0.0016077857142857508
3675,-0.0012581785714285588
3676,-0.0013879285714285571
3677,-0.0019287857142857032
3678,-0.002358214285714309
3679,-0.00230475000000003
3680,-0.0016909285714285817
3681,-0.0010746428571428268
3682,-0.0010323214285714397
3683,-0.0015522857142857202
3684,-0.0022486071428571668
3685,-0.0025753928571428425
3686,-0.00223714285714282
3687,-0.0014747142857142593
3688,-0.001030499999999966
3689,-0.0011651785714285776
3690,-0.0018081428571428454
3691,-0.002276249999999967
3692,-0.00219653571428573
3693,-0.0015788571428571327
3694,-0.0010752857142857359
3695,-0.0010443214285714422
3696,-0.0015875357142857182
3697,-0.002206178571428603
3698,-0.0023340000000000266
3699,-0.0017605714285713907
3700,-0.0010333928571428278
3701,-0.0008574642857142933
3702,-0.0012374999999999708
3703,-0.0019011428571428267
3704,-0.0022664999999999933
3705,-0.002016857142857147
3706,-0.0013230000000000075
3707,-0.0008155714285714615
3708,-0.0008667857142857116
3709,-0.0015221785714285372
3710,-0.0020751428571428626
3711,-0.002120785714285743
3712,-0.00160264285714286
3713,-0.0009702857142857521
3714,-0.0008031428571428277
3715,-0.0012499285714286045
3716,-0.0018639642857142544
3717,-0.0020977500000000254
3718,-0.0017603571428571132
3719,-0.0011044285714285555
3720,-0.0007607142857142638
3721,-0.0009585000000000271
3722,-0.0015756428571428924
3723,-0.0020172857142857024
3724,-0.0019552500000000147
3725,-0.0013562142857142538
3726,-0.0008547857142857091
3727,-0.000832607142857178
3728,-0.0013591071428571157
3729,-0.0019520357142856985
3730,-0.002064321428571425
3731,-0.0016039285714286018
3732,-0.0009642857142857508
3733,-0.0007358571428571484
3734,-0.0010497857142857114
3735,-0.0015467142857142743
3736,-0.0016224642857142614
3737,-0.0012623571428571623
3738,-0.0007232142857143131
3739,-0.0005598214285714371
3740,-0.0007628571428571159
3741,-0.0011378571428571555
3742,-0.0012571071428571707
3743,-0.0011010000000000377
3744,-0.000731142857142889
3745,-0.00043907142857140257
3746,-0.0004883571428571543
3747,-0.0007872857142857523
3748,-0.0010697142857142897
3749,-0.0009433928571428852
3750,-0.0005996785714285937
3751,-0.00026646428571428513
3752,-0.0002979642857143107
3753,-0.0005633571428571317
3754,-0.0009144642857142671
3755,-0.0009539999999999692
3756,-0.0007085357142857264
3757,-0.00029378571428570715
3758,-0.00016553571428572816
3759,-0.00036535714285716687
3760,-0.0007479642857142517
3761,-0.0009844285714286068
3762,-0.0008331428571428339
3763,-0.0004519285714285916
3764,-0.00018417857142856471
3765,-0.00027932142857139806
3766,-0.000586607142857127
3767,-0.0009004285714285893
3768,-0.0008528571428571346
3769,-0.0005633571428571317
3770,-0.00020239285714284604
3771,-0.00017892857142857313
3772,-0.00040392857142858166
3773,-0.0007636071428571256
3774,-0.0008702142857143055
3775,-0.0006577500000000316
3776,-0.000271607142857176
3777,-8.764285714288889e-05
3778,-0.00022382142857144366
3779,-0.0005351785714285993
3780,-0.0008141785714285429
3781,-0.0007178571428571446
3782,-0.0003603214285714529
3783,-1.1035714285715211e-05
3784,-1.553571428569711e-05
3785,-0.0002924999999999654
3786,-0.0006383571428571092
3787,-0.0006599999999999844
3788,-0.00040982142857140606
3789,-6.2142857142788445e-06
3790,0.00013242857142858254
3791,-5.367857142855672e-05
3792,-0.00039696428571429313
3793,-0.0005680714285713912
3794,-0.00040189285714283023
3795,-2.432142857145944e-05
3796,0.00021728571428571034
3797,9.792857142859443e-05
3798,-0.00021771428571426554
3799,-0.0005395714285714044
3800,-0.0005386071428571171
3801,-0.00026153571428574803
3802,0.0001458214285714275
3803,0.00022660714285720472
3804,1.8535714285659667e-05
3805,-0.0003544285714285524
3806,-0.0004506428571428499
3807,-0.0002282142857142487
3808,0.00014721428571426998
3809,0.0003304285714285474
3810,0.00013467857142853543
3811,-0.0002761071428571579
3812,-0.0005187857142857157
3813,-0.00038400000000000337
3814,-3.235714285713596e-05
3815,0.00033867857142857766
3816,0.00036867857142850775
3817,0.00016189285714293282
3818,-8.121428571425632e-05
3819,3.0642857142839015e-05
3820,0.00039310714285706793
3821,0.0009259285714286136
3822,0.0011967857142857038
3823,0.0010303928571428653
3824,0.00046810714285712153
3825,-4.6285714285712996e-05
3826,-0.00018749999999998174
3827,-3.0750000000015886e-05
3828,0.0001078928571428455
3829,-5.249999999999184e-05
3830,-0.000318964285714277
3831,-0.0004944642857142562
3832,-0.0003236785714285365
3833,2.185714285707669e-05
3834,0.0003652500000000661
3835,0.0003406071428571522
3836,0.00018932142857137942
3837,-3.428571428571051e-05
3838,-0.00012717857142859098
3839,2.2499999999985626e-05
3840,0.0003458571428571438
3841,0.0005694642857143098
3842,0.0003893571428570957
3843,4.628571428578913e-05
3844,-0.00014196428571427842
3845,-0.00011089285714288418
3846,0.00023721428571421248
3847,0.0007292142857143144
3848,0.0007524642857142335
3849,0.00044946428571428497
3850,6.739285714293227e-05
3851,8.046428571424664e-05
3852,0.00032946428571426015
3853,0.0007687499999999403
3854,0.0009677142857143447
3855,0.0007041428571428452
3856,0.00017796428571428585
3857,-0.00011774999999999584
3858,0.00015075000000004074
3859,0.0007626428571428384
3860,0.001121357142857095
3861,0.000985928571428626
3862,0.0005740714285713925
3863,0.00016692857142857064
3864,0.00023892857142858556
3865,0.0006781071428570888
3866,0.0011890714285714057
3867,0.0012077142857142421
3868,0.0008896071428570756
3869,0.00047603571428577346
3870,0.0003916071428572008
3871,0.000666428571428617
3872,0.0011204999999999846
3873,0.0013486071428572086
3874,0.0011366785714285144
3875,0.0006769285714286001
3876,0.0003650357142857124
3877,0.0004780714285713726
3878,0.0008753571428571202
3879,0.0012609642857142438
3880,0.0012147857142857836
3881,0.0008260714285714447
3882,0.0003012857142857277
3883,0.00022724999999996142
3884,0.00048674999999995803
3885,0.0008680714285713773
3886,0.0009527142857143036
3887,0.0006686785714285699
3888,0.00012664285714285889
3889,-0.00019971428571426183
3890,-6.685714285712408e-05
3891,0.0003206785714284978
3892,0.0005901428571428978
3893,0.00044024999999996747
3894,5.571428571369909e-06
3895,-0.00040307142857139513
3896,-0.00041432142857146406
3897,-0.00014196428571427842
3898,0.00023185714285719631
3899,0.00026357142857149946
3900,-1.87500000000134e-05
3901,-0.0005462142857143146
3902,-0.0007505357142857351
3903,-0.0005282142857143108
3904,-9.717857142858476e-05
3905,8.185714285708911e-05
3906,-0.00013403571428570262
3907,-0.0005619642857142892
3908,-0.0008794285714285469
3909,-0.0007862142857142881
3910,-0.00036428571428570274
3911,9.642857142872735e-06
3912,-0.0001311428571428408
3913,-0.000499071428571415
3914,-0.0008931428571428464
3915,-0.000893892857142856
3916,-0.0005590714285714274
3917,-8.4214285714295e-05
3918,7.350000000003426e-05
3919,-0.00018975000000001074
3920,-0.000655821428571457
3921,-0.0009467142857143023
3922,-0.000859285714285691
3923,-0.0005317500000000054
3924,-0.00017839285714284106
3925,-0.00013885714285713898
3926,-0.0005052857142856938
3927,-0.0009159642857142864
3928,-0.000873857142857177
3929,-0.0005565000000000201
3930,-0.00015782142857143
3931,-0.00012889285714288792
3932,-0.00035367857142854273
3933,-0.0007007142857142514
3934,-0.0008349642857143077
3935,-0.0005424642857142661
3936,-0.00015096428571431835
3937,7.3928571429198496e-06
3938,-0.00027503571428569377
3939,-0.0008267142857142774
3940,-0.0010625357142857235
3941,-0.0007926428571428445
3942,-0.00021664285714287753
3943,0.0001321071428572042
3944,2.635714285713472e-05
3945,-0.0003218571428571388
3946,-0.0007644642857143122
3947,-0.0008622857142857297
3948,-0.0005634642857143086
3949,-6.535714285718086e-05
3950,0.0001321071428572042
3951,-0.00015953571428572693
3952,-0.0006881785714285929
3953,-0.0008207142857142762
3954,-0.0005957142857142677
3955,-0.00020346428571431016
3956,5.957142857145722e-05
3957,-6.11785714285773e-05
3958,-0.00047507142857141006
3959,-0.0007481785714286053
3960,-0.0005943214285714252
3961,-0.0002259642857142958
3962,0.00021557142857148954
3963,0.0002760000000000572
3964,-7.875000000002582e-05
3965,-0.0005560714285714649
3966,-0.0006467142857143163
3967,-0.0003491785714285608
3968,0.00012267857142853294
3969,0.00030289285714292394
3970,5.657142857141854e-05
3971,-0.00047389285714284515
3972,-0.0008254285714285357
3973,-0.0007344642857143059
3974,-0.00036910714285713907
3975,-3.6535714285739526e-05
3976,-0.00013650000000000923
3977,-0.0005563928571428432
3978,-0.0009968571428571643
3979,-0.001017642857142853
3980,-0.0007355357142856939
3981,-0.0002904642857142901
3982,-0.00019853571428569695
3983,-0.0005082857142857326
3984,-0.0010041428571428313
3985,-0.0011807142857142747
3986,-0.0009037500000000063
3987,-0.0004216071428571309
3988,-6.771428571431062e-05
3989,-6.396428571426225e-05
3990,-0.00029828571428568905
3991,-0.0004853571428571156
3992,-0.00031210714285716533
3993,9.332142857135954e-05
3994,0.0004714285714285385
3995,0.00025478571428573716
3996,-0.00045460714285717584
3997,-0.0012446785714285368
3998,-0.0014692499999999903
3999,-0.0012321428571428785
4000,-0.0008160000000000167
4001,-0.0006755357142856815
4002,-0.0008593928571428679
4003,-0.0012337499999999985
4004,-0.0014703214285714543
4005,-0.0012875357142857321
4006,-0.0008656071428571467
4007,-0.0004959642857142756
4008,-0.0005291785714285981
4009,-0.0008762142857143068
4010,-0.0012676071428571539
4011,-0.0012564642857142618
4012,-0.000988071428571402
4013,-0.0005329285714285703
4014,-0.0004040357142856824
4015,-0.0006350357142856922
4016,-0.0010878214285713942
4017,-0.0013016785714285869
4018,-0.0011031428571428897
4019,-0.0006644999999999663
4020,-0.00036782142857139734
4021,-0.00046960714285714086
4022,-0.0008814642857142983
4023,-0.001297178571428605
4024,-0.0012594642857143004
4025,-0.0008685000000000086
4026,-0.00043735714285710563
4027,-0.0004215000000000302
4028,-0.0007688571428571172
4029,-0.0011672142857142528
4030,-0.0011880000000000176
4031,-0.0009505714285714514
4032,-0.0006068571428571597
4033,-0.0004406785714285988
4034,-0.0005247857142857169
4035,-0.0008829642857143176
4036,-0.0011223214285714584
4037,-0.001024392857142864
4038,-0.000732750000000009
4039,-0.0005565000000000201
4040,-0.0006183214285714302
4041,-0.0006570000000000218
4042,-0.0008667857142857116
4043,-0.0009978214285714516
4044,-0.0007597499999999765
4045,-0.00030289285714284783
4046,-0.00015942857142855007
4047,-0.0004060714285714338
4048,-0.0008917500000000039
4049,-0.001059535714285685
4050,-0.0008262857142857222
4051,-0.00042364285714288234
4052,-0.00026442857142853376
4053,-0.0004331785714285782
4054,-0.0007749642857142953
4055,-0.0010652142857143078
4056,-0.0008767499999999627
4057,-0.0005546785714285463
4058,-0.00023282142857140745
4059,-0.000252642857142885
4060,-0.0005882142857143233
4061,-0.0010779642857143199
4062,-0.0011313214285714223
4063,-0.0008885357142856875
4064,-0.0005802857142857475
4065,-0.0004146428571428424
4066,-0.0005332500000000248
4067,-0.0008722499999999808
4068,-0.0011144999999999833
4069,-0.0010157142857142784
4070,-0.0006694285714285796
4071,-0.0003153214285714055
4072,-0.00035046428571430257
4073,-0.0007864285714285657
4074,-0.001171071428571402
4075,-0.0011060357142857516
4076,-0.0007955357142857064
4077,-0.00039878571428569084
4078,-0.0003911785714285695
4079,-0.0007256785714285436
4080,-0.001221857142857173
4081,-0.0014557499999999684
4082,-0.00129096428571425
4083,-0.0008779285714286037
4084,-0.0006061071428571501
4085,-0.0007532142857143194
4086,-0.0011748214285714502
4087,-0.001497214285714321
4088,-0.0014055000000000055
4089,-0.0010779642857143199
4090,-0.0007373571428571677
4091,-0.000766714285714265
4092,-0.0010686428571428255
4093,-0.001473321428571417
4094,-0.0015393214285714305
4095,-0.0012817500000000086
4096,-0.0008423571428571514
4097,-0.0006887142857142489
4098,-0.0009231428571428525
4099,-0.001333285714285713
4100,-0.001588714285714283
4101,-0.0014675357142856934
4102,-0.0010882500000000256
4103,-0.0007363928571428805
4104,-0.0008102142857142931
4105,-0.0012163928571428276
4106,-0.0016122857142857328
4107,-0.001588178571428551
4108,-0.001274142857142887
4109,-0.000864321428571405
4110,-0.0007981071428571138
4111,-0.0010443214285714422
4112,-0.0014697857142857223
4113,-0.0016430357142857485
4114,-0.0014613214285714145
4115,-0.001039928571428561
4116,-0.0007813928571428517
4117,-0.0009359999999999654
4118,-0.0013577142857142733
4119,-0.0016877142857142655
4120,-0.001604357142857157
4121,-0.0012737142857142559
4122,-0.0008979642857142828
4123,-0.0008945357142856888
4124,-0.0012281785714285526
4125,-0.0016510714285714251
4126,-0.0017165357142857067
4127,-0.001476642857142834
4128,-0.0011105357142857336
4129,-0.0009952499999999682
4130,-0.001108071428571427
4131,-0.0014668928571428604
4132,-0.0017813571428571555
4133,-0.0016659642857142895
4134,-0.001226249999999978
4135,-0.000864857142857137
4136,-0.0009695357142857424
4137,-0.0013668214285714139
4138,-0.0018247500000000067
4139,-0.0019829999999999917
4140,-0.001734214285714256
4141,-0.0012191785714285887
4142,-0.001019999999999983
4143,-0.0012155357142857172
4144,-0.0017010000000000096
4145,-0.0020830714285714385
4146,-0.0019718571428571758
4147,-0.0013488214285714102
4148,-0.001033285714285727
4149,-0.0013114285714285602
4150,-0.0017829642857142758
4151,-0.002042571428571449
4152,-0.0018774642857142762
4153,-0.0015343928571428934
4154,-0.0011702142857142916
4155,-0.0012451071428571682
4156,-0.001597071428571414
4157,-0.0018772499999999985
4158,-0.001759392857142826
4159,-0.001377321428571397
4160,-0.000741642857142872
4161,-0.0003701785714286032
4162,-0.0004173214285714266
4163,-0.0007746428571428408
4164,-0.001003714285714276
4165,-0.0009268928571428247
4166,-0.0007577142857143012
4167,-0.0007795714285714541
4168,-0.0011195357142856973
4169,-0.0015347142857142719
4170,-0.0019392857142856864
4171,-0.002088214285714253
4172,-0.001863642857142876
4173,-0.001363928571428552
4174,-0.0011267142857142635
4175,-0.0013900714285714091
4176,-0.001748785714285742
4177,-0.0017254285714285698
4178,-0.0014777142857142981
4179,-0.0010292142857143004
4180,-0.0007766785714285922
4181,-0.0009388928571428273
4182,-0.0013644642857142842
4183,-0.0016469999999999985
4184,-0.001509964285714257
4185,-0.0011107500000000113
4186,-0.0006995357142856865
4187,-0.0006923571428571203
4188,-0.0010030714285714432
4189,-0.00147825000000003
4190,-0.0015454285714286086
4191,-0.0012077142857143182
4192,-0.0007482857142857061
4193,-0.0005837142857142652
4194,-0.000816964285714304
4195,-0.0012376071428571477
4196,-0.0013995000000000043
4197,-0.0012271071428571645
4198,-0.0008451428571428364
4199,-0.0005496428571428323
4200,-0.0006484285714285371
4201,-0.000995892857142877
4202,-0.001328357142857176
4203,-0.00129760714285716
4204,-0.0009947142857143123
4205,-0.0005773928571428857
4206,-0.0005008928571428889
4207,-0.0007278214285713957
4208,-0.0011379642857142563
4209,-0.0012865714285714449
4210,-0.0010520357142857404
4211,-0.0006324642857142848
4212,-0.0004299642857142619
4213,-0.0005758928571428663
4214,-0.000929035714285677
4215,-0.0012308571428571366
4216,-0.0011211428571428937
4217,-0.0007489285714285389
4218,-0.0003952499999999962
4219,-0.00039814285714285803
4220,-0.0006928928571428524
4221,-0.0010963928571428789
4222,-0.0011635714285714574
4223,-0.0009317142857142611
4224,-0.0005116071428571496
4225,-0.00035882142857143355
4226,-0.0005638928571428638
4227,-0.0009934285714285705
4228,-0.0012582857142857356
4229,-0.0011235000000000234
4230,-0.0006820714285714148
4231,-0.0003523928571428771
4232,-0.00044271428571427405
4233,-0.0008269285714285551
4234,-0.0012261428571428772
4235,-0.001205678571428567
4236,-0.0009168214285713969
4237,-0.0005256428571428273
4238,-0.0004521428571428692
4239,-0.0007359642857142491
4240,-0.0012106071428571801
4241,-0.0013742142857142577
4242,-0.0011533928571428526
4243,-0.0007546071428571618
4244,-0.000580500000000025
4245,-0.000717107142857135
4246,-0.0010775357142856887
4247,-0.0013942500000000127
4248,-0.0013196785714285906
4249,-0.0009761785714285764
4250,-0.0006313928571428206
4251,-0.0006622500000000134
4252,-0.0009489642857142552
4253,-0.001331678571428593
4254,-0.0014028214285714212
4255,-0.0011734285714286078
4256,-0.0007083214285714489
4257,-0.0005176071428571508
4258,-0.000741642857142872
4259,-0.0012163928571428276
4260,-0.0014150357142857014
4261,-0.0012310714285714143
4262,-0.0008826428571428632
4263,-0.0006662142857142633
4264,-0.0007970357142857257
4265,-0.0010492499999999795
4266,-0.00139360714285718
4267,-0.001408607142857145
4268,-0.0010061785714285828
4269,-0.0005517857142856845
4270,-0.0005662499999999935
4271,-0.000816964285714304
4272,-0.0012620357142857077
4273,-0.0013475357142857444
4274,-0.0009514285714285618
4275,-0.0005291785714285981
4276,-0.00036739285714284213
4277,-0.0005277857142856794
4278,-0.000981000000000013
4279,-0.0013252500000000365
4280,-0.0011836071428571364
4281,-0.0007760357142856833
4282,-0.00043992857142858915
4283,-0.0005232857142856976
4284,-0.000864321428571405
4285,-0.0013234285714285626
4286,-0.0013577142857142733
4287,-0.000946821428571403
4288,-0.0004460357142856911
4289,-0.0003109285714286005
4290,-0.0005323928571428383
4291,-0.0009923571428571063
4292,-0.0012506785714285382
4293,-0.0010697142857142897
4294,-0.0006640714285714111
4295,-0.0003501428571428481
4296,-0.0004111071428571478
4297,-0.0007772142857142482
4298,-0.0011659285714285873
4299,-0.001101321428571416
4300,-0.0007526785714285873
4301,-0.0003498214285713936
4302,-0.00031864285714282254
4303,-0.000568285714285745
4304,-0.0009684642857142782
4305,-0.0011050714285714643
4306,-0.0008718214285714256
4307,-0.00044464285714284864
4308,-0.00023399999999997232
4309,-0.00041282142857144473
4310,-0.0008274642857142872
4311,-0.0010764642857143006
4312,-0.0010022142857142567
4313,-0.0007246071428571556
4314,-0.0004317857142857357
4315,-0.0004909285714285617
4316,-0.0008075357142857089
4317,-0.0011739642857142637
4318,-0.0012021428571428723
4319,-0.0009138214285714343
4320,-0.00045857142857142565
4321,-0.000337928571428568
4322,-0.0006443571428571104
4323,-0.0011124642857143082
4324,-0.0013196785714285906
4325,-0.001158750000000021
4326,-0.0007621071428571063
4327,-0.00045771428571431523
4328,-0.0005434285714285534
4329,-0.0008897142857142525
4330,-0.001188428571428573
4331,-0.0010458214285714617
4332,-0.0005561785714285657
4333,5.507142857139919e-05
4334,0.00023389285714279546
4335,2.635714285713472e-05
4336,-0.0003461785714285983
4337,-0.0004828928571428851
4338,-0.00045921428571425846
4339,-0.00034746428571426385
4340,-0.0003923571428571344
4341,-0.0006633214285714015
4342,-0.0011239285714285785
4343,-0.0014931428571428945
4344,-0.001370678571428563
4345,-0.000908892857142821
4346,-0.00046285714285712994
4347,-0.00043757142857145934
4348,-0.0007059642857143191
4349,-0.0010674642857142608
4350,-0.001061249999999982
4351,-0.0007964999999999936
4352,-0.0004298571428571612
4353,-0.0002702142857142574
4354,-0.00028971428571428047
4355,-0.00059389285714287
4356,-0.0007467857142856867
4357,-0.0006237857142856993
4358,-0.00026764285714285003
4359,4.1035714285645296e-05
4360,5.9142857142902015e-05
4361,-0.00020946428571431142
4362,-0.0007176428571428671
4363,-0.0007789285714285451
4364,-0.0003695357142856943
4365,0.00012010714285720172
4366,0.00016874999999996832
4367,-5.892857142854829e-05
4368,-0.00037489285714286275
4369,-0.00042449999999999275
4370,-0.00015857142857143966
4371,0.0002705357142857119
4372,0.0004969285714285629
4373,0.0004170000000000483
4374,7.853571428567209e-05
4375,-0.0001837500000000095
4376,-0.00011271428571428187
4377,0.00022264285714287878
4378,0.0005634642857142325
4379,0.00046542857142861346
4380,0.0002913214285714767
4381,9.942857142861377e-05
4382,0.0001254642857142179
4383,0.00035378571428564345
4384,0.0007151785714285605
4385,0.0008248928571428037
4386,0.0006208928571429137
4387,0.00021321428571435979
4388,2.34642857142729e-05
4389,0.00026442857142860987
4390,0.0006613928571428269
4391,0.0009350357142857543
4392,0.0008452500000000133
4393,0.0005005714285713582
4394,0.0001825714285713685
4395,0.00025007142857147766
4396,0.0005817857142856906
4397,0.0009766071428571317
4398,0.0009709285714285849
4399,0.0006748928571428487
4400,0.00025135714285714323
4401,0.00014507142857149395
4402,0.00037392857142849934
4403,0.0007731428571428214
4404,0.0009606428571428032
4405,0.0009009642857143214
4406,0.000687107142857205
4407,0.0004060714285713577
4408,0.00028414285714291055
4409,0.00047324999999993623
4410,0.0006383571428571092
4411,0.0005487857142857219
4412,0.00028703571428577234
4413,9.642857142872734e-07
4414,-5.6785714285467744e-06
4415,0.0002556428571428476
4416,0.000689785714285713
4417,0.0007640357142856808
4418,0.00047560714285721826
4419,-3.75000000000268e-05
4420,-0.0002381785714285759
4421,4.628571428578913e-05
4422,0.0005442857142856639
4423,0.0006733928571428293
4424,0.0004848214285713835
4425,5.9678571428634086e-05
4426,-0.00032989285714289147
4427,-0.00029432142857143925
4428,8.892857142786934e-06
4429,0.00034767857142854145
4430,0.0002408571428571601
4431,-0.00014571428571425065
4432,-0.0005673214285714577
4433,-0.0006102857142856775
4434,-0.00037789285714282526
4435,-5.260714285716871e-05
4436,-6.642857142834048e-06
4437,-0.0002707499999999895
4438,-0.0005815714285714131
4439,-0.0008222142857142956
4440,-0.0007986428571428458
4441,-0.0006147857142857356
4442,-0.0005222142857143095
4443,-0.0007583571428571341
4444,-0.0010503214285714434
4445,-0.0012868928571428233
4446,-0.0012966428571428727
4447,-0.0010498928571428883
4448,-0.0006801428571428403
4449,-0.0006070714285714374
4450,-0.0008340000000000205
4451,-0.0012198214285714215
4452,-0.0013447499999999835
4453,-0.0011179285714285772
4454,-0.0007430357142857145
4455,-0.00043885714285712496
4456,-0.000591107142857109
4457,-0.0009902142857142542
4458,-0.0013447499999999835
4459,-0.0013150714285714317
4460,-0.0010337142857142823
4461,-0.0008358214285714181
4462,-0.0009547499999999788
4463,-0.001226249999999978
4464,-0.0014887500000000133
4465,-0.0015811071428571616
4466,-0.0015175714285714547
4467,-0.0012431785714285936
4468,-0.0011024999999999809
4469,-0.0013718571428571278
4470,-0.0018288214285714333
4471,-0.0019987499999999667
4472,-0.00184425000000003
4473,-0.0014931428571428945
4474,-0.0012190714285714118
4475,-0.001294285714285743
4476,-0.001595464285714294
4477,-0.0019373571428571118
4478,-0.00195653571428568
4479,-0.0017229642857142632
4480,-0.001332749999999981
4481,-0.001292035714285714
4482,-0.0016672500000000311
4483,-0.002267785714285735
4484,-0.0025012499999999757
4485,-0.0022853571428571077
4486,-0.001972928571428564
4487,-0.0017762142857142647
4488,-0.0019002857142857163
4489,-0.0022916785714285634
4490,-0.0026435357142857085
4491,-0.0025324285714285466
4492,-0.00218667857142858
4493,-0.001851964285714252
4494,-0.0019482857142857262
4495,-0.0024707142857143135
4496,-0.003137785714285687
4497,-0.003427821428571422
4498,-0.003298928571428534
4499,-0.00297578571428573
4500,-0.0028990714285714553
4501,-0.0030980357142857073
4502,-0.003492642857142871
4503,-0.003891642857142839
4504,-0.00396407142857141
4505,-0.0036917142857143
4506,-0.00364135714285716
4507,-0.0041698928571428494
4508,-0.004900071428571451
4509,-0.0054822857142856965
4510,-0.005617071428571409
4511,-0.005438785714285745
4512,-0.005137071428571462
4513,-0.005133964285714322
4514,-0.005419071428571444
4515,-0.005799321428571399
4516,-0.005925428571428602
4517,-0.005706749999999973
4518,-0.005289107142857168
4519,-0.0050402142857142555
4520,-0.005178750000000016
4521,-0.005594464285714322
4522,-0.006030214285714308
4523,-0.0060801428571428924
4524,-0.005748535714285704
4525,-0.005367857142857118
4526,-0.005305285714285698
4527,-0.0055359642857142535
4528,-0.005943857142857161
4529,-0.006063535714285731
4530,-0.005908071428571431
4531,-0.005610107142857121
4532,-0.0055745357142857445
4533,-0.005808535714285717
4534,-0.006116892857142834
4535,-0.00636567857142857
4536,-0.006287249999999999
4537,-0.00590442857142856
4538,-0.005643857142857175
4539,-0.005786142857142832
4540,-0.006084107142857143
4541,-0.006464357142857174
4542,-0.006452464285714272
4543,-0.006094392857142848
4544,-0.0056482499999999805
4545,-0.0055985357142857494
4546,-0.005776607142857136
4547,-0.006089571428571412
4548,-0.006242357142857128
4549,-0.005988857142857133
4550,-0.005471464285714259
4551,-0.005253749999999994
4552,-0.005350285714285746
4553,-0.005676321428571412
4554,-0.005938392857142892
4555,-0.005786464285714286
4556,-0.0054032142857142924
4557,-0.005016642857142882
4558,-0.004963071428571426
4559,-0.00522192857142859
4560,-0.005566178571428537
4561,-0.0055886785714285995
4562,-0.005305499999999976
4563,-0.004890000000000023
4564,-0.004723178571428553
4565,-0.004917535714285722
4566,-0.005319857142857108
4567,-0.0054468214285714215
4568,-0.005193428571428603
4569,-0.004831071428571398
4570,-0.004527535714285718
4571,-0.004571464285714301
4572,-0.004928035714285706
4573,-0.005289642857142824
4574,-0.005322321428571415
4575,-0.00499178571428569
4576,-0.00448317857142858
4577,-0.004357607142857108
4578,-0.004554964285714317
4579,-0.004921499999999973
4580,-0.005010749999999981
4581,-0.004791749999999974
4582,-0.004409785714285722
4583,-0.004161749999999996
4584,-0.004198821428571391
4585,-0.0045033214285714355
4586,-0.004798178571428607
4587,-0.004664785714285737
4588,-0.004341000000000024
4589,-0.003929357142857143
4590,-0.0038016428571428207
4591,-0.004014964285714281
4592,-0.004303285714285719
4593,-0.0042700714285713965
4594,-0.004081500000000027
4595,-0.0037030714285713933
4596,-0.003455142857142844
4597,-0.003592285714285686
4598,-0.0038947499999999785
4599,-0.004022357142857124
4600,-0.0037692857142856847
4601,-0.00330449999999998
4602,-0.0029290714285714614
4603,-0.0029051785714285573
4604,-0.0031504285714285983
4605,-0.003372214285714291
4606,-0.0032955000000000163
4607,-0.002981785714285731
4608,-0.0024946071428571413
4609,-0.0023668928571428946
4610,-0.0025592142857143126
4611,-0.002890821428571425
4612,-0.0029976428571428823
4613,-0.0027325714285714397
4614,-0.00227292857142855
4615,-0.0020427857142857266
4616,-0.0022373571428571737
4617,-0.0025464642857143003
4618,-0.002722500000000012
4619,-0.0025806428571428343
4620,-0.002222035714285678
4621,-0.001824535714285729
4622,-0.0018132857142857362
4623,-0.002120250000000011
4624,-0.0024612857142857184
4625,-0.002479285714285722
4626,-0.0022582499999999634
4627,-0.0018369642857142868
4628,-0.001643892857142859
4629,-0.0018266785714285813
4630,-0.0022391785714285716
4631,-0.002481428571428574
4632,-0.0023500714285714557
4633,-0.001930607142857177
4634,-0.0015700714285714465
4635,-0.0016415357142857293
4636,-0.002046107142857144
4637,-0.0024924642857142893
4638,-0.00249171428571428
4639,-0.002193749999999969
4640,-0.0017682857142856888
4641,-0.0016787142857143016
4642,-0.0019247142857142764
4643,-0.0023478214285714265
4644,-0.0025081071428571635
4645,-0.002300249999999972
4646,-0.0018962142857142895
4647,-0.0016690714285714288
4648,-0.0019089642857143018
4649,-0.0024760714285714056
4650,-0.002874107142857163
4651,-0.0027384642857142642
4652,-0.002375357142857126
4653,-0.0019788214285714643
4654,-0.0019257857142857405
4655,-0.0022516071428571294
4656,-0.002784964285714255
4657,-0.0029937857142857335
4658,-0.002855785714285705
4659,-0.0025163571428571175
4660,-0.0023780357142857106
4661,-0.0026335714285714573
4662,-0.0031688571428571573
4663,-0.0035151428571428564
4664,-0.0034248214285714593
4665,-0.003064071428571451
4666,-0.0028202142857142527
4667,-0.0030128571428571253
4668,-0.0034564285714285855
4669,-0.003898500000000027
4670,-0.0038733214285714573
4671,-0.0034164642857142523
4672,-0.002847750000000028
4673,-0.0026725714285714274
4674,-0.0028992857142857327
4675,-0.003250499999999969
4676,-0.00340285714285713
4677,-0.00349971428571426
4678,-0.003481285714285701
4679,-0.003415499999999965
4680,-0.0036167142857143225
4681,-0.004030071428571423
4682,-0.004367678571428536
4683,-0.004233857142857111
4684,-0.0038119285714286024
4685,-0.003397071428571406
4686,-0.003412285714285725
4687,-0.003736285714285716
4688,-0.004031892857142821
4689,-0.003939535714285749
4690,-0.0036072857142857274
4691,-0.0031147499999999695
4692,-0.002907000000000031
4693,-0.0031276071428571585
4694,-0.003566142857142829
4695,-0.0037353214285714286
4696,-0.0034164642857142523
4697,-0.002894678571428574
4698,-0.0025042500000000143
4699,-0.0024823928571428614
4700,-0.0026904642857142544
4701,-0.002870571428571392
4702,-0.002683928571428597
4703,-0.0022403571428571364
4704,-0.0017327142857143129
4705,-0.0015829285714285594
4706,-0.0018210000000000346
4707,-0.0022390714285713945
4708,-0.0021851785714285606
4709,-0.0016959642857142956
4710,-0.0011488928571428707
4711,-0.0008831785714285953
4712,-0.0009279642857142889
4713,-0.001232892857142888
4714,-0.001533535714285707
4715,-0.0014551071428571356
4716,-0.0010236428571428543
4717,-0.000640178571428583
4718,-0.0006620357142857359
4719,-0.0009502499999999969
4720,-0.001300500000000022
4721,-0.0012689999999999963
4722,-0.0009642857142857508
4723,-0.0005166428571428635
4724,-0.0003795000000000215
4725,-0.0005854285714285622
4726,-0.000982607142857133
4727,-0.001278642857142869
4728,-0.0011364642857143131
4729,-0.000650785714285743
4730,-0.0002029285714285781
4731,-0.00028371428571427924
4732,-0.0007610357142857182
4733,-0.0011562857142857145
4734,-0.0011763214285713936
4735,-0.0008433214285714387
4736,-0.0004309285714285492
4737,-0.000310607142857146
4738,-0.0005500714285714636
4739,-0.0010452857142857295
4740,-0.001196678571428603
4741,-0.0009536785714285909
4742,-0.0005936785714285924
4743,-0.0005000357142857023
4744,-0.000668571428571393
4745,-0.00099257142857146
4746,-0.0012515357142857248
4747,-0.0011511428571428237
4748,-0.0008556428571428195
4749,-0.000503035714285741
4750,-0.0005960357142857221
4751,-0.0010212857142857246
4752,-0.0014829642857142897
4753,-0.0016159285714286043
4754,-0.0014288571428571777
4755,-0.000982607142857133
4756,-0.0007753928571428505
4757,-0.0010000714285714047
4758,-0.0014587500000000071
4759,-0.001748678571428565
4760,-0.0016281428571428844
4761,-0.0012367500000000373
4762,-0.0009955714285714227
4763,-0.0011471785714285737
4764,-0.0015102857142857116
4765,-0.001828607142857156
4766,-0.0017149285714285866
4767,-0.0013858928571428817
4768,-0.0010267499999999938
4769,-0.0010157142857142784
4770,-0.0013300714285713968
4771,-0.0018054642857142612
4772,-0.0019613571428571167
4773,-0.0017852142857143047
4774,-0.0014458928571428943
4775,-0.0013618928571428768
4776,-0.0016479642857142858
4777,-0.0021212142857142983
4778,-0.0024984642857142905
4779,-0.002486571428571465
4780,-0.00218592857142857
4781,-0.0018999642857142618
4782,-0.001969071428571415
4783,-0.002355428571428548
4784,-0.0028503214285714356
4785,-0.002934964285714286
4786,-0.002625535714285705
4787,-0.0021966428571428306
4788,-0.0021021428571428302
4789,-0.0023728928571428195
4790,-0.0028996071428571113
4791,-0.0031967142857143114
4792,-0.003038785714285705
4793,-0.0026012142857143213
4794,-0.002217535714285696
4795,-0.0023062499999999733
4796,-0.002697214285714265
4797,-0.003058607142857106
4798,-0.0030958928571428552
4799,-0.002826214285714254
4800,-0.0025051071428571245
4801,-0.0024654642857143217
4802,-0.002654464285714323
4803,-0.002952642857142835
4804,-0.0030136071428571347
4805,-0.0027515357142857307
4806,-0.0023137499999999938
4807,-0.0021464999999999687
4808,-0.002480571428571464
4809,-0.0028899642857143147
4810,-0.003078321428571407
4811,-0.0030103928571428946
4812,-0.0026475000000000344
4813,-0.002216142857142854
4814,-0.002122285714285686
4815,-0.0023803928571428405
4816,-0.002788714285714303
4817,-0.0029228571428571064
4818,-0.002740285714285738
4819,-0.0022916785714285634
4820,-0.002112214285714258
4821,-0.002351357142857121
4822,-0.002778749999999976
4823,-0.002915249999999985
4824,-0.0027227142857142892
4825,-0.002327142857142839
4826,-0.0020813571428571417
4827,-0.0021665357142857237
4828,-0.002506607142857144
4829,-0.002871214285714301
4830,-0.0027708214285714003
4831,-0.0023114999999999646
4832,-0.0018916071428571309
4833,-0.001955464285714292
4834,-0.0022608214285714467
4835,-0.0027439285714286094
4836,-0.0028743214285714405
4837,-0.002545607142857114
4838,-0.0020457857142856892
4839,-0.0016675714285714096
4840,-0.0015768214285714574
4841,-0.0017742857142856903
4842,-0.0018950357142857247
4843,-0.001633821428571431
4844,-0.0010760357142857455
4845,-0.000612857142857161
4846,-0.0006592499999999747
4847,-0.0011298214285714028
4848,-0.001897607142857132
4849,-0.0021973928571428405
4850,-0.0019440000000000219
4851,-0.001520678571428594
4852,-0.001388464285714289
4853,-0.001660607142857121
4854,-0.0021035357142857487
4855,-0.0022362857142857098
4856,-0.0020016428571428286
4857,-0.0015628928571428803
4858,-0.0013248214285714053
4859,-0.0014968928571428668
4860,-0.0019037142857143102
4861,-0.002238321428571461
4862,-0.002157000000000028
4863,-0.0018075000000000127
4864,-0.001430892857142853
4865,-0.0014384999999999743
4866,-0.001807928571428568
4867,-0.00225750000000003
4868,-0.002284607142857174
4869,-0.002001964285714283
4870,-0.0015772500000000127
4871,-0.0013960714285714104
4872,-0.0016246071428571136
4873,-0.0021102857142856835
4874,-0.002388428571428593
4875,-0.0022521428571428614
4876,-0.0017999999999999921
4877,-0.0014137500000000359
4878,-0.0015349285714285495
4879,-0.0019222499999999698
4880,-0.00233549999999997
4881,-0.0023771785714286
4882,-0.002049964285714293
4883,-0.001549178571428581
4884,-0.00139917857142855
4885,-0.0016239642857142809
4886,-0.0021237857142857057
4887,-0.00236657142857144
4888,-0.002187642857142867
4889,-0.0016872857142857102
4890,-0.0013163571428571736
4891,-0.001404642857142895
4892,-0.0018297857142857206
4893,-0.0022526785714285934
4894,-0.0022173214285714188
4895,-0.0018649285714285417
4896,-0.0014109642857142747
4897,-0.0013625357142857096
4898,-0.0016480714285714627
4899,-0.0021844285714285507
4900,-0.0024248571428571557
4901,-0.002221607142857123
4902,-0.0015937499999999969
4903,-0.0012355714285713962
4904,-0.0013977857142857073
4905,-0.0019848214285714655
4906,-0.0024905357142857147
4907,-0.0024470357142856868
4908,-0.0019361785714285468
4909,-0.0014026071428571438
4910,-0.0013660714285714042
4911,-0.001899857142857161
4912,-0.002621464285714278
4913,-0.0028463571428571097
4914,-0.002583107142857141
4915,-0.002016964285714248
4916,-0.0016748571428571526
4917,-0.0017151428571428643
4918,-0.002216035714285677
4919,-0.002657142857142831
4920,-0.0026001428571428573
4921,-0.0020868214285714106
4922,-0.0016806428571428762
4923,-0.0017116071428571696
4924,-0.0022039285714285737
4925,-0.002799428571428564
4926,-0.0029000357142857426
4927,-0.002510464285714293
4928,-0.0019942499999999848
4929,-0.0018962142857142895
4930,-0.002105678571428601
4931,-0.0026964642857142556
4932,-0.003073285714285693
4933,-0.002935821428571396
4934,-0.0023245714285714315
4935,-0.0018119999999999946
4936,-0.0018388928571428614
4937,-0.002395821428571437
4938,-0.002944392857142881
4939,-0.0029359285714285733
4940,-0.0023854285714285544
4941,-0.0018122142857142723
4942,-0.0017172857142857165
4943,-0.0020875714285714204
4944,-0.0027354642857143016
4945,-0.0029608928571428655
4946,-0.0026050714285713946
4947,-0.0019386428571428534
4948,-0.0016315714285714022
4949,-0.0018502500000000311
4950,-0.002500499999999966
4951,-0.0028825714285713945
4952,-0.0026570357142857303
4953,-0.0020752499999999634
4954,-0.001709678571428595
4955,-0.0017294999999999964
4956,-0.002181642857142866
4957,-0.002780464285714273
4958,-0.00313521428571428
4959,-0.003238928571428598
4960,-0.002928750000000007
4961,-0.0027879642857142934
4962,-0.0030088928571428753
4963,-0.0034643571428571614
4964,-0.0035534999999999937
4965,-0.0032079642857143044
4966,-0.0025842857142857056
4967,-0.00225439285714289
4968,-0.002358964285714319
4969,-0.002835964285714303
4970,-0.003191571428571421
4971,-0.0030222857142857204
4972,-0.0024684642857142843
4973,-0.0018970714285714
4974,-0.0017929285714286028
4975,-0.0021085714285714627
4976,-0.0025598571428571454
4977,-0.0025989642857142926
4978,-0.002222785714285688
4979,-0.0016270714285714202
4980,-0.0013993928571428274
4981,-0.0016083214285714069
4982,-0.0021273214285714
4983,-0.0023953928571428815
4984,-0.0021871071428571347
4985,-0.0015932142857142649
4986,-0.0011466428571428417
4987,-0.0011595000000000307
4988,-0.0015847500000000332
4989,-0.0020346428571428733
4990,-0.0020285357142856954
4991,-0.0016143214285714081
4992,-0.0010838571428571444
4993,-0.0009622499999999995
4994,-0.0012006428571428528
4995,-0.001677857142857115
4996,-0.0018587142857142628
4997,-0.0016452857142857016
4998,-0.0010742142857142717
4999,-0.0007129285714286076
5000,-0.0008277857142857416
5001,-0.0013079999999999663
5002,-0.0016817142857142643
5003,-0.0015822857142857266
5004,-0.0011228571428571143
5005,-0.000669750000000034
5006,-0.0006471428571428715
5007,-0.0010267499999999938
5008,-0.001531285714285678
5009,-0.001554750000000027
5010,-0.0011284285714285604
5011,-0.0005083928571428333
5012,-0.00017667857142854412
5013,-0.00021771428571426554
5014,-0.0005591785714286043
5015,-0.000706499999999975
5016,-0.0004529999999999796
5017,0.00010082142857145625
5018,0.00032678571428575203
5019,-8.699999999997996e-05
5020,-0.0008750357142857419
5021,-0.0014789999999999636
5022,-0.001502250000000035
5023,-0.0011384999999999883
5024,-0.0006967500000000015
5025,-0.0005947499999999804
5026,-0.0007836428571428807
5027,-0.0012070714285714094
5028,-0.0013278214285714438
5029,-0.0010752857142857359
5030,-0.00048589285714284767
5031,-0.00011346428571429154
5032,-0.0002234999999999892
5033,-0.0006905357142857227
5034,-0.0010033928571428216
5035,-0.0008969999999999955
5036,-0.0004469999999999784
5037,-2.3142857142894564e-05
5038,-2.0892857142865547e-05
5039,-0.00036214285714285054
5040,-0.0008064642857143208
5041,-0.0008486785714286072
5042,-0.0005017499999999993
5043,1.1035714285715211e-05
5044,0.00014957142857139973
5045,-6.728571428567927e-05
5046,-0.0005429999999999982
5047,-0.0007649999999999681
5048,-0.0005728928571428276
5049,-7.028571428571797e-05
5050,0.00027321428571421995
5051,0.00019114285714292935
5052,-0.00021385714285711646
5053,-0.0005794285714285609
5054,-0.0005460000000000369
5055,-0.00017099999999999735
5056,0.0002750357142857699
5057,0.00037328571428574264
5058,0.00014217857142863213
5059,-0.0003332142857143085
5060,-0.00045899999999998085
5061,-0.00021632142857142306
5062,0.0002616428571429249
5063,0.0005154642857142226
5064,0.0003923571428571344
5065,-6.739285714285614e-05
5066,-0.0003575357142856918
5067,-0.00023132142857146425
5068,0.00022885714285715762
5069,0.0006393214285713965
5070,0.0006271071428571926
5071,0.0002498571428571239
5072,-0.0002151428571428582
5073,-0.00024300000000001225
5074,9.81428571427959e-05
5075,0.0005857500000000166
5076,0.0007330714285714634
5077,0.0005043214285714827
5078,-1.7464285714271656e-05
5079,-0.00024835714285718067
5080,-9.107142857140664e-05
5081,0.0004123928571428134
5082,0.0007597499999999765
5083,0.0006762857142856912
5084,0.0002461071428571517
5085,-0.00017078571428571975
5086,-0.00014378571428575222
5087,0.00021857142857137596
5088,0.0006651428571427991
5089,0.0007202142857143506
5090,0.0004076785714285539
5091,-0.00010017857142854732
5092,-0.00023614285714282447
5093,-1.2428571428557689e-05
5094,0.0004579285714285167
5095,0.0006920357142856659
5096,0.0005478214285714346
5097,2.7857142857154062e-05
5098,-0.0003302142857142698
5099,-0.00022714285714286068
5100,0.0002521071428570768
5101,0.0006715714285714317
5102,0.0006451071428571201
5103,0.0002447142857143092
5104,-0.00023442857142860367
5105,-0.00026785714285712764
5106,7.12499999999291e-05
5107,0.0005883214285715001
5108,0.0007217142857142176
5109,0.00047400000000002204
5110,-3.7928571428582004e-05
5111,-0.0002543571428571058
5112,-6.58928571428368e-05
5113,0.0004251428571429017
5114,0.0007613571428571728
5115,0.000687107142857205
5116,0.000261000000000016
5117,-0.00013949999999997179
5118,-9.417857142854607e-05
5119,0.00029914285714279946
5120,0.0007632857142857472
5121,0.0008031428571429038
5122,0.00047346428571428995
5123,-2.978571428572861e-05
5124,-0.00014464285714286263
5125,0.00013457142857135855
5126,0.0006526071428572169
5127,0.0008766428571427859
5128,0.0006874285714285833
5129,0.00019596428571421346
5130,-9.246428571424912e-05
5131,3.225000000003523e-05
5132,0.0004949999999999883
5133,0.0009030000000000728
5134,0.0008739642857142777
5135,0.00047892857142863525
5136,2.4964285714292242e-05
5137,-1.6071428571200792e-06
5138,0.0003205714285714732
5139,0.0007992857142857547
5140,0.0009252857142857047
5141,0.00068249999999997
5142,0.0001753928571428024
5143,-1.714285714289332e-05
5144,0.0002088214285714786
5145,0.0007125000000000524
5146,0.0010036071428571754
5147,0.0009032142857142742
5148,0.00045867857142860253
5149,6.182142857141011e-05
5150,0.000103178571428586
5151,0.0005266071428571146
5152,0.0009912857142856423
5153,0.0010177499999999538
5154,0.0006959999999999919
5155,0.00021610714285706932
5156,0.00011796428571427343
5157,0.0004114285714285261
5158,0.0009347142857142237
5159,0.0011260714285713546
5160,0.0009425357142856987
5161,0.0004507499999999506
5162,0.00014700000000006852
5163,0.00028810714285708425
5164,0.0007692857142856724
5165,0.0011429999999999702
5166,0.0010807500000000049
5167,0.0006649285714285977
5168,0.0002055000000000616
5169,0.00018342857142863116
5170,0.0005150357142856673
5171,0.001006071428571482
5172,0.0011406428571428405
5173,0.000905035714285672
5174,0.00038871428571433903
5175,0.00018428571428574157
5176,0.00038817857142860694
5177,0.0008827500000000401
5178,0.0011473928571428514
5179,0.0010401428571429148
5180,0.0006301071428570789
5181,0.0002943214285713631
5182,0.000411535714285703
5183,0.000918964285714249
5184,0.0015141428571427847
5185,0.0016938214285714436
5186,0.0014913214285714206
5187,0.0010932857142857395
5188,0.001044428571428619
5189,0.0011585357142857434
5190,0.0013536428571428465
5191,0.001248535714285686
5192,0.000894428571428512
5193,0.0003388928571429314
5194,-1.1249999999992813e-05
5195,6.0214285714213895e-05
5196,0.000513535714285648
5197,0.0009397500000000138
5198,0.0009617142857142674
5199,0.0006237857142857755
5200,0.0002165357142857768
5201,0.00022221428571432358
5202,0.000582107142857069
5203,0.0011122499999999544
5204,0.001266321428571412
5205,0.0010172142857142218
5206,0.0005178214285715046
5207,0.0003388928571429314
5208,0.0005273571428572004
5209,0.0010264285714285393
5210,0.001341107142857112
5211,0.0012288214285713854
5212,0.0007636071428571256
5213,0.00039964285714287737
5214,0.0004831071428571627
5215,0.0009118928571428597
5216,0.0013396071428570927
5217,0.0013498928571428744
5218,0.0009901071428571535
5219,0.00048289285714280894
5220,0.0003806785714285102
5221,0.0006349285714285153
5222,0.0011461071428571859
5223,0.001349035714285764
5224,0.0011418214285714816
5225,0.000616178571428502
5226,0.0003121071428570892
5227,0.0004566428571428511
5228,0.0009438214285713643
5229,0.0013452857142856394
5230,0.0013147499999999772
5231,0.0008990357142857468
5232,0.0004519285714285916
5233,0.00043349999999995654
5234,0.0007831071428570725
5235,0.0012919285714286133
5236,0.0014270357142857038
5237,0.0011840357142857679
5238,0.0006618214285713821
5239,0.00044410714285711655
5240,0.0006487500000000678
5241,0.001177821428571489
5242,0.0014859642857142522
5243,0.0013720714285714816
5244,0.0009058928571427824
5245,0.0004996071428570709
5246,0.0005470714285715011
5247,0.0009865714285713827
5248,0.0014563928571428772
5249,0.001494964285714216
5250,0.0011569285714285473
5251,0.000638464285714286
5252,0.0004806428571428561
5253,0.0007279285714284965
5254,0.0012433928571428713
5255,0.0014340000000000685
5256,0.0012063214285713997
5257,0.0006963214285713702
5258,0.00039042857142855986
5259,0.0004857857142856708
5260,0.0009425357142856987
5261,0.0013073571428572097
5262,0.001241892857142852
5263,0.0008165357142857488
5264,0.00033278571428567715
5265,0.0002754642857143251
5266,0.0006039642857142979
5267,0.0011188928571427884
5268,0.0012478928571429293
5269,0.0009559285714285437
5270,0.0004072499999999987
5271,0.00017850000000001792
5272,0.00037403571428567617
5273,0.0008854285714285481
5274,0.0011868214285714526
5275,0.0010881428571429248
5276,0.0006207857142857368
5277,0.000223071428571434
5278,0.00024835714285710456
5279,0.0006549642857143466
5280,0.0011224285714285592
5281,0.0011721428571427898
5282,0.0008274642857142872
5283,0.0003316071428571884
5284,0.00021846428571435135
5285,0.000477964285714348
5286,0.0010104642857142107
5287,0.0012260357142857004
5288,0.001041107142857202
5289,0.0005199642857142805
5290,0.00019692857142850073
5291,0.00032003571428574116
5292,0.0008153571428571078
5293,0.0012142500000000517
5294,0.001170000000000014
5295,0.0007569642857142916
5296,0.00029700000000002343
5297,0.0002614285714285712
5298,0.0006192857142857175
5299,0.001129285714285747
5300,0.0012378214285715015
5301,0.0009754285714286429
5302,0.00044839285714282084
5303,0.00023603571428572375
5304,0.00044271428571427405
5305,0.0009914999999999959
5306,0.00129439285714292
5307,0.0011845714285714998
5308,0.0006997499999999641
5309,0.00029485714285709517
5310,0.00033867857142857766
5311,0.0007669285714285427
5312,0.0012294642857142942
5313,0.0012682499999999866
5314,0.0009304285714285194
5315,0.0004126071428571671
5316,0.00028767857142852904
5317,0.0005898214285713672
5318,0.001143214285714324
5319,0.0013453928571428163
5320,0.0011323928571428101
5321,0.0006126428571428834
5322,0.0003361071428570942
5323,0.00048589285714284767
5324,0.0009893571428570677
5325,0.0013725000000000369
5326,0.0013254642857143141
5327,0.000902249999999987
5328,0.00041764285714280495
5329,0.00038399999999992726
5330,0.0007622142857142832
5331,0.0013059642857142148
5332,0.0014411785714286347
5333,0.001178892857142801
5334,0.0006288214285714133
5335,0.00040821428571428595
5336,0.0006198214285714495
5337,0.0011372142857142466
5338,0.0014216785714285356
5339,0.001312714285714226
5340,0.0008192142857142569
5341,0.00039760714285712594
5342,0.00044871428571435144
5343,0.0008797500000000014
5344,0.0013334999999999907
5345,0.0013893214285714756
5346,0.001033392857142904
5347,0.0005134285714286234
5348,0.0004015714285714519
5349,0.0006866785714284974
5350,0.0012269999999999876
5351,0.001424892857142928
5352,0.0012113571428571898
5353,0.0006806785714285723
5354,0.00041839285714289075
5355,0.0005672142857143569
5356,0.0011293928571429238
5357,0.0016057500000000756
5358,0.0016455000000000553
5359,0.001359000000000015
5360,0.0010583571428571961
5361,0.0011679642857142624
5362,0.0016276071428571522
5363,0.0021901071428570974
5364,0.0022688571428571233
5365,0.001761642857142931
5366,0.0008510357142857369
5367,0.0003821785714285296
5368,0.000508607142857187
5369,0.0009878571428572006
5370,0.0012186428571429328
5371,0.0010765714285714775
5372,0.0006181071428570764
5373,0.0002915357142856781
5374,0.00042021428571428846
5375,0.0009281785714285666
5376,0.0014329285714286045
5377,0.0014718214285714738
5378,0.0011167500000000125
5379,0.0006165000000000325
5380,0.0005154642857142226
5381,0.0008179285714285913
5382,0.0013631785714285423
5383,0.0015794999999999655
5384,0.0013837499999999534
5385,0.0008510357142857369
5386,0.0005664642857142712
5387,0.0007128214285714307
5388,0.001215750000000071
5389,0.0015922500000000537
5390,0.001553035714285654
5391,0.0011179285714285011
5392,0.0006535714285715041
5393,0.0006622499999999373
5394,0.0010441071428570886
5395,0.00154082142857145
5396,0.0016598571428571875
5397,0.0013942499999999366
5398,0.0008800714285713797
5399,0.0006956785714286135
5400,0.0009162857142857409
5401,0.001450928571428532
5402,0.0017390357142857684
5403,0.001624392857142912
5404,0.001142035714285683
5405,0.0007653214285714987
5406,0.0008253214285713588
5407,0.0012789642857143236
5408,0.0017573571428570745
5409,0.0017919642857142394
5410,0.0014312142857142315
5411,0.0009292500000000306
5412,0.0008264999999999999
5413,0.0011299285714285036
5414,0.001684071428571394
5415,0.0018819642857143342
5416,0.0016895357142857393
5417,0.0011734285714286078
5418,0.0008852142857143467
5419,0.0010204285714286142
5420,0.0015179999999999337
5421,0.0018844285714286408
5422,0.0018426428571429098
5423,0.0014101071428570882
5424,0.0009661071428571485
5425,0.0009562500000000743
5426,0.0013156071428570876
5427,0.0018171428571428854
5428,0.0019030714285714775
5429,0.001595464285714294
5430,0.001039928571428561
5431,0.0008328214285714555
5432,0.0010530000000000277
5433,0.0015828214285713825
5434,0.0018373928571429182
5435,0.0016762500000000711
5436,0.001174500000000072
5437,0.0007908214285713707
5438,0.0008426785714285297
5439,0.0012601071428571334
5440,0.001692000000000046
5441,0.0017146071428572084
5442,0.001337785714285695
5443,0.0008111785714285803
5444,0.0007101428571429226
5445,0.0010165714285714652
5446,0.0015283928571428922
5447,0.001698535714285703
5448,0.0014862857142857828
5449,0.0009297857142857627
5450,0.0006455357142856753
5451,0.0008153571428571078
5452,0.00130317857142853
5453,0.0016492500000000274
5454,0.0015983571428571557
5455,0.0011758928571429144
5456,0.0007368214285714357
5457,0.0007451785714286428
5458,0.0011252142857142442
5459,0.0016176428571429012
5460,0.0017066785714285565
5461,0.0014138571428572127
5462,0.0008735357142857225
5463,0.0007018928571428923
5464,0.0009456428571429143
5465,0.0014872500000000701
5466,0.0017607857142856683
5467,0.0016108928571428904
5468,0.0010971428571428885
5469,0.0007337142857142202
5470,0.0008343214285714749
5471,0.0012986785714286242
5472,0.0017309999999999398
5473,0.0017456785714286026
5474,0.0013693928571428212
5475,0.0008731071428571673
5476,0.0007976785714285586
5477,0.001104107142857101
5478,0.0016325357142857656
5479,0.0018010714285713802
5480,0.0015724285714285762
5481,0.0010512857142856546
5482,0.0008082857142857185
5483,0.0009710357142857617
5484,0.001468821428571435
5485,0.0018244285714286285
5486,0.001747714285714354
5487,0.0012972857142857818
5488,0.000863785714285673
5489,0.000876107142857206
5490,0.001269107142857097
5491,0.0017574642857142513
5492,0.0018345000000000564
5493,0.0015219642857142598
5494,0.0009945000000000346
5495,0.0008264999999999999
5496,0.0010702500000000217
5497,0.0015943928571428298
5498,0.0018482142857142796
5499,0.001694035714285645
5500,0.0011840357142857679
5501,0.0008525357142857563
5502,0.000960214285714248
5503,0.001424250000000019
5504,0.0018382500000000287
5505,0.001814999999999957
5506,0.0014531785714286371
5507,0.0009789642857142614
5508,0.0009096428571429069
5509,0.0012325714285713575
5510,0.001762714285714243
5511,0.001912178571428618
5512,0.0016722857142857453
5513,0.0011393571428571748
5514,0.0009016071428570781
5515,0.0010856785714286183
5516,0.0016036071428571473
5517,0.0019502142857142247
5518,0.0018617142857143014
5519,0.001399607142857105
5520,0.0009706071428572066
5521,0.0009712499999999632
5522,0.0013593214285713934
5523,0.0018337499999999706
5524,0.0019021071428571902
5525,0.0015840000000000235
5526,0.0010450714285713757
5527,0.0008760000000000291
5528,0.0011046428571428331
5529,0.00162942857142855
5530,0.0018839999999999335
5531,0.0017406428571428124
5532,0.0012437142857142497
5533,0.0009003214285714125
5534,0.0009798214285713718
5535,0.0014285357142857233
5536,0.0018511071428571415
5537,0.0018640714285714313
5538,0.0014724642857142304
5539,0.00097692857142851
5540,0.0009509999999999305
5541,0.001369499999999998
5542,0.0020200714285714635
5543,0.002312035714285697
5544,0.002223857142857152
5545,0.0018357857142857219
5546,0.0016929642857143332
5547,0.001931035714285656
5548,0.0025041428571429135
5549,0.0027066428571427843
5550,0.0022691785714285015
5551,0.001433785714285715
5552,0.0008120357142856907
5553,0.000764464285714236
5554,0.0011480357142857603
5555,0.0016363928571429146
5556,0.0017413928571428984
5557,0.0014632500000000652
5558,0.0009542142857143229
5559,0.0008541428571428002
5560,0.0011653928571429312
5561,0.001766571428571392
5562,0.002032071428571466
5563,0.0018622500000000336
5564,0.001321607142857165
5565,0.0009768214285714855
5566,0.0010817142857142922
5567,0.0015850714285714877
5568,0.0020447142857142253
5569,0.0020518928571427912
5570,0.0016341428571428095
5571,0.0011177142857142996
5572,0.001066178571428519
5573,0.0014365714285713997
5574,0.0019891071428570937
5575,0.0021688928571429295
5576,0.0019390714285714848
5577,0.0013541785714285787
5578,0.001105714285714297
5579,0.0013088571428570767
5580,0.0018718928571429063
5581,0.0022463571428571376
5582,0.0021421071428570876
5583,0.0016413214285713755
5584,0.001211785714285745
5585,0.0012534642857142991
5586,0.00170421428571425
5587,0.0022269642857142154
5588,0.002277857142857087
5589,0.0019336071428571395
5590,0.001404107142857163
5591,0.0012799285714286109
5592,0.0015630000000000572
5593,0.0021399642857143114
5594,0.0023891785714285265
5595,0.0022016785714285446
5596,0.0016434642857143039
5597,0.001309392857142809
5598,0.0014466428571428278
5599,0.001989214285714271
5600,0.002444571428571456
5601,0.00241296428571433
5602,0.0019705714285714344
5603,0.0014666785714285066
5604,0.001408071428571489
5605,0.0017517857142857046
5606,0.0023218928571429234
5607,0.0024878571428572065
5608,0.002220000000000003
5609,0.0016280357142857075
5610,0.0013710000000000174
5611,0.0015729642857143084
5612,0.0021337500000000328
5613,0.002449071428571362
5614,0.0023145000000000036
5615,0.0017828571428570989
5616,0.001323749999999941
5617,0.0013470000000000125
5618,0.0017837142857143615
5619,0.002282357142857145
5620,0.0023101071428571224
5621,0.0019164642857143223
5622,0.0013359642857142973
5623,0.001212321428571477
5624,0.0015004285714285612
5625,0.0020540357142857196
5626,0.002270678571428521
5627,0.002047821428571441
5628,0.0014651785714286396
5629,0.0011030357142857892
5630,0.0012131785714285875
5631,0.0017288571428571637
5632,0.0021501428571429164
5633,0.0020968928571429147
5634,0.0016389642857142458
5635,0.0011351785714286474
5636,0.0010944642857142282
5637,0.0014530714285714602
5638,0.0020023928571429143
5639,0.0021672857142857336
5640,0.0018857142857143065
5641,0.0012968571428570743
5642,0.0010576071428571104
5643,0.001259250000000023
5644,0.0018350357142857883
5645,0.002178964285714358
5646,0.0020602499999999983
5647,0.0015248571428571214
5648,0.0010685357142856487
5649,0.0011092500000000679
5650,0.0015797142857143192
5651,0.0020930357142857656
5652,0.0021270000000000217
5653,0.0017507142857142405
5654,0.0011946428571429277
5655,0.0010688571428571793
5656,0.001365107142857117
5657,0.0019359642857142692
5658,0.002158071428571416
5659,0.0019439999999999458
5660,0.0013688571428570892
5661,0.0010481785714285914
5662,0.0011701071428571908
5663,0.0017088214285714846
5664,0.002142428571428618
5665,0.0021012857142856437
5666,0.0016442142857142374
5667,0.0011376428571428017
5668,0.0010969285714285348
5669,0.0014698928571428992
5670,0.0020189999999999995
5671,0.0021399642857143114
5672,0.0018487500000000116
5673,0.00125700000000007
5674,0.0010256785714286057
5675,0.001250250000000059
5676,0.0018313928571428407
5677,0.002158071428571416
5678,0.0020335714285714852
5679,0.001495607142857125
5680,0.001048392857142793
5681,0.0011021785714285263
5682,0.0015739285714285955
5683,0.0020785714285714565
5684,0.002100750000000064
5685,0.001713107142857189
5686,0.0011645357142856686
5687,0.0010370357142856993
5688,0.0013426071428571313
5689,0.001929535714285789
5690,0.002159892857142814
5691,0.0019353214285713603
5692,0.0013264285714286014
5693,0.0009643928571429277
5694,0.0010981071428571758
5695,0.0016736785714285877
5696,0.0021650357142857807
5697,0.0021041785714285056
5698,0.001606607142857186
5699,0.0010708928571429308
5700,0.0010383214285713648
5701,0.0014617500000000457
5702,0.0020485714285713745
5703,0.0021673928571429102
5704,0.0018483214285714565
5705,0.001248535714285686
5706,0.0010231071428571223
5707,0.0012515357142857248
5708,0.0018274285714285148
5709,0.0021253928571428257
5710,0.001982571428571437
5711,0.0014445000000000516
5712,0.0009980357142856532
5713,0.0010443214285714422
5714,0.0015199285714285083
5715,0.0020224285714285934
5716,0.0020601428571428216
5717,0.0016576071428570825
5718,0.0010811785714285602
5719,0.0009703928571428528
5720,0.0012846428571428703
5721,0.0018516428571428735
5722,0.002068178571428498
5723,0.0018549642857142905
5724,0.0012745714285714424
5725,0.0009409285714285026
5726,0.0011421428571428598
5727,0.001756607142857141
5728,0.0022561071428571873
5729,0.002328642857142782
5730,0.0020322857142856675
5731,0.0017149285714285866
5732,0.0018163928571427997
5733,0.002262321428571466
5734,0.0028275000000000717
5735,0.0028698214285713826
5736,0.0023032499999999347
5737,0.0013766785714285643
5738,0.0009219642857142877
5739,0.0010507500000000748
5740,0.0015426428571428477
5741,0.001791642857142861
5742,0.00167742857142856
5743,0.001229142857142916
5744,0.000894428571428512
5745,0.0009924642857142832
5746,0.0014735357142856946
5747,0.0019838571428571023
5748,0.00205489285714283
5749,0.0017164285714286061
5750,0.001197964285714345
5751,0.0010744285714285493
5752,0.0013601785714285038
5753,0.0019083214285714688
5754,0.0021154285714285745
5755,0.0019358571428570925
5756,0.001420178571428516
5757,0.0011136428571427968
5758,0.001249714285714327
5759,0.0017606785714286437
5760,0.002152392857142869
5761,0.002120142857142834
5762,0.0016961785714285733
5763,0.0012243214285714795
5764,0.0011858571428571656
5765,0.0015638571428571676
5766,0.0020979642857142265
5767,0.002214428571428633
5768,0.0019580357142856995
5769,0.001414178571428591
5770,0.0012104999999999271
5771,0.0014245714285713972
5772,0.0019673571428571943
5773,0.0022834285714286094
5774,0.0021667500000000016
5775,0.0016702499999999938
5776,0.0012845357142856934
5777,0.0013552500000000428
5778,0.0018148928571429326
5779,0.00229339285714286
5780,0.0023485714285714364
5781,0.0019827857142856384
5782,0.0014484642857142255
5783,0.0013346785714286316
5784,0.001636607142857116
5785,0.0022011428571428126
5786,0.002435142857142785
5787,0.0022325357142857377
5788,0.0016984285714285261
5789,0.0013975714285713535
5790,0.0015148928571428705
5791,0.002024249999999991
5792,0.0024276428571428405
5793,0.0023714999999999774
5794,0.001929964285714344
5795,0.001464321428571377
5796,0.00144160714285719
5797,0.0018114642857143387
5798,0.0023201785714285503
5799,0.0024130714285713548
5800,0.0021096428571428507
5801,0.0015569999999999798
5802,0.0013391785714285374
5803,0.0015419999999999386
5804,0.002068821428571407
5805,0.002340857142857138
5806,0.0021829285714285314
5807,0.0016603928571429195
5808,0.001266428571428589
5809,0.0013062857142857455
5810,0.0017290714285713652
5811,0.0021716785714286147
5812,0.0021822857142857746
5813,0.001798928571428604
5814,0.001273607142857155
5815,0.0011641071428571135
5816,0.0014526428571429051
5817,0.0019703571428570806
5818,0.00214853571428572
5819,0.0019284642857143248
5820,0.0013860000000000586
5821,0.0010997142857142198
5822,0.0012460714285713794
5823,0.0017478214285713786
5824,0.002117464285714326
5825,0.002062178571428573
5826,0.001605964285714277
5827,0.0011376428571428017
5828,0.0011141785714285288
5829,0.0014891785714286447
5830,0.002014392857142917
5831,0.0021466071428571454
5832,0.001850785714285763
5833,0.001283035714285674
5834,0.001094678571428582
5835,0.001320535714285701
5836,0.0018527142857143377
5837,0.0021228214285714943
5838,0.0019969285714285688
5839,0.0015016071428572023
5840,0.0011145000000000595
5841,0.0011807142857143509
5842,0.0016591071428571017
5843,0.00211585714285713
5844,0.0021205714285713892
5845,0.0017232857142856417
5846,0.0011883214285714721
5847,0.001098642857142908
5848,0.001441500000000013
5849,0.001998000000000033
5850,0.0021778928571428934
5851,0.0019402499999999735
5852,0.0013827857142856663
5853,0.0011046428571428331
5854,0.001269750000000006
5855,0.0017837142857143615
5856,0.0021540000000000656
5857,0.0020943214285714315
5858,0.0016220357142857824
5859,0.0011542500000000391
5860,0.0011661428571428647
5861,0.0015654642857142115
5862,0.0020691428571427855
5863,0.0021504642857142946
5864,0.0018487500000000116
5865,0.0013117499999999386
5866,0.0011236071428572002
5867,0.001346142857142902
5868,0.00188828571428579
5869,0.002162142857142919
5870,0.002012035714285787
5871,0.001510714285714343
5872,0.0011363571428571362
5873,0.00120396428571427
5874,0.0016859999999999686
5875,0.0021467142857143225
5876,0.00214853571428572
5877,0.0017482499999999339
5878,0.0012248571428572117
5879,0.0011361428571427825
5880,0.001465500000000018
5881,0.0020263928571429193
5882,0.0022115357142857713
5883,0.0019737857142856745
5884,0.0014186785714284968
5885,0.001148142857142785
5886,0.001311000000000005
5887,0.0018437142857142216
5888,0.002222678571428511
5889,0.0021463928571427916
5890,0.0016714285714286349
5891,0.0012210000000000625
5892,0.0012203571428571537
5893,0.001627714285714329
5894,0.0021548571428571758
5895,0.002268000000000013
5896,0.001970678571428611
5897,0.0014285357142857233
5898,0.001242321428571407
5899,0.0014698928571428992
5900,0.0020059285714285327
5901,0.0022560000000000106
5902,0.0020962500000000057
5903,0.0015543214285714717
5904,0.0011682857142856409
5905,0.0012795000000000555
5906,0.001759392857142826
5907,0.00218507142857146
5908,0.002181642857142866
5909,0.0017874642857143336
5910,0.0012808928571428982
5911,0.0011924999999999995
5912,0.0015104999999999893
5913,0.0020519999999999683
5914,0.002206499999999981
5915,0.001955035714285661
5916,0.001417500000000008
5917,0.0011728928571428758
5918,0.0013375714285714935
5919,0.0018980357142856872
5920,0.002325964285714274
5921,0.0023335714285713954
5922,0.0019755000000000475
5923,0.0016832142857142835
5924,0.0018629999999999671
5925,0.002401821428571438
5926,0.002972142857142858
5927,0.0030835714285714745
5928,0.002711250000000019
5929,0.0019213928571427832
5930,0.0013813928571428237
5931,0.0013627499999999872
5932,0.0018131785714285596
5933,0.0020132142857142757
5934,0.0017978571428571399
5935,0.0012745714285714424
5936,0.0009731785714285377
5937,0.0011312142857143215
5938,0.0016682142857142423
5939,0.002140178571428513
5940,0.002165142857142805
5941,0.0017894999999999329
5942,0.0013033928571428838
5943,0.0012421071428572058
5944,0.0015670714285714077
5945,0.0021058928571428786
5946,0.0022802142857142166
5947,0.002051250000000035
5948,0.0015319285714285107
5949,0.0012816428571428317
5950,0.001438178571428596
5951,0.001971214285714343
5952,0.0023118214285714955
5953,0.002222785714285688
5954,0.0018025714285713995
5955,0.0014138571428572127
5956,0.0014194285714285825
5957,0.0017943214285713691
5958,0.0022553571428571015
5959,0.0023308928571428873
5960,0.0020443928571428466
5961,0.0015454285714285325
5962,0.0014299285714285657
5963,0.0016933928571428883
5964,0.0022013571428571663
5965,0.0024158571428571918
5966,0.0022453928571428503
5967,0.0017747142857142454
5968,0.0014735357142856946
5969,0.0015865714285713548
5970,0.0020489999999999294
5971,0.002450464285714357
5972,0.0024192857142857857
5973,0.002037535714285659
5974,0.0015834642857142913
5975,0.0015533571428571844
5976,0.0019004999999999938
5977,0.002409214285714358
5978,0.0025369285714285286
5979,0.002292857142857128
5980,0.0017728928571428477
5981,0.001554107142857118
5982,0.001740428571428611
5983,0.0022321071428571823
5984,0.002563928571428572
5985,0.002491500000000002
5986,0.002042142857142894
5987,0.0016197857142856772
5988,0.0016426071428571934
5989,0.0020502857142857475
5990,0.002482071428571483
5991,0.0025398214285713904
5992,0.0022147500000000114
5993,0.0016763571428570958
5994,0.001541357142857182
5995,0.0017854285714285823
5996,0.0022845000000000734
5997,0.0024766071428571376
5998,0.002277428571428532
5999,0.0017679642857142345
6000,0.0014471785714285598
6001,0.0015464999999999967
6002,0.001992428571428511
6003,0.0023581071428571323
6004,0.002305821428571418
6005,0.0018983571428572178
6006,0.0014246785714285741
6007,0.0013557857142857748
6008,0.00167185714285719
6009,0.0021459642857142368
6010,0.002247428571428602
6011,0.0019961785714286352
6012,0.0014831785714285672
6013,0.0012442499999999817
6014,0.0014258571428572152
6015,0.0019510714285714873
6016,0.00226157142857138
6017,0.002140714285714245
6018,0.0016736785714285877
6019,0.0012837857142857598
6020,0.0013118571428571155
6021,0.001703571428571493
6022,0.002152071428571491
6023,0.002191392857142915
6024,0.001873071428571395
6025,0.0013891071428571219
6026,0.0012743571428570886
6027,0.0015255000000000305
6028,0.002024571428571369
6029,0.0022455000000000274
6030,0.0020646428571428795
6031,0.001550142857142792
6032,0.0012529285714285672
6033,0.0013843928571428625
6034,0.0018412500000000672
6035,0.002208857142857111
6036,0.0021688928571429295
6037,0.0017749285714285992
6038,0.00132942857142864
6039,0.0013016785714285105
6040,0.0016383214285714892
6041,0.002121107142857121
6042,0.0022228928571428647
6043,0.001968428571428506
6044,0.0014562857142857006
6045,0.0012604285714285116
6046,0.001458964285714361
6047,0.0019535357142856417
6048,0.0022358571428571544
6049,0.002110821428571492
6050,0.001654500000000019
6051,0.0012834642857142294
6052,0.0013459285714285483
6053,0.001753178571428547
6054,0.0021841071428571725
6055,0.002200500000000056
6056,0.0018596785714285501
6057,0.0013676785714286004
6058,0.0012613928571427989
6059,0.001534714285714348
6060,0.0020433214285713827
6061,0.0022318928571428286
6062,0.0020362499999999934
6063,0.00154082142857145
6064,0.0012506785714286144
6065,0.001385142857142796
6066,0.0018621428571428567
6067,0.002225035714285641
6068,0.002180464285714225
6069,0.0017731071428572014
6070,0.0013231071428571844
6071,0.0013100357142857178
6072,0.0016732500000000326
6073,0.00216471428571425
6074,0.0022359642857143315
6075,0.0019609285714285614
6076,0.0014652857142856642
6077,0.001286357142857091
6078,0.0015018214285714038
6079,0.0020073214285713753
6080,0.0022869642857142277
6081,0.0021622499999999433
6082,0.0016955357142856644
6083,0.0013370357142857615
6084,0.0014123571428571932
6085,0.0018288214285713572
6086,0.002268535714285745
6087,0.002286214285714294
6088,0.0019293214285714352
6089,0.0014332499999999827
6090,0.0013418571428571978
6091,0.0016088571428571389
6092,0.002091107142857191
6093,0.0022531071428571487
6094,0.00204428571428567
6095,0.0015402857142857178
6096,0.00126257142857144
6097,0.001396285714285688
6098,0.0018662142857143594
6099,0.002238964285714218
6100,0.0021823928571427995
6101,0.001759285714285649
6102,0.0013178571428571928
6103,0.001314321428571422
6104,0.0016491428571428505
6105,0.0021249642857142704
6106,0.002227071428571392
6107,0.0019704642857142573
6108,0.001486178571428606
6109,0.0013672500000000453
6110,0.0016525714285714444
6111,0.002267357142857104
6112,0.0026796428571428926
6113,0.0027009642857142376
6114,0.0023714999999999774
6115,0.0020890714285714397
6116,0.0022130357142856384
6117,0.0025977857142856515
6118,0.0027724285714285203
6119,0.002399571428571485
6120,0.0017695714285714307
6121,0.0011878928571429168
6122,0.0010508571428570995
6123,0.001282607142857119
6124,0.0017801785714285907
6125,0.0019992857142856987
6126,0.001878107142857185
6127,0.0014358214285714662
6128,0.0012048214285713804
6129,0.0014032500000000527
6130,0.0019196785714285624
6131,0.0022895357142857114
6132,0.00222889285714279
6133,0.001815107142857134
6134,0.0014021785714285885
6135,0.001396928571428597
6136,0.0017573571428570745
6137,0.0022455000000000274
6138,0.0023479285714285273
6139,0.002086285714285755
6140,0.0015664285714284988
6141,0.001379035714285694
6142,0.0016067142857142105
6143,0.0021227142857143176
6144,0.0023868214285713966
6145,0.0022535357142857036
6146,0.0018028928571429302
6147,0.0014664642857143053
6148,0.0015482142857142175
6149,0.001961785714285672
6150,0.002382321428571491
6151,0.0023937857142857615
6152,0.002047821428571441
6153,0.0015862499999999764
6154,0.001536321428571392
6155,0.0018332142857142384
6156,0.0023332500000000167
6157,0.002515607142857184
6158,0.002316857142857133
6159,0.0017848928571428501
6160,0.0015125357142857408
6161,0.0016987500000000568
6162,0.0022029642857142105
6163,0.0025601785714286
6164,0.002498142857142836
6165,0.0020838214285714483
6166,0.001663392857142806
6167,0.0016612500000000299
6168,0.0020289642857142503
6169,0.0025141071428571647
6170,0.0026003571428571347
6171,0.0023227500000000336
6172,0.0018272142857143133
6173,0.0016557857142856847
6174,0.0018614999999999478
6175,0.0023695714285714028
6176,0.0026278928571429106
6177,0.0024838928571428807
6178,0.002011821428571433
6179,0.0016459285714286104
6180,0.0016988571428570814
6181,0.0021298928571428836
6182,0.0025342500000000204
6183,0.002523964285714239
6184,0.002144250000000016
6185,0.0016588928571429002
6186,0.0015837857142856698
6187,0.001873071428571395
6188,0.0023385000000000085
6189,0.002466321428571356
6190,0.002227714285714301
6191,0.0017126785714286338
6192,0.0014645357142857307
6193,0.0016106785714285366
6194,0.0020642142857143246
6195,0.002381678571428582
6196,0.002291785714285664
6197,0.0018444642857143073
6198,0.0014032500000000527
6199,0.0013916785714286053
6200,0.0017540357142856575
6201,0.002223857142857152
6202,0.0022747500000000237
6203,0.0019776428571428237
6204,0.0014900357142857551
6205,0.0013451785714286148
6206,0.0015594642857142864
6207,0.002069464285714316
6208,0.0023247857142857853
6209,0.0021696428571428635
6210,0.0016896428571429162
6211,0.001339500000000068
6212,0.0014112857142857293
6213,0.0018431785714286418
6214,0.0022598571428571594
6215,0.0022555714285714553
6216,0.0018874285714285273
6217,0.0014122500000000166
6218,0.0013627499999999872
6219,0.0016571785714285271
6220,0.0021673928571429102
6221,0.002328749999999959
6222,0.0020976428571428483
6223,0.0015801428571428743
6224,0.0013212857142857867
6225,0.0014944285714286363
6226,0.00199392857142853
6227,0.0023143928571428265
6228,0.002222142857142931
6229,0.00178724999999998
6230,0.0013767857142857412
6231,0.0013928571428570942
6232,0.0017661428571428368
6233,0.002226642857142837
6234,0.002284071428571366
6235,0.001985785714285677
6236,0.0014906785714285118
6237,0.0013442142857143275
6238,0.001593214285714341
6239,0.002110714285714315
6240,0.0023524285714285856
6241,0.0021833571428570868
6242,0.0016954285714286398
6243,0.0013603928571428575
6244,0.0014473928571429135
6245,0.00187767857142863
6246,0.002282892857142877
6247,0.0022781785714286176
6248,0.001898250000000041
6249,0.0014340000000000685
6250,0.0013693928571428212
6251,0.0016730357142856788
6252,0.0021699642857142417
6253,0.0023193214285714397
6254,0.002094000000000053
6255,0.0015755357142856394
6256,0.0013399285714286232
6257,0.001516821428571445
6258,0.0020049642857142454
6259,0.0023321785714285528
6260,0.0022420714285714335
6261,0.001793892857142814
6262,0.0014061428571429146
6263,0.0014405357142857258
6264,0.0018241071428570978
6265,0.0022982142857142967
6266,0.002349857142857102
6267,0.0020395714285714106
6268,0.0015403928571428947
6269,0.0013921071428571606
6270,0.0016576071428570825
6271,0.002189464285714341
6272,0.0024093214285713822
6273,0.0022324285714285606
6274,0.0017396785714285253
6275,0.0014223214285714444
6276,0.0015211071428571493
6277,0.0019481785714286254
6278,0.002340321428571406
6279,0.0023017500000000676
6280,0.0019052142857142534
6281,0.0014439642857143197
6282,0.0013931785714286248
6283,0.0017000357142857225
6284,0.002187749999999968
6285,0.0023352857142857684
6286,0.0020969999999999396
6287,0.001591499999999968
6288,0.0013659642857142273
6289,0.0015394285714286074
6290,0.0020211428571429275
6291,0.0023212500000000143
6292,0.0022249285714286164
6293,0.0017997857142857145
6294,0.0014592857142857391
6295,0.001572000000000021
6296,0.0020367857142857253
6297,0.0025861071428571795
6298,0.0027516428571429078
6299,0.0025615714285714426
6300,0.0021582857142857697
6301,0.0021082500000000086
6302,0.0023888571428571483
6303,0.002722392857142911
6304,0.0025945714285714114
6305,0.0021310714285713724
6306,0.0014980714285714315
6307,0.001143750000000056
6308,0.0012236785714285707
6309,0.0016425000000000166
6310,0.0020331428571429304
6311,0.002019749999999933
6312,0.0016932857142857114
6313,0.0013140000000000436
6314,0.0013265357142857783
6315,0.0016988571428570814
6316,0.0022296428571428758
6317,0.002378892857142897
6318,0.002150249999999941
6319,0.001649999999999961
6320,0.001428214285714345
6321,0.0016111071428570917
6322,0.002100107142857155
6323,0.0024059999999999655
6324,0.002315357142857114
6325,0.0018858214285714834
6326,0.001500642857142915
6327,0.001552500000000074
6328,0.001962321428571404
6329,0.0024115714285714877
6330,0.0024515357142856687
6331,0.0021278571428571323
6332,0.001638857142857069
6333,0.0015333214285713531
6334,0.0018010714285713802
6335,0.0023177142857142437
6336,0.002531249999999982
6337,0.002353928571428605
6338,0.001863642857142876
6339,0.0015630000000000572
6340,0.0016851428571428581
6341,0.0021560357142856646
6342,0.0025476428571428655
6343,0.0025101428571428384
6344,0.0021249642857142704
6345,0.0016943571428571756
6346,0.0016728214285714773
6347,0.0020155714285714057
6348,0.002529428571428584
6349,0.0026540357142856917
6350,0.002398392857142844
6351,0.0018890357142857235
6352,0.0016771071428571815
6353,0.001874357142857213
6354,0.0023796428571428306
6355,0.0026776071428571413
6356,0.002587500000000022
6357,0.0021505714285714717
6358,0.0017764285714286184
6359,0.0018118928571428938
6360,0.0022068214285713593
6361,0.0026530714285714044
6362,0.002677821428571495
6363,0.002327035714285738
6364,0.001833107142857214
6365,0.0017187857142857358
6366,0.0019812857142857713
6367,0.0024772500000000467
6368,0.002650607142857098
6369,0.0024443571428571027
6370,0.0019342500000000483
6371,0.001619892857142854
6372,0.0017381785714285058
6373,0.0021811071428571335
6374,0.002539928571428567
6375,0.0024934285714285766
6376,0.002055642857142916
6377,0.0015714642857142889
6378,0.0015275357142857818
6379,0.001859785714285727
6380,0.0023301428571428015
6381,0.0024279642857142187
6382,0.002175749999999965
6383,0.0016448571428571463
6384,0.0014215714285713587
6385,0.0016102499999999813
6386,0.0020976428571428483
6387,0.002359499999999975
6388,0.002229107142857144
6389,0.001777821428571461
6390,0.0014018571428572103
6391,0.0014433214285714108
6392,0.0018447857142856858
6393,0.002267892857142836
6394,0.002295964285714344
6395,0.0019745357142857602
6396,0.0014878928571428268
6397,0.0013830000000000198
6398,0.0016522500000000662
6399,0.002148642857142897
6400,0.002332821428571462
6401,0.0021423214285714413
6402,0.001661142857142853
6403,0.0013793571428570724
6404,0.0015030000000000449
6405,0.001956750000000034
6406,0.0023146071428571803
6407,0.002256749999999944
6408,0.0018556071428571996
6409,0.0014246785714285741
6410,0.0014094642857143316
6411,0.0017527499999999917
6412,0.002236928571428619
6413,0.002339464285714296
6414,0.0020707499999999815
6415,0.0015532500000000075
6416,0.0013436785714285955
6417,0.0015604285714285737
6418,0.002086285714285755
6419,0.0023524285714285856
6420,0.0022167857142857627
6421,0.0017626071428572183
6422,0.0013985357142856408
6423,0.001458214285714275
6424,0.0018606428571428374
6425,0.002275821428571488
6426,0.002300250000000048
6427,0.0019783928571429094
6428,0.0014945357142856607
6429,0.001383535714285752
6430,0.0016514999999999805
6431,0.0021522857142856925
6432,0.0023244642857142544
6433,0.0021302142857142618
6434,0.0016383214285714892
6435,0.0013686428571428877
6436,0.001500642857142915
6437,0.001969607142857147
6438,0.002326500000000006
6439,0.0022666071428571704
6440,0.0018416785714286225
6441,0.0014038928571428093
6442,0.0014061428571429146
6443,0.001767750000000033
6444,0.0022659642857142614
6445,0.002371285714285776
6446,0.0020742857142857524
6447,0.0015470357142857289
6448,0.0013726071428572138
6449,0.0015925714285714321
6450,0.002093785714285699
6451,0.002367750000000005
6452,0.0022594285714286045
6453,0.0018041785714285957
6454,0.0014508214285713552
6455,0.0015097500000000558
6456,0.001915607142857212
6457,0.002333035714285663
6458,0.002329392857142868
6459,0.0019674642857142187
6460,0.001468285714285703
6461,0.0013688571428570892
6462,0.0016314642857143014
6463,0.0021392142857142257
6464,0.0023329285714286385
6465,0.0021336428571428557
6466,0.0016264285714285114
6467,0.0013380000000000488
6468,0.001458214285714275
6469,0.0019362857142856476
6470,0.0023071071428570834
6471,0.002246678571428516
6472,0.00181907142857146
6473,0.001358892857142838
6474,0.0013480714285714766
6475,0.001761000000000022
6476,0.0023321785714285528
6477,0.0025280357142857418
6478,0.002377821428571433
6479,0.0019821428571428815
6480,0.0019164642857143223
6481,0.0022442142857143615
6482,0.0028648928571429217
6483,0.003184821428571486
6484,0.0029552142857142425
6485,0.0021320357142856597
6486,0.0013854642857143266
6487,0.001256892857142893
6488,0.0016714285714286349
6489,0.0020915357142857463
6490,0.002058214285714247
6491,0.0016766785714286264
6492,0.0011755714285713837
6493,0.0011224285714285592
6494,0.0014943214285714594
6495,0.002127964285714309
6496,0.0023697857142857565
6497,0.002164285714285695
6498,0.001590964285714236
6499,0.0012780000000000363
6500,0.0014329285714286045
6501,0.002003464285714226
6502,0.0024338571428571196
6503,0.002388749999999971
6504,0.0019060714285713638
6505,0.0013919999999999837
6506,0.0013536428571428465
6507,0.0017589642857142706
6508,0.0023423571428571577
6509,0.0024983571428571897
6510,0.0022057500000000475
6511,0.0015918214285714986
6512,0.0013321071428571481
6513,0.0015399642857143396
6514,0.0021448928571429246
6515,0.002526750000000076
6516,0.002436749999999981
6517,0.001858071428571354
6518,0.0013632857142857192
6519,0.0013767857142857412
6520,0.001903821428571411
6521,0.002487214285714298
6522,0.0025944642857142343
6523,0.0022156071428571216
6524,0.001578107142857123
6525,0.0013810714285714455
6526,0.0016802142857142448
6527,0.002340964285714315
6528,0.0026447142857143496
6529,0.0024716785714285244
6530,0.001842428571428556
6531,0.0014508214285713552
6532,0.0015504642857143227
6533,0.002131714285714281
6534,0.0026311071428571507
6535,0.0026503928571428963
6536,0.0021767142857142523
6537,0.0016015714285713958
6538,0.0014843571428572082
6539,0.001879714285714229
6540,0.002527178571428631
6541,0.0027333214285714495
6542,0.0024317142857143434
6543,0.0017742857142856903
6544,0.0014773928571428436
6545,0.0016566428571427952
6546,0.002285892857142916
6547,0.002673857142857169
6548,0.002579678571428547
6549,0.00199307142857142
6550,0.0014748214285713601
6551,0.0014461071428570956
6552,0.0019434642857142138
6553,0.0025204285714286205
6554,0.0026061428571428585
6555,0.0021778928571428934
6556,0.0015138214285714063
6557,0.0012973928571428062
6558,0.0015842142857142249
6559,0.0022434642857142757
6560,0.002509285714285728
6561,0.002293071428571482
6562,0.0016262142857143098
6563,0.00120900000000006
6564,0.0012882857142856657
6565,0.0018847500000000192
6566,0.002367214285714273
6567,0.0023578928571429307
6568,0.0018311785714286394
6569,0.001231178571428515
6570,0.0011585357142857434
6571,0.0015833571428571145
6572,0.002206499999999981
6573,0.0023952857142857807
6574,0.0020847857142857356
6575,0.001414178571428591
6576,0.0011238214285714016
6577,0.0013282499999999991
6578,0.0019797857142857516
6579,0.0023724642857142647
6580,0.0022628571428571984
6581,0.0016397142857143315
6582,0.0011356071428572027
6583,0.0011659285714285112
6584,0.0017160000000000508
6585,0.002304642857142929
6586,0.0023992499999999544
6587,0.0019783928571429094
6588,0.0013231071428571844
6589,0.0011222142857143576
6590,0.0014425714285714773
6591,0.0021113571428570716
6592,0.002393892857142786
6593,0.00217210714285717
6594,0.0015082500000000363
6595,0.0011309999999999678
6596,0.0012566785714285395
6597,0.0018618214285714783
6598,0.0023502857142856572
6599,0.002356499999999936
6600,0.0018249642857143605
6601,0.0012371785714285924
6602,0.0011442857142857882
6603,0.001568678571428604
6604,0.0022203214285713814
6605,0.0024141428571428187
6606,0.0020881071428571524
6607,0.0013928571428570942
6608,0.0010921071428570985
6609,0.0013233214285713858
6610,0.0019987499999999667
6611,0.0023926071428571204
6612,0.0022909285714285536
6613,0.0016636071428571598
6614,0.0011561785714286137
6615,0.0011675357142857073
6616,0.0017083928571429295
6617,0.0022874999999999597
6618,0.002378357142857165
6619,0.0019428214285714571
6620,0.0012991071428571795
6621,0.0011236071428572002
6622,0.0014423571428571235
6623,0.002112321428571359
6624,0.0024042857142857446
6625,0.0021921428571428487
6626,0.0015182142857142875
6627,0.001125428571428598
6628,0.0012441428571428048
6629,0.0018755357142857016
6630,0.0023653928571428754
6631,0.0023651785714285216
6632,0.0018469285714286141
6633,0.0012548571428571418
6634,0.0011635714285713813
6635,0.0016001785714285534
6636,0.002256749999999944
6637,0.0024577499999999474
6638,0.0021391071428572012
6639,0.0014696785714285454
6640,0.0011885357142856735
6641,0.0014053928571428286
6642,0.0020638928571427937
6643,0.002438464285714354
6644,0.00229896428571423
6645,0.001649464285714229
6646,0.0011382857142857108
6647,0.001170428571428569
6648,0.0017260714285714787
6649,0.002292428571428573
6650,0.0023808214285714717
6651,0.0019377857142856669
6652,0.0013016785714285105
6653,0.0011293928571429238
6654,0.0014495357142856895
6655,0.0020899285714285503
6656,0.002366035714285784
6657,0.002180464285714225
6658,0.0015063214285714619
6659,0.0010952142857143141
6660,0.0012239999999999489
6661,0.0019094999999999577
6662,0.0024723214285714335
6663,0.0025484999999999757
6664,0.0021096428571428507
6665,0.0016724999999999466
6666,0.001763785714285707
6667,0.0023416071428570715
6668,0.0030361071428571967
6669,0.0032401071428570867
6670,0.0028329642857142646
6671,0.0018905357142857428
6672,0.0012552857142856969
6673,0.0012476785714285756
6674,0.0018228214285714321
6675,0.002124642857142892
6676,0.0019429285714286338
6677,0.0013225714285714522
6678,0.0008996785714285035
6679,0.0010237500000000311
6680,0.001660607142857121
6681,0.0022555714285714553
6682,0.0023385000000000085
6683,0.001901035714285726
6684,0.0012912857142857045
6685,0.0011429999999999702
6686,0.001491642857142799
6687,0.0021599999999999905
6688,0.002452392857142931
6689,0.0022309285714285413
6690,0.0015623571428571483
6691,0.0011915357142857123
6692,0.0013415357142856671
6693,0.001980214285714307
6694,0.002444571428571456
6695,0.002425821428571443
6696,0.0018768214285713673
6697,0.0013164642857143502
6698,0.0012620357142857077
6699,0.0017379642857143045
6700,0.0023680714285713835
6701,0.002521607142857109
6702,0.002182499999999976
6703,0.0015222857142857902
6704,0.0012493928571427964
6705,0.0014926071428570861
6706,0.0021813214285714873
6707,0.00256253571428573
6708,0.0024349285714285835
6709,0.0018003214285714465
6710,0.0013239642857142948
6711,0.0013722857142856831
6712,0.001955142857142838
6713,0.0025287857142856753
6714,0.0025988571428571155
6715,0.002137392857142828
6716,0.001495071428571393
6717,0.0013445357142857059
6718,0.0017296071428570972
6719,0.0024138214285714405
6720,0.002680071428571448
6721,0.0024512142857142905
6722,0.0018010714285713802
6723,0.0014495357142856895
6724,0.0015857142857142444
6725,0.0022146428571428343
6726,0.0026730000000000586
6727,0.002624785714285695
6728,0.002059285714285711
6729,0.0015130714285714727
6730,0.0014638928571428218
6731,0.0019219285714285154
6732,0.0025414285714285864
6733,0.0026812499999999367
6734,0.0023048571428571306
6735,0.001617107142857169
6736,0.0013496785714285206
6737,0.0015956785714284953
6738,0.0022518214285714828
6739,0.0025861071428571795
6740,0.0024398571428571967
6741,0.001782214285714342
6742,0.0012889285714285745
6743,0.001313142857142781
6744,0.001883785714285732
6745,0.0024354642857143155
6746,0.0024590357142857656
6747,0.001951178571428512
6748,0.001294285714285743
6749,0.0011435357142857024
6750,0.001520250000000039
6751,0.002165678571428537
6752,0.0024154285714286365
6753,0.0021676071428571118
6754,0.0014763214285713794
6755,0.0011043214285714547
6756,0.0012571071428570946
6757,0.0018895714285714555
6758,0.002325321428571365
6759,0.0022626428571428446
6760,0.0016898571428571175
6761,0.001163892857142912
6762,0.0011285357142856612
6763,0.00159760714285707
6764,0.0022042500000000282
6765,0.002354464285714337
6766,0.001990928571428644
6767,0.0013136785714285132
6768,0.0010708928571429308
6769,0.0013452857142856394
6770,0.002014714285714295
6771,0.002357678571428577
6772,0.0022085357142857327
6773,0.0015553928571427837
6774,0.0010930714285713858
6775,0.001149214285714249
6776,0.0017427857142857407
6777,0.0022910357142857307
6778,0.0023199642857143488
6779,0.0018343928571428795
6780,0.0012051428571429109
6781,0.0010727142857143285
6782,0.0014741785714286035
6783,0.0021571071428571286
6784,0.0023935714285714077
6785,0.002124750000000069
6786,0.001440428571428549
6787,0.0010942500000000268
6788,0.001253571428571476
6789,0.0018926785714285187
6790,0.002339785714285674
6791,0.002296285714285722
6792,0.001715892857142874
6793,0.0011529642857142214
6794,0.001108607142857159
6795,0.0016080000000000285
6796,0.0022086428571429094
6797,0.0023278928571428483
6798,0.001958464285714255
6799,0.0012962142857143176
6800,0.00104935714285708
6801,0.0013367142857142308
6802,0.002034749999999974
6803,0.002360357142857085
6804,0.0021874285714285893
6805,0.0015395357142857842
6806,0.0010999285714285735
6807,0.0011645357142856686
6808,0.0017584285714285386
6809,0.0022899642857142663
6810,0.002324678571428608
6811,0.0018241071428570978
6812,0.0011988214285714553
6813,0.0010723928571427978
6814,0.0014918571428571526
6815,0.002172642857142902
6816,0.002392285714285742
6817,0.0021192857142857237
6818,0.001460464285714228
6819,0.001131964285714255
6820,0.001292999999999925
6821,0.0019463571428570755
6822,0.002402035714285639
6823,0.00235114285714292
6824,0.0017761071428570878
6825,0.0012319285714286008
6826,0.001182214285714218
6827,0.0016821428571428194
6828,0.002287607142857137
6829,0.0024042857142857446
6830,0.0019842857142856577
6831,0.0012984642857142704
6832,0.001059428571428508
6833,0.001359642857142924
6834,0.0020617500000000176
6835,0.0023851071428571758
6836,0.0022060714285714257
6837,0.0015350357142857262
6838,0.0010937142857142946
6839,0.00116335714285718
6840,0.0017467500000000668
6841,0.0022619999999999355
6842,0.0023038928571428433
6843,0.001811785714285717
6844,0.0012109285714286347
6845,0.0010810714285713833
6846,0.0014986071428571637
6847,0.0021977142857142187
6848,0.002476499999999961
6849,0.002298642857142852
6850,0.0017469642857142682
6851,0.0015825000000000043
6852,0.001939392857142863
6853,0.0027066428571427843
6854,0.0031833214285714663
6855,0.0031369285714285006
6856,0.0024354642857143155
6857,0.0015805714285714297
6858,0.00118778571428574
6859,0.0015079285714285058
6860,0.0020491071428571065
6861,0.0021041785714285056
6862,0.0016525714285714444
6863,0.0010111071428571198
6864,0.0008720357142857032
6865,0.0012290357142857391
6866,0.0019523571428571528
6867,0.0022961785714285454
6868,0.002144678571428571
6869,0.001512321428571387
6870,0.0011241428571429322
6871,0.001232892857142888
6872,0.001851857142857075
6873,0.0023830714285714245
6874,0.0023931428571428524
6875,0.0018563571428571331
6876,0.0012364285714285066
6877,0.0011356071428572027
6878,0.0015777857142857447
6879,0.0022700357142857643
6880,0.0024853928571429
6881,0.0021785357142856503
6882,0.0014885357142857356
6883,0.00118274999999995
6884,0.0013862142857142602
6885,0.002055642857142916
6886,0.002480785714285665
6887,0.002418857142857078
6888,0.001832357142857128
6889,0.0013265357142857783
6890,0.001320428571428524
6891,0.0018219642857143217
6892,0.002408357142857095
6893,0.0025204285714286205
6894,0.0021047142857142376
6895,0.0014541428571429244
6896,0.001250250000000059
6897,0.001575321428571438
6898,0.0022767857142857754
6899,0.0026011071428570683
6900,0.002424642857142802
6901,0.0017662500000000137
6902,0.0013521428571428272
6903,0.0014591785714285622
6904,0.0020908928571428376
6905,0.00260078571428569
6906,0.002624142857142786
6907,0.0021119999999999806
6908,0.001517892857142909
6909,0.001421464285714334
6910,0.0018553928571428458
6911,0.002521499999999932
6912,0.0027262500000000602
6913,0.0024255000000000643
6914,0.001750392857142862
6915,0.0014323928571428723
6916,0.0016330714285714976
6917,0.002287285714285758
6918,0.0026791071428571606
6919,0.002582999999999964
6920,0.001967250000000017
6921,0.0014496428571428664
6922,0.00143925000000006
6923,0.0019582500000000533
6924,0.0025196785714285343
6925,0.0026034642857143504
6926,0.0021767142857142523
6927,0.0015077142857143043
6928,0.0012978214285713616
6929,0.001599321428571443
6930,0.0022318928571428286
6931,0.0024925714285714664
6932,0.0022869642857142277
6933,0.0016191428571429205
6934,0.0012132857142857644
6935,0.0013079999999999663
6936,0.0019084285714286457
6937,0.002372785714285643
6938,0.0023378571428570995
6939,0.001781250000000055
6940,0.0011922857142856458
6941,0.0011203928571428077
6942,0.001572535714285753
6943,0.002213464285714346
6944,0.0023874642857143057
6945,0.0020537142857143414
6946,0.0013553571428570673
6947,0.0010630714285714557
6948,0.0012748928571428206
6949,0.0019370357142857334
6950,0.002337428571428544
6951,0.0022391785714285716
6952,0.0016042500000000562
6953,0.0010925357142856538
6954,0.0011084999999999821
6955,0.0016534285714285548
6956,0.0022357499999999778
6957,0.0023361428571428786
6958,0.0018917142857142316
6959,0.001217249999999938
6960,0.001047321428571481
6961,0.0014137500000000359
6962,0.0020915357142857463
6963,0.0023538214285714278
6964,0.0021460714285714134
6965,0.0015101785714286109
6966,0.0011294999999999485
6967,0.0012522857142856583
6968,0.0018621428571428567
6969,0.002324678571428608
6970,0.002323714285714321
6971,0.0018128571428571811
6972,0.0012377142857143246
6973,0.0011529642857142214
6974,0.0015990000000000646
6975,0.0022570714285714746
6976,0.002450892857142912
6977,0.00211585714285713
6978,0.0014237142857142868
6979,0.001149321428571426
6980,0.0013885714285713899
6981,0.002047714285714264
6982,0.00241617857142857
6983,0.0023195357142856412
6984,0.0016953214285714629
6985,0.0011959285714285934
6986,0.0012202499999999768
6987,0.0017791071428571266
6988,0.0023585357142856876
6989,0.0024448928571428347
6990,0.0019982142857142347
6991,0.0013366071428572062
6992,0.0011549999999999727
6993,0.0015059999999999312
6994,0.002188607142857078
6995,0.0024606428571428093
6996,0.002216142857142854
6997,0.0015533571428571844
6998,0.0011913214285713585
6999,0.0013261071428570708
7000,0.0019670357142856634
7001,0.002446285714285677
7002,0.0024199285714285425
7003,0.0018820714285713589
7004,0.0013337142857143445
7005,0.001269750000000006
7006,0.0017229642857142632
7007,0.002344928571428641
7008,0.0025208571428571754
7009,0.0022176428571428733
7010,0.0015863571428571532
7011,0.0013391785714285374
7012,0.0015779999999999462
7013,0.0022314642857142733
7014,0.002590392857142884
7015,0.0024702857142856823
7016,0.0018432857142856665
7017,0.001359000000000015
7018,0.001390821428571495
7019,0.0019338214285714932
7020,0.0024512142857142905
7021,0.0025024285714285405
7022,0.002068392857142852
7023,0.0014845714285714098
7024,0.001359642857142924
7025,0.0016954285714286398
7026,0.0023329285714286385
7027,0.0025658571428571466
7028,0.0023207142857142823
7029,0.00168246428571435
7030,0.0013631785714285423
7031,0.0015220714285714364
7032,0.002121964285714232
7033,0.002576892857142862
7034,0.0025959642857142536
7035,0.0021449999999999495
7036,0.0017111785714286145
7037,0.001787785714285712
7038,0.0023763214285714134
7039,0.0031364999999999453
7040,0.0033919285714285913
7041,0.003123428571428631
7042,0.002526535714285722
7043,0.0021215357142856765
7044,0.0019792500000000196
7045,0.0022704642857143196
7046,0.0024622500000000057
7047,0.0022564285714285655
7048,0.001577035714285659
7049,0.001123071428571468
7050,0.0012238928571429244
7051,0.0018438214285713985
7052,0.0024493928571428926
7053,0.0025560000000000725
7054,0.0021391071428572012
7055,0.0015545357142856733
7056,0.0014278928571428142
7057,0.001805678571428615
7058,0.002442428571428528
7059,0.0026835000000000418
7060,0.0024667500000000635
7061,0.0018456428571427962
7062,0.001530750000000022
7063,0.0017322857142857576
7064,0.0023362500000000557
7065,0.002738035714285709
7066,0.0026951785714285138
7067,0.002162571428571474
7068,0.0016285714285714395
7069,0.0015949285714285618
7070,0.002083392857142893
7071,0.002653714285714313
7072,0.0027850714285714315
7073,0.002498250000000013
7074,0.0018974999999999552
7075,0.0016302857142856603
7076,0.001850785714285763
7077,0.0025090714285713744
7078,0.002830607142857135
7079,0.0026731071428570835
7080,0.002082321428571429
7081,0.001705928571428623
7082,0.0018589285714286166
7083,0.002452178571428578
7084,0.002941178571428641
7085,0.0029485714285714085
7086,0.0025598571428570695
7087,0.00200924999999995
7088,0.0018215357142857666
7089,0.0020485714285713745
7090,0.0025247142857143245
7091,0.002732249999999985
7092,0.002491071428571447
7093,0.001995749999999928
7094,0.0019067142857142727
7095,0.0020462142857142446
7096,0.0025524642857143016
7097,0.002920821428571431
7098,0.002928214285714351
7099,0.0024485357142857824
7100,0.0018722142857142846
7101,0.0018486428571428347
7102,0.0024310714285714343
7103,0.002919964285714321
7104,0.003107785714285681
7105,0.0027958928571427933
7106,0.0021907500000000065
7107,0.0019855714285714754
7108,0.0022168928571427876
7109,0.0027842142857143213
7110,0.0030030000000000508
7111,0.00277982142857144
7112,0.0021668571428571782
7113,0.0017121428571429018
7114,0.0018587142857142628
7115,0.002542928571428606
7116,0.0030805714285714355
7117,0.003033214285714335
7118,0.002499964285714234
7119,0.0017488928571428428
7120,0.0014968928571427907
7121,0.0019373571428571118
7122,0.0027165000000000106
7123,0.0029328214285714335
7124,0.0025375714285714376
7125,0.0017970000000000295
7126,0.0014489999999999575
7127,0.0016563214285714167
7128,0.002266178571428615
7129,0.0026095714285714524
7130,0.0025524642857143016
7131,0.0020071071428571737
7132,0.0014377500000000408
7133,0.001222392857142905
7134,0.0016588928571429002
7135,0.002409642857142913
7136,0.0026835000000000418
7137,0.0021849642857142827
7138,0.0011168571428571891
7139,0.000815785714285663
7140,0.0014840357142856776
7141,0.0020821071428570753
7142,0.0019812857142857713
7143,0.0017040000000000484
7144,0.0009417857142857652
7145,0.0003806785714285102
7146,0.000446142857142868
7147,0.0010206428571428157
7148,0.0014618571428570704
7149,0.0012926785714285469
7150,0.0006088928571429112
7151,-0.0001078928571428455
7152,-0.00033289285714285403
7153,5.2392857142891104e-05
7154,0.0007361785714285268
7155,0.000940178571428569
7156,0.0006361071428571563
7157,-0.0001735714285714047
7158,-0.0010142142857142592
7159,-0.0012012857142856858
7160,-0.00033214285714284434
7161,0.0007153928571429142
7162,0.0009661071428571485
7163,0.00011592857142852202
7164,-0.0010342500000000143
7165,-0.0016204285714285862
7166,-0.0010983214285714535
7167,9.235714285707226e-05
7168,0.0008216785714285635
7169,0.00044453571428567176
7170,-0.0008973214285714499
7171,-0.0017681785714285883
7172,-0.0015671785714285846
7173,-0.0004678928571428439
7174,0.0005237142857142528
7175,0.0006434999999999239
7176,-0.00032335714285715815
7177,-0.0014434285714285875
7178,-0.0019163571428571454
7179,-0.0010804285714285506
7180,0.00023710714285718788
7181,0.0008021785714286165
7182,0.0003102857142856915
7183,-0.0008800714285714558
7184,-0.0016229999999999936
7185,-0.0014065714285713936
7186,-0.0004358571428571624
7187,0.0003322499999999451
7188,0.0002602499999999302
7189,-0.0005873571428571367
7190,-0.0014284285714285464
7191,-0.001520142857142862
7192,-0.0005585357142856953
7193,0.0005450357142857497
7194,0.0007406785714285848
7195,-0.00016917857142859967
7196,-0.0012174642857142918
7197,-0.0017926071428571483
7198,-0.0012726428571428678
7199,-2.3035714285717697e-05
7200,0.0006973928571428344
7201,0.00026314285714279203
7202,-0.0009739285714285475
7203,-0.0018907500000000205
7204,-0.0017352857142857202
7205,-0.000629571428571423
7206,0.0002557500000000244
7207,0.00033396428571431816
7208,-0.0006866785714285736
7209,-0.0017490000000000196
7210,-0.0019982142857143106
7211,-0.0010909285714285335
7212,7.671428571427441e-05
7213,0.0005503928571429181
7214,1.6500000000060513e-05
7215,-0.0010655357142856862
7216,-0.0017238214285714498
7217,-0.0012023571428571498
7218,0.00034521428571423487
7219,0.0014363571428571984
7220,0.001133678571428628
7221,-2.7321428571421995e-05
7222,-0.0009473571428571351
7223,-0.0010135714285714264
7224,-0.0002857500000000306
7225,0.00046039285714282336
7226,0.0005752500000000335
7227,-0.0002764285714285362
7228,-0.0013736785714286016
7229,-0.0019457142857143188
7230,-0.0012941785714285661
7231,-0.00017689285714282173
7232,0.0004663928571429007
7233,7.960714285713623e-05
7234,-0.0010857857142857188
7235,-0.0019280357142856936
7236,-0.0016093928571428709
7237,-0.0003303214285714467
7238,0.0005878928571427926
7239,0.0007147500000000053
7240,-0.0002000357142857163
7241,-0.001271464285714303
7242,-0.0017358214285714522
7243,-0.0010926428571428305
7244,3.375000000005457e-05
7245,0.000696535714285724
7246,0.00021728571428571034
7247,-0.0009873214285713923
7248,-0.0019013571428571805
7249,-0.0015827142857142817
7250,-0.0003848571428571138
7251,0.0004720714285714475
7252,0.00031349999999993167
7253,-0.0008036785714285598
7254,-0.0017920714285714163
7255,-0.0019084285714285696
7256,-0.0009049285714285712
7257,0.0002012142857143573
7258,0.0005517857142857606
7259,-0.0002106428571428763
7260,-0.0013607142857143119
7261,-0.0018595714285714493
7262,-0.0012341785714285538
7263,-4.157142857145349e-05
7264,0.0007125000000000524
7265,0.00039321428571424476
7266,-0.0007275000000000174
7267,-0.0015127500000000182
7268,-0.0013576071428571725
7269,-0.0002908928571428453
7270,0.0006204642857143585
7271,0.0006328928571429161
7272,-0.0002896071428571797
7273,-0.0013206428571428779
7274,-0.0016683214285714192
7275,-0.0007941428571428639
7276,0.00034810714285709666
7277,0.0008056071428572104
7278,0.000175714285714333
7279,-0.0009455357142857374
7280,-0.0016190357142857436
7281,-0.0012438214285714264
7282,-0.00017024999999998769
7283,0.0006068571428571597
7284,0.0005433214285713766
7285,-0.0004370357142857273
7286,-0.0014382857142856966
7287,-0.001660178571428566
7288,-0.0007375714285714454
7289,0.0003521785714285995
7290,0.0007189285714285327
7291,-5.260714285716871e-05
7292,-0.0012411428571428424
7293,-0.0017256428571428475
7294,-0.0011737499999999862
7295,-0.00014164285714282393
7296,0.0005774999999999863
7297,0.00031885714285710015
7298,-0.0008461071428571237
7299,-0.0016917857142856921
7300,-0.0015255000000000305
7301,-0.0005118214285714271
7302,0.0003448928571428565
7303,0.0004469999999999784
7304,-0.000400928571428543
7305,-0.001415892857142888
7306,-0.0017163214285714292
7307,-0.0009442499999999957
7308,0.00014935714285719827
7309,0.0006577500000000316
7310,-2.3785714285727368e-05
7311,-0.0012775714285714048
7312,-0.0019309285714285552
7313,-0.0015064285714285626
7314,-0.0004368214285714497
7315,0.00033825000000002245
7316,0.00023689285714283413
7317,-0.000757285714285746
7318,-0.0016628571428571502
7319,-0.0017302500000000063
7320,-0.000883821428571428
7321,-0.00012996428571427593
7322,-0.0002851071428571217
7323,-0.0012492857142856956
7324,-0.0022594285714286045
7325,-0.002630464285714318
7326,-0.0020034642857143024
7327,-0.0009472500000000344
7328,-0.0003706071428571584
7329,-0.0006996428571428634
7330,-0.0016753928571428846
7331,-0.0023373214285714434
7332,-0.0021343928571428655
7333,-0.0011998928571428432
7334,-0.00032378571428571336
7335,-0.00014014285714288073
7336,-0.0008555357142857188
7337,-0.0016643571428571694
7338,-0.001734321428571433
7339,-0.0008703214285714062
7340,-0.00011228571428572666
7341,-0.0001408928571428904
7342,-0.000610607142857132
7343,-0.0009724285714286042
7344,-0.0008909999999999942
7345,-0.0004017857142857295
7346,7.714285714282961e-05
7347,9.878571428570484e-05
7348,-0.00014250000000001048
7349,-0.0006446785714285649
7350,-0.0008652857142856923
7351,-0.000622821428571412
7352,-0.000187392857142881
7353,-3.053571428573828e-05
7354,-0.0002445000000000316
7355,-0.0007635000000000249
7356,-0.0011022857142857032
7357,-0.0009816428571428457
7358,-0.00058167857142859
7359,-0.0002646428571428875
7360,-0.0003526071428571547
7361,-0.0007660714285714323
7362,-0.0011520000000000102
7363,-0.001103571428571445
7364,-0.0007969285714285488
7365,-0.00041882142857144596
7366,-0.000291642857142855
7367,-0.000466714285714279
7368,-0.0008653928571428691
7369,-0.0009837857142856977
7370,-0.0007430357142857145
7371,-0.0002745000000000378
7372,2.142857143537315e-07
7373,-0.00012514285714283955
7374,-0.0004805357142856792
7375,-0.0007462500000000309
7376,-0.0006280714285714036
7377,-0.00023957142857141837
7378,0.00010392857142851955
7379,0.00010307142857140913
7380,-0.0001482857142857341
7381,-0.0004618928571428427
7382,-0.00048428571428572756
7383,-0.00021792857142854315
7384,0.00020507142857135413
7385,0.0003318214285713899
7386,0.00014250000000001048
7387,-0.0002151428571428582
7388,-0.00038475000000001307
7389,-0.00022060714285712736
7390,0.00019017857142864208
7391,0.000525964285714358
7392,0.000528107142857134
7393,0.00031917857142863074
7394,0.00012632142857148056
7395,0.00030439285714279105
7396,0.0008158928571428398
7397,0.0013669285714285146
7398,0.001509964285714257
7399,0.0012816428571428317
7400,0.0007242857142857011
7401,0.00033857142857140083
7402,0.00031917857142863074
7403,0.0005751428571428566
7404,0.0007161428571428477
7405,0.0005306785714286175
7406,0.00016135714285720075
7407,-6.492857142854952e-05
7408,0.00010167857142856665
7409,0.0005093571428571206
7410,0.0008667857142857116
7411,0.0008880000000000317
7412,0.0006635357142857551
7413,0.0003646071428571572
7414,0.00038410714285710414
7415,0.0006515357142857527
7416,0.0010201071428570835
7417,0.0011701071428571908
7418,0.0009975000000000734
7419,0.0006341785714285818
7420,0.0005069999999999907
7421,0.0006997499999999641
7422,0.0010805357142856511
7423,0.001321607142857165
7424,0.0012309642857143135
7425,0.0009350357142857543
7426,0.0006311785714285431
7427,0.0006422142857142582
7428,0.0009391071428571048
7429,0.0013805357142857133
7430,0.0014987142857143406
7431,0.0012351428571428411
7432,0.0008321785714285467
7433,0.0007554642857142722
7434,0.000986464285714358
7435,0.001306499999999947
7436,0.001342821428571485
7437,0.0011133214285714186
7438,0.0008541428571428002
7439,0.000744428571428557
7440,0.000995357142857145
7441,0.0013940357142857352
7442,0.0016547142857142206
7443,0.001569750000000068
7444,0.0012882857142856657
7445,0.0009652500000000381
7446,0.0008950714285714209
7447,0.0011635714285713813
7448,0.0015756428571428163
7449,0.0017581071428571602
7450,0.0015531428571428306
7451,0.0010811785714285602
7452,0.0009916071428571727
7453,0.0012635357142857272
7454,0.001617107142857169
7455,0.001834714285714258
7456,0.0016930714285713576
7457,0.0014300357142857426
7458,0.001218964285714311
7459,0.0012827142857142957
7460,0.0015565714285714247
7461,0.0017570357142856962
7462,0.0017551071428571216
7463,0.0017165357142857828
7464,0.0013441071428571506
7465,0.0013130357142857564
7466,0.0016599642857142122
7467,0.0019345714285714268
7468,0.002030357142857093
7469,0.0017544642857142126
7470,0.0014363571428571984
7471,0.0012655714285714785
7472,0.001396285714285688
7473,0.0017678571428572099
7474,0.0020155714285714057
7475,0.0018627857142857656
7476,0.0015430714285714028
7477,0.0011981785714285462
7478,0.0011541428571428623
7479,0.001407000000000025
7480,0.0017958214285713886
7481,0.001802250000000021
7482,0.0014526428571429051
7483,0.0009891428571428662
7484,0.0007146428571428284
7485,0.0008212500000000083
7486,0.0011719285714285885
7487,0.0013503214285714295
7488,0.0011762142857142928
7489,0.0007255714285713667
7490,0.00035839285714287834
7491,0.0004203214285714653
7492,0.0007324285714285546
7493,0.00105171428571421
7494,0.0010742142857143478
7495,0.0007789285714285451
7496,0.0002896071428571036
7497,0.0001804285714285925
7498,0.0004772142857142622
7499,0.0007637142857143025
7500,0.0008791071428570924
7501,0.000723857142857146
7502,0.0003365357142856494
7503,0.00015728571428569793
7504,0.0002674285714284963
7505,0.0005661428571428929
7506,0.000751071428571391
7507,0.0006157499999999467
7508,0.00020828571428574655
7509,-0.0002351785714285372
7510,-0.00020646428571427272
7511,0.00018567857142858405
7512,0.0006818571428572134
7513,0.0007190357142857096
7514,0.0004062857142857114
7515,-6.717857142857854e-05
7516,-0.0003012857142857277
7517,-0.0001413214285714456
7518,0.0002673214285714717
7519,0.0006698571428572109
7520,0.0007368214285714357
7521,0.0003751071428571403
7522,-0.00018364285714283262
7523,-0.00017528571428570164
7524,0.00019842857142852007
7525,0.0006544285714286145
7526,0.0007495714285713717
7527,0.0004210714285713989
7528,2.357142857129751e-06
7529,-5.174999999998217e-05
7530,0.00015739285714287478
7531,0.0003483214285714504
7532,0.0004563214285714728
7533,0.0005743928571429231
7534,0.00031821428571434345
7535,5.66785714285954e-05
7536,0.0001810714285715014
7537,0.0005218928571428551
7538,0.0007726071428570895
7539,0.000665892857142885
7540,0.0004356428571428848
7541,0.0001216071428570688
7542,0.00011057142857135359
7543,0.00043349999999995654
7544,0.0008200714285713673
7545,0.0008971071428571723
7546,0.0006337500000000265
7547,0.0001828928571428991
7548,1.3928571428577031e-05
7549,0.0002379642857142983
7550,0.0006626785714286447
7551,0.0009372857142857071
7552,0.0007902857142856387
7553,0.00037960714285719836
7554,2.5821428571402653e-05
7555,6.407142857136299e-05
7556,0.0003142500000000175
7557,0.0007253571428571653
7558,0.0008975357142857275
7559,0.0006107142857143088
7560,7.692857142862815e-05
7561,-0.00012246428571425534
7562,0.00010189285714292038
7563,0.0005150357142856673
7564,0.0006817500000000365
7565,0.000504107142857129
7566,8.207142857144285e-05
7567,-0.00021428571428574778
7568,-5.592857142858573e-05
7569,0.00041249999999999024
7570,0.0008258571428570909
7571,0.0009003214285714125
7572,0.0007908214285713707
7573,0.0006372857142856451
7574,0.0007086428571429033
7575,0.0009756428571428444
7576,0.0013157142857142645
7577,0.0011909999999999803
7578,0.000580500000000025
7579,-0.00021364285714283886
7580,-0.0005435357142857303
7581,-0.00046885714285713117
7582,-0.00014485714285714023
7583,2.8821428571441337e-05
7584,-0.0001027500000000308
7585,-0.00039267857142858884
7586,-0.00052467857142854
7587,-0.0002654999999999979
7588,0.00019328571428570536
7589,0.000360214285714276
7590,0.00015374999999992717
7591,-0.00015739285714287478
7592,-0.0005139642857142793
7593,-0.0002815714285714271
7594,-6.353571428570705e-05
7595,0.0002004642857142715
7596,0.0003473571428571631
7597,9.835714285714963e-05
7598,-0.0004749642857143093
7599,-0.000732750000000009
7600,-0.000611142857142864
7601,-0.00032496428571427826
7602,-7.17857142857373e-05
7603,-0.0002002499999999939
7604,-0.0006289285714285902
7605,-0.0010458214285714617
7606,-0.0010081071428571572
7607,-0.0005605714285714468
7608,-0.0001496785714285766
7609,-0.00012921428571426624
7610,-0.0005028214285714633
7611,-0.0013671428571428684
7612,-0.001824107142857174
7613,-0.0016805357142856993
7614,-0.0012454285714285467
7615,-0.0009123214285714149
7616,-0.0009752142857142892
7617,-0.0013594285714285702
7618,-0.0017221071428571528
7619,-0.0018071785714285581
7620,-0.0015019285714285807
7621,-0.0010999285714285735
7622,-0.0011071071428571397
7623,-0.0013846071428571401
7624,-0.0017274642857143213
7625,-0.001765607142857181
7626,-0.0015003214285714606
7627,-0.0010463571428571176
7628,-0.0008331428571428339
7629,-0.0009681428571428238
7630,-0.0013309285714285834
7631,-0.0015238928571428341
7632,-0.0013290000000000088
7633,-0.0009606428571428793
7634,-0.00066471428571432
7635,-0.0006928928571428524
7636,-0.0010105714285714637
7637,-0.0013831071428571206
7638,-0.0014248928571428518
7639,-0.0011471785714285737
7640,-0.000709821428571392
7641,-0.0006545357142857152
7642,-0.001036178571428589
7643,-0.0015146785714285928
7644,-0.001650000000000037
7645,-0.0014464285714285501
7646,-0.0010703571428571225
7647,-0.0008765357142856851
7648,-0.0011073214285714172
7649,-0.0015693214285714368
7650,-0.0018042857142856964
7651,-0.0016851428571428581
7652,-0.0013546071428571338
7653,-0.001023857142857132
7654,-0.0010240714285714096
7655,-0.001360607142857135
7656,-0.0017201785714285782
7657,-0.0017274642857143213
7658,-0.0014139642857143135
7659,-0.0010708928571428547
7660,-0.0010070357142856932
7661,-0.0011875714285714625
7662,-0.0014383928571428735
7663,-0.00164003571428571
7664,-0.0015278571428571602
7665,-0.0011106428571428344
7666,-0.000858750000000035
7667,-0.0010050000000000178
7668,-0.0013077857142856886
7669,-0.0015562499999999702
7670,-0.0014963571428571346
7671,-0.0011772857142856807
7672,-0.0008520000000000242
7673,-0.0008452500000000133
7674,-0.001104107142857177
7675,-0.001433142857142882
7676,-0.0014847857142856874
7677,-0.001247464285714298
7678,-0.0008817857142856767
7679,-0.0007227857142856818
7680,-0.0009047142857142936
7681,-0.00143260714285715
7682,-0.0018718928571428302
7683,-0.0017673214285714018
7684,-0.0013385357142857047
7685,-0.0010241785714285865
7686,-0.001119749999999975
7687,-0.0014238214285714637
7688,-0.0017213571428571432
7689,-0.0016912500000000363
7690,-0.0013846071428571401
7691,-0.0010448571428571744
7692,-0.0010158214285714553
7693,-0.0012345000000000082
7694,-0.0014885357142857356
7695,-0.001479428571428595
7696,-0.0011837142857143133
7697,-0.0008144999999999974
7698,-0.0006082500000000022
7699,-0.0006497142857142789
7700,-0.0008957142857142537
7701,-0.0010852499999999868
7702,-0.0009083571428571652
7703,-0.0005990357142856847
7704,-0.0002922857142856878
7705,-0.0002742857142856841
7706,-0.0004623214285713979
7707,-0.0006213214285713928
7708,-0.000559285714285705
7709,-0.00031885714285717626
7710,-6.396428571426225e-05
7711,3.6964285714294726e-05
7712,-0.00011228571428572666
7713,-0.0003442500000000237
7714,-0.00041592857142858417
7715,-0.0002282142857142487
7716,6.192857142858698e-05
7717,0.00026378571428570095
7718,0.0001688571428571452
7719,-6.835714285714342e-05
7720,-0.0002447142857143092
7721,-0.00014067857142853666
7722,0.00013446428571433394
7723,0.0003670714285714638
7724,0.00034457142857147817
7725,0.00014089285714281426
7726,-0.00011282142857145873
7727,-0.0001562142857143099
7728,2.5928571428579517e-05
7729,0.00036267857142858263
7730,0.0005222142857142334
7731,0.00033953571428568807
7732,7.42499999999678e-05
7733,-7.703571428572888e-05
7734,7.62857142857192e-05
7735,0.00037928571428566776
7736,0.0006482142857143357
7737,0.0006030000000000106
7738,0.0003245357142856469
7739,1.2107142857179351e-05
7740,7.167857142863657e-05
7741,0.0003700714285715025
7742,0.0006668571428571722
7743,0.0007448571428571122
7744,0.000596678571428555
7745,0.00042792857142858663
7746,0.0005106428571427862
7747,0.0009478928571428672
7748,0.0013108928571428282
7749,0.001505035714285644
7750,0.0014890714285714678
7751,0.0013786071428571387
7752,0.0013227857142856538
7753,0.001236214285714305
7754,0.0009173571428572051
7755,0.0007857857142857329
7756,0.0006717857142857854
7757,0.0003919285714285792
7758,6.353571428578318e-05
7759,3.578571428565373e-05
7760,0.0003052500000000537
7761,0.0006190714285713637
7762,0.0008064642857143208
7763,0.0007115357142857651
7764,0.00040435714285713686
7765,0.0003260357142856662
7766,0.0005372142857142747
7767,0.0008363571428570741
7768,0.0010542857142856934
7769,0.0009784285714285294
7770,0.0007547142857143387
7771,0.0005401071428571365
7772,0.0006052499999999636
7773,0.0008362500000000494
7774,0.0011227499999999376
7775,0.0011940000000000188
7776,0.0010153928571428241
7777,0.0007486071428570844
7778,0.0006746785714286473
7779,0.0008635714285714714
7780,0.0011233928571428465
7781,0.0012957857142857623
7782,0.0012159642857142725
7783,0.0010290000000000227
7784,0.0008287499999999528
7785,0.0008311071428570825
7786,0.0011330357142857192
7787,0.0014951785714285698
7788,0.001532999999999975
7789,0.0012610714285714206
7790,0.0009327857142856492
7791,0.0008222142857142956
7792,0.0010570714285713784
7793,0.0013780714285714067
7794,0.001494964285714216
7795,0.001402928571428522
7796,0.0011643214285714672
7797,0.0008553214285714412
7798,0.000882214285714308
7799,0.0012162857142856507
7800,0.0014952857142857465
7801,0.0014680714285715015
7802,0.0013042499999999942
7803,0.0010196785714285284
7804,0.0009260357142856382
7805,0.0011439642857142575
7806,0.0014423571428571235
7807,0.0015130714285714727
7808,0.0013625357142857857
7809,0.0010887857142856815
7810,0.0009684642857142782
7811,0.0012182142857142253
7812,0.0014968928571427907
7813,0.001598892857142888
7814,0.0015187500000000194
7815,0.0012341785714285538
7816,0.0008964642857142634
7817,0.0008963571428570865
7818,0.0011724642857143205
7819,0.0015002142857143599
7820,0.0015739285714285955
7821,0.0013417500000000209
7822,0.000943499999999986
7823,0.000782357142857139
7824,0.0009627857142857315
7825,0.0013343571428571011
7826,0.001531285714285754
7827,0.0013289999999999327
7828,0.0009203571428570915
7829,0.0006549642857143466
7830,0.0007492499999999934
7831,0.0010535357142857599
7832,0.0013646785714285618
7833,0.001328357142857176
7834,0.001039928571428561
7835,0.0006879642857143154
7836,0.0006213214285714689
7837,0.0008793214285714462
7838,0.0012744642857142655
7839,0.0014590714285713853
7840,0.0012640714285714592
7841,0.0008316428571428146
7842,0.0004922142857143034
7843,0.0005483571428571667
7844,0.0009910714285714408
7845,0.0014460000000000711
7846,0.0014874642857142714
7847,0.0010279285714285586
7848,0.0005678571428571137
7849,0.0005928214285714059
7850,0.0009133928571428791
7851,0.0012932142857142788
7852,0.0013385357142857808
7853,0.0010872857142856622
7854,0.0007216071428571931
7855,0.0005898214285713672
7856,0.0008427857142857066
7857,0.0012068571428571317
7858,0.0013945714285714672
7859,0.001308321428571497
7860,0.0009509999999999305
7861,0.0006458571428572059
7862,0.000769607142857203
7863,0.001114714285714261
7864,0.0013833214285713983
7865,0.0013553571428570673
7866,0.0010777499999999663
7867,0.0007414285714285184
7868,0.0006569999999999457
7869,0.0008884285714285869
7870,0.0013020000000000412
7871,0.0014836071428571225
7872,0.0012895714285714836
7873,0.0008720357142857032
7874,0.0006398571428571285
7875,0.0007715357142857775
7876,0.0011331428571428961
7877,0.0014455714285713636
7878,0.0014172857142856544
7879,0.0010963928571428028
7880,0.0007267500000000078
7881,0.0007517142857143
7882,0.0010515000000000084
7883,0.0014563928571428772
7884,0.00154403571428569
7885,0.0012777857142856825
7886,0.0008785714285713603
7887,0.0007216071428571931
7888,0.0009339642857142901
7889,0.0013380000000000488
7890,0.0015828214285713825
7891,0.0014073214285714032
7892,0.0010142142857143353
7893,0.0007400357142856759
7894,0.0008383928571428254
7895,0.0011815714285714613
7896,0.0015490714285714801
7897,0.0015531428571428306
7898,0.0012254999999999684
7899,0.0008161071428571936
7900,0.0007291071428571375
7901,0.000988821428571488
7902,0.0013797857142857797
7903,0.0015261428571427872
7904,0.0013318928571427943
7905,0.0009044999999999399
7906,0.0006804642857142187
7907,0.0008329285714286324
7908,0.001221321428571441
7909,0.0015410357142856513
7910,0.0014863928571428075
7911,0.001129821428571479
7912,0.00074667857142851
7913,0.0007402500000000296
7914,0.0010401428571429148
7915,0.0014272500000000576
7916,0.0015150000000000473
7917,0.001338321428571427
7918,0.0009791785714286152
7919,0.0008615357142857201
7920,0.0011748214285714502
7921,0.0017301428571428294
7922,0.0021258214285713806
7923,0.0021188571428571684
7924,0.001857535714285774
7925,0.0016392857142857765
7926,0.00167185714285719
7927,0.001749964285714307
7928,0.0017062500000000012
7929,0.001445464285714339
7930,0.0010777499999999663
7931,0.0006999642857143178
7932,0.0005774999999999863
7933,0.0007876071428571306
7934,0.0011570357142857242
7935,0.001349464285714319
7936,0.0012879642857142872
7937,0.0009456428571429143
7938,0.0007732499999999983
7939,0.0009796071428571703
7940,0.0013893214285714756
7941,0.0016566428571427952
7942,0.0015813214285713632
7943,0.0012561428571428073
7944,0.0009036428571428294
7945,0.0009621428571428226
7946,0.001309928571428541
7947,0.0016983214285715017
7948,0.0017201785714285782
7949,0.0013429285714285097
7950,0.0008957142857143298
7951,0.0009383571428571713
7952,0.0013214999999999883
7953,0.0017357142857143514
7954,0.001874357142857213
7955,0.0016654285714285575
7956,0.001325571428571491
7957,0.0010857857142856427
7958,0.0011935714285714637
7959,0.0015096428571428789
7960,0.0017848928571428501
7961,0.001723714285714349
7962,0.0015104999999999893
7963,0.0012191785714285126
7964,0.0011940000000000188
7965,0.0014315357142857619
7966,0.001797321428571408
7967,0.0019138928571428388
7968,0.001712571428571457
7969,0.0012993214285713808
7970,0.0010729285714285298
7971,0.0012793928571428787
7972,0.0017142857142856778
7973,0.0019888928571428926
7974,0.001876392857142812
7975,0.001527428571428605
7976,0.001197214285714259
7977,0.0012459642857143547
7978,0.001548642857142925
7979,0.0019044642857143199
7980,0.0019397142857142415
7981,0.001667357142857132
7982,0.0012512142857143463
7983,0.0011321785714286088
7984,0.0013240714285714717
7985,0.0016941428571428218
7986,0.0018521785714286055
7987,0.001660178571428566
7988,0.0012916071428570827
7989,0.0010201071428570835
7990,0.0010948928571427835
7991,0.001363500000000073
7992,0.0016347857142857184
7993,0.0015771428571428358
7994,0.001207285714285687
7995,0.0007429285714285376
7996,0.0005817857142856906
7997,0.0007711071428570701
7998,0.0010888928571428584
7999,0.0011511428571428237
8000,0.000912214285714238
8001,0.0004796785714285688
8002,0.0002386071428572072
8003,0.0003008571428571725
8004,0.000497464285714295
8005,0.0005974285714286407
8006,0.00038003571428575357
8007,-4.4785714285693654e-05
8008,-0.00043457142857142067
8009,-0.000456750000000028
8010,-0.00016349999999997676
8011,0.00018449999999994304
8012,0.00017378571428575842
8013,-9.557142857146468e-05
8014,-0.0004763571428571518
8015,-0.0005806071428571258
8016,-0.00036385714285714753
8017,4.1785714285274315e-06
8018,0.00015792857142860685
8019,-0.00013146428571429527
8020,-0.0006725357142857189
8021,-0.001031678571428607
8022,-0.0010710000000000316
8023,-0.0008601428571428776
8024,-0.0005858571428571174
8025,-0.000627321428571394
8026,-0.0009648214285714068
8027,-0.0013223571428571748
8028,-0.0013254642857143141
8029,-0.0011215714285714488
8030,-0.0008162142857142943
8031,-0.000768964285714294
8032,-0.0009867857142857365
8033,-0.0014050714285714504
8034,-0.0016783928571428473
8035,-0.0015913928571428672
8036,-0.0012326785714285343
8037,-0.0009525000000000259
8038,-0.0010130357142856944
8039,-0.001406357142857116
8040,-0.0017293928571428196
8041,-0.0014356071428571124
8042,-0.0007955357142857064
8043,-0.0004108928571428702
8044,-0.0004272857142856777
8045,-0.0006797142857142851
8046,-0.001026642857142893
8047,-0.0011796428571428867
8048,-0.0009064285714285906
8049,-0.00035871428571425666
8050,-6.846428571432029e-05
8051,-0.00011099999999998492
8052,-0.0003950357142857186
8053,-0.0005965714285714542
8054,-0.00046403571428569484
8055,-0.00014442857142858503
8056,8.121428571433244e-05
8057,0.0002896071428571036
8058,0.0003699642857143256
8059,0.00011924999999993905
8060,4.33928571429273e-05
8061,0.00024964285714292245
8062,0.00085092857142856
8063,0.0012023571428570736
8064,0.0010225714285713903
8065,0.0006208928571429137
8066,0.0003961071428571066
8067,0.0005368928571428962
8068,0.0010218214285714565
8069,0.0013565357142857083
8070,0.0012079285714285959
8071,0.0007880357142856858
8072,0.00038442857142863474
8073,0.00039889285714279156
8074,0.000816321428571395
8075,0.0012973928571428062
8076,0.0013069285714285021
8077,0.0008959285714285313
8078,0.00031478571428574957
8079,0.00010853571428575444
8080,0.0003106071428570699
8081,0.0006980357142857432
8082,0.0008449285714286349
8083,0.000600642857142881
8084,0.00021225000000007252
8085,-8.550000000003673e-05
8086,-2.5714285714301916e-05
8087,0.00034478571428567966
8088,0.0007361785714285268
8089,0.0006907500000000003
8090,0.00032764285714286244
8091,-1.42500000000315e-05
8092,9.246428571424912e-05
8093,0.0005346428571427911
8094,0.001090821428571433
8095,0.001341214285714289
8096,0.0011233928571428465
8097,0.0005672142857143569
8098,8.453571428574946e-05
8099,-0.0001027500000000308
8100,2.924999999999654e-05
8101,0.00020507142857135413
8102,7.971428571431309e-05
8103,-0.00036985714285714877
8104,-0.0008118214285714132
8105,-0.0007607142857142638
8106,-0.00033557142857143827
8107,0.00013896428571423972
8108,0.00020614285714281826
8109,-5.989285714283556e-05
8110,-0.00047892857142855914
8111,-0.0006163928571428556
8112,-0.00030910714285712666
8113,0.0002247857142856548
8114,0.00039289285714286644
8115,0.00016671428571421692
8116,-0.00026807142857140524
8117,-0.0006215357142857464
8118,-0.0004364999999999952
8119,4.907142857147408e-05
8120,0.0004119642857142582
8121,0.00040703571428564494
8122,7.660714285709755e-05
8123,-0.0003005357142857181
8124,-0.0003946071428571634
8125,-5.785714285716028e-05
8126,0.00047560714285721826
8127,0.0005379642857143604
8128,0.00026507142857136657
8129,-0.00016853571428569072
8130,-0.0004358571428571624
8131,-0.00016328571428569916
8132,0.00032464285714282377
8133,0.0005962499999999998
8134,0.0005073214285713692
8135,9.353571428571326e-05
8136,-0.0003309642857142795
8137,-0.00026989285714287906
8138,0.00017325000000002636
8139,0.000620571428571383
8140,0.0006650357142857745
8141,0.0004033928571428496
8142,2.8928571428618205e-06
8143,-8.325000000000773e-05
8144,0.00017421428571431363
8145,0.0006072857142857149
8146,0.0008082857142857185
8147,0.0006174642857143198
8148,0.0001910357142857525
8149,-4.307142857139671e-05
8150,0.00011249999999992814
8151,0.0005221071428572089
8152,0.0008567142857142837
8153,0.0007886785714285948
8154,0.00043382142857148714
8155,4.671428571434433e-05
8156,4.9928571428584484e-05
8157,0.00037285714285718744
8158,0.0007874999999999537
8159,0.00086710714285709
8160,0.0005974285714286407
8161,2.9678571428551744e-05
8162,-0.00029378571428570715
8163,-0.00012899999999998866
8164,0.00027374999999995204
8165,0.0005237142857142528
8166,0.00038346428571434744
8167,-1.0607142857160007e-05
8168,-0.0003656785714285452
8169,-0.00027760714285717723
8170,7.650000000007294e-05
8171,0.000450642857142926
8172,0.000467357142857188
8173,0.00017646428571426652
8174,-0.00019778571428568728
8175,-0.0002404285714286049
8176,6.107142857147656e-05
8177,0.0005053928571427946
8178,0.0006711428571428765
8179,0.0004945714285714331
8180,9.567857142864155e-05
8181,-0.00013489285714288915
8182,-2.1428571427760193e-07
8183,0.0003752142857143172
8184,0.0006808928571429261
8185,0.0005962499999999998
8186,0.00027910714285712046
8187,-4.960714285713002e-05
8188,-3.0750000000015886e-05
8189,0.00024814285714290307
8190,0.0005982857142857511
8191,0.0006641785714285119
8192,0.00041967857142855637
8193,2.828571428570927e-05
8194,-0.00011346428571429154
8195,9.878571428570484e-05
8196,0.0005125714285713607
8197,0.0007527857142857642
8198,0.0006155357142857452
8199,0.00027182142857137744
8200,4.7249999999924136e-05
8201,0.00014142857142854633
8202,0.0004616785714286412
8203,0.0007929642857142991
8204,0.0007773214285715012
8205,0.0005184642857142612
8206,0.00017464285714286883
8207,0.0001313571428571184
8208,0.000384214285714281
8209,0.0007405714285714079
8210,0.00086710714285709
8211,0.0006837857142857879
8212,0.0003244285714286223
8213,0.00015192857142852948
8214,0.00030289285714292394
8215,0.0006390000000000181
8216,0.0009227142857142212
8217,0.0008502857142856511
8218,0.00050528571428577
8219,0.00019949999999998422
8220,0.00027739285714289963
8221,0.0005650714285714287
8222,0.0008995714285714789
8223,0.0009695357142857424
8224,0.0007370357142857894
8225,0.0003723214285714554
8226,0.00027825000000001004
8227,0.00047432142857140036
8228,0.0008316428571428146
8229,0.0010301785714285116
8230,0.0008995714285714789
8231,0.000536464285714341
8232,0.0002766428571428138
8233,0.0004195714285713795
8234,0.0007404642857142311
8235,0.0010310357142857742
8236,0.0010139999999999815
8237,0.0007327499999999329
8238,0.00040660714285708973
8239,0.00039857142857141324
8240,0.000696535714285724
8241,0.0010608214285715027
8242,0.001127999999999929
8243,0.0009220714285714646
8244,0.0005798571428571161
8245,0.000402107142857184
8246,0.0005266071428571146
8247,0.000830357142857149
8248,0.0010697142857142897
8249,0.0009852857142857172
8250,0.0006711428571428765
8251,0.0004029642857142944
8252,0.0004657499999999918
8253,0.0007400357142856759
8254,0.0010841785714285988
8255,0.0011028214285714354
8256,0.0008449285714286349
8257,0.00048589285714284767
8258,0.00039396428571433057
8259,0.0006096428571428447
8260,0.0009537857142857676
8261,0.0011338928571428296
8262,0.0010382142857143404
8263,0.0007832142857142494
8264,0.000644571428571388
8265,0.0008911071428570949
8266,0.0013816071428571775
8267,0.0018450000000000395
8268,0.001929535714285789
8269,0.0017255357142857467
8270,0.001439892857142817
8271,0.0013504285714286063
8272,0.0012799285714286109
8273,0.0012628928571428181
8274,0.0011595000000000307
8275,0.0008935714285714016
8276,0.0004911428571428392
8277,0.00024278571428573465
8278,0.000401464285714275
8279,0.0008256428571428895
8280,0.0011418214285714816
8281,0.0010881428571429248
8282,0.0008226428571428508
8283,0.0005808214285714034
8284,0.0006554999999999264
8285,0.0009490714285713559
8286,0.0012712500000000254
8287,0.00129996428571429
8288,0.0010699285714286435
8289,0.0007203214285713752
8290,0.0006329999999999408
8291,0.0008629285714285626
8292,0.0012429642857143162
8293,0.0014093571428571547
8294,0.0012453214285714459
8295,0.0009130714285715008
8296,0.0007034999999999363
8297,0.0008229642857142291
8298,0.001130357142857211
8299,0.0013928571428570942
8300,0.0013419642857142224
8301,0.001102500000000057
8302,0.0008289642857143064
8303,0.0008144999999999974
8304,0.0010670357142857816
8305,0.001438178571428596
8306,0.0015293571428571795
8307,0.0013192500000000352
8308,0.0009666428571428806
8309,0.0008055000000000336
8310,0.0009625714285713778
8311,0.0012879642857142872
8312,0.0015280714285713615
8313,0.001442035714285745
8314,0.0011275714285713739
8315,0.0008560714285713747
8316,0.0009426428571428756
8317,0.0012606428571428653
8318,0.0015957857142856722
8319,0.0016028571428572138
8320,0.001345714285714347
8321,0.0009763928571429302
8322,0.0008691428571428413
8323,0.0010972500000000654
8324,0.0014701071428571007
8325,0.001631142857142923
8326,0.0014614285714285153
8327,0.0011083928571428052
8328,0.0009048214285714705
8329,0.0010320000000000615
8330,0.0013273928571428887
8331,0.0015912857142857664
8332,0.0015529285714286293
8333,0.0012529285714285672
8334,0.0009169285714284975
8335,0.0009016071428570781
8336,0.0011195357142856973
8337,0.0014317499999999634
8338,0.0015159642857143346
8339,0.0013213928571428114
8340,0.0009550714285714333
8341,0.0007932857142856774
8342,0.000966964285714259
8343,0.0012995357142857346
8344,0.001491642857142799
8345,0.0013608214285714126
8346,0.001021607142857103
8347,0.0007278214285714718
8348,0.0007518214285714769
8349,0.0010207499999999926
8350,0.0013429285714285097
8351,0.0013534285714286451
8352,0.0010952142857143141
8353,0.0007339285714285738
8354,0.0006335357142856728
8355,0.000817607142857213
8356,0.0012099642857143474
8357,0.0014466428571428278
8358,0.001266964285714321
8359,0.0009005357142857662
8360,0.000671999999999987
8361,0.0007952142857142519
8362,0.0011200714285714295
8363,0.0013987499999999946
8364,0.00132996428571422
8365,0.0010265357142857162
8366,0.0007108928571428562
8367,0.0007100357142857458
8368,0.0009818571428571233
8369,0.0013334999999999907
8370,0.0013994999999999281
8371,0.001193249999999933
8372,0.0008438571428571708
8373,0.0006890357142857795
8374,0.0008695714285713966
8375,0.0012355714285713962
8376,0.001442142857142922
8377,0.0013085357142856985
8378,0.0009754285714286429
8379,0.0006980357142857432
8380,0.0007892142857143268
8381,0.0010971428571428885
8382,0.001400892857142923
8383,0.0014082857142856905
8384,0.0011389285714286197
8385,0.0007784999999999899
8386,0.0007315714285714442
8387,0.0009667500000000574
8388,0.001355142857142866
8389,0.001495499999999948
8390,0.0013079999999999663
8391,0.0009554999999999885
8392,0.000731142857142889
8393,0.0008653928571428691
8394,0.0011967857142857038
8395,0.001469357142857167
8396,0.0014078571428571354
8397,0.0011037857142857227
8398,0.0007764642857142385
8399,0.0007986428571428458
8400,0.0010753928571428364
8401,0.0014291785714286322
8402,0.001500107142857183
8403,0.0012853928571428038
8404,0.0009565714285714527
8405,0.0008207142857142762
8406,0.0009766071428571317
8407,0.0013193571428572121
8408,0.0015192857142857516
8409,0.0014060357142857377
8410,0.0011157857142857252
8411,0.0008725714285714352
8412,0.0009266785714285472
8413,0.0012062142857142228
8414,0.0015356785714286353
8415,0.0015561428571428694
8416,0.001305428571428635
8417,0.0009358928571428647
8418,0.0008392499999999359
8419,0.0010508571428570995
8420,0.001406249999999939
8421,0.0015350357142857262
8422,0.0013470000000000125
8423,0.000998250000000007
8424,0.0007887857142857716
8425,0.0009236785714285085
8426,0.0012337499999999985
8427,0.0014951785714285698
8428,0.0014501785714285986
8429,0.0011643214285714672
8430,0.000846964285714234
8431,0.0008605714285714328
8432,0.0011042142857142778
8433,0.001426392857142795
8434,0.0015188571428571963
8435,0.0013779642857142298
8436,0.0011374285714286004
8437,0.001131428571428523
8438,0.0014968928571427907
8439,0.0020383928571429217
8440,0.0023556428571428257
8441,0.0022868571428572033
8442,0.0019745357142857602
8443,0.001580357142857076
8444,0.0013600714285714791
8445,0.0013420714285713993
8446,0.001484892857142788
8447,0.0013883571428571883
8448,0.001036714285714321
8449,0.000640714285714239
8450,0.0006108214285714857
8451,0.0008996785714285035
8452,0.0013197857142857674
8453,0.0014977500000000533
8454,0.0013572857142856419
8455,0.001030500000000042
8456,0.0008641071428572035
8457,0.0010269642857142713
8458,0.0013548214285714875
8459,0.0016068214285713874
8460,0.0015365357142857457
8461,0.001241892857142852
8462,0.0009400714285713921
8463,0.0009598928571428697
8464,0.0012475714285713987
8465,0.001612071428571379
8466,0.0016613571428572068
8467,0.0014252142857143063
8468,0.0010786071428570767
8469,0.0009542142857143229
8470,0.0011446071428571664
8471,0.0015131785714284974
8472,0.0017132142857142136
8473,0.0015947142857143603
8474,0.001273607142857155
8475,0.0010194642857143269
8476,0.0011276785714285508
8477,0.001433785714285715
8478,0.0017400000000000557
8479,0.0017274642857143213
8480,0.0014552142857142364
8481,0.001109035714285714
8482,0.0010858928571428196
8483,0.0013607142857142358
8484,0.001720392857142932
8485,0.0018238928571428963
8486,0.0016342499999999864
8487,0.0013155000000000631
8488,0.0011469642857142963
8489,0.0012935357142856573
8490,0.0016358571428571826
8491,0.0018955714285713806
8492,0.001812964285714358
8493,0.0015154285714286024
8494,0.0012158571428570956
8495,0.0012542142857142327
8496,0.0015403928571428947
8497,0.0018675000000000252
8498,0.0019124999999999965
8499,0.0016903928571428497
8500,0.0013333928571428138
8501,0.0012126428571428555
8502,0.001405821428571384
8503,0.001729392857142896
8504,0.0018930000000000494
8505,0.0017461071428571577
8506,0.0013972499999999753
8507,0.0011408571428571943
8508,0.0012287142857143607
8509,0.001543607142857135
8510,0.0018389999999999622
8511,0.0017843571428571181
8512,0.0014920714285713542
8513,0.001125428571428598
8514,0.0010583571428571961
8515,0.0012940714285713893
8516,0.0016369285714286468
8517,0.0017352857142856441
8518,0.0015135000000000278
8519,0.00113474999999994
8520,0.0009439285714285412
8521,0.001083964285714245
8522,0.0014122500000000166
8523,0.0016431428571429254
8524,0.0015244285714285663
8525,0.0012210000000000625
8526,0.0009571071428571848
8527,0.0009829285714285873
8528,0.0012271071428571645
8529,0.0015369642857143008
8530,0.0015799285714285206
8531,0.0013666071428571362
8532,0.0010273928571428266
8533,0.0009059999999999592
8534,0.001080107142857096
8535,0.0014304642857142977
8536,0.001626107142857133
8537,0.0014821071428571032
8538,0.0011372142857142466
8539,0.0008924999999999374
8540,0.0009919285714285512
8541,0.0013165714285713749
8542,0.0016129285714286416
8543,0.0015636428571428138
8544,0.0012850714285714256
8545,0.000946285714285671
8546,0.0009070714285714233
8547,0.0011509285714286221
8548,0.001500535714285738
8549,0.0016195714285714758
8550,0.0014356071428571124
8551,0.001082999999999958
8552,0.0008947500000000425
8553,0.0010375714285714313
8554,0.0013843928571428625
8555,0.001632749999999967
8556,0.0015475714285714608
8557,0.001232892857142888
8558,0.0009378214285714392
8559,0.0009748928571429109
8560,0.001247999999999954
8561,0.0015873214285714405
8562,0.0016123928571429096
8563,0.0013705714285714623
8564,0.0010255714285714289
8565,0.0009319285714285388
8566,0.0011450357142857217
8567,0.0014946428571428376
8568,0.001648928571428497
8569,0.0014878928571428268
8570,0.0011661428571428647
8571,0.000946285714285671
8572,0.0010696071428571128
8573,0.0013942499999999366
8574,0.0016758214285713636
8575,0.0016149642857142409
8576,0.0013164642857143502
8577,0.0009957857142857004
8578,0.0009877500000000238
8579,0.0012382500000000566
8580,0.001584857142857134
8581,0.0016973571428572144
8582,0.0015199285714285083
8583,0.001155857142857083
8584,0.0009698571428571207
8585,0.0011178214285714764
8586,0.0014289642857142784
8587,0.0016437857142856823
8588,0.0015649285714286318
8589,0.0012642857142856608
8590,0.0009578571428571183
8591,0.00099257142857146
8592,0.0012643928571428376
8593,0.0015952499999999402
8594,0.0016123928571429096
8595,0.0013632857142857192
8596,0.001021607142857103
8597,0.0009194999999999811
8598,0.001119214285714319
8599,0.0014709642857142111
8600,0.0016244999999999368
8601,0.0014533928571428387
8602,0.0011001428571429273
8603,0.0008629285714285626
8604,0.0010246071428571416
8605,0.0014259642857142399
8606,0.0018073928571428358
8607,0.0018710357142856437
8608,0.001767214285714301
8609,0.0016637142857143367
8610,0.0017856428571427837
8611,0.0021019285714285528
8612,0.0024688928571428397
8613,0.0023880000000000377
8614,0.0018115714285713632
8615,0.0011106428571429105
8616,0.0007912499999999259
8617,0.0009183214285714924
8618,0.0011995714285713889
8619,0.0013771071428571194
8620,0.0013024285714285965
8621,0.0010619999999999916
8622,0.0008226428571428508
8623,0.0009069642857142465
8624,0.0012331071428570897
8625,0.0015922500000000537
8626,0.0016186071428571885
8627,0.0013878214285714563
8628,0.0010347857142857463
8629,0.000935678571428511
8630,0.0011678571428570855
8631,0.001537928571428588
8632,0.0017047499999999819
8633,0.0015545357142856733
8634,0.0012262500000000541
8635,0.000995892857142877
8636,0.0011117142857142222
8637,0.001472035714285675
8638,0.0017773928571429057
8639,0.0017103214285715041
8640,0.0013967142857142431
8641,0.0010591071428571297
8642,0.0010698214285714666
8643,0.0013492499999999653
8644,0.0016881428571428967
8645,0.001759392857142826
8646,0.0015661071428571204
8647,0.0012410357142857416
8648,0.0010911428571428112
8649,0.0012672857142856993
8650,0.0016267500000000418
8651,0.0018562499999999562
8652,0.001745357142857072
8653,0.0014279999999999911
8654,0.0011469642857142963
8655,0.0012162857142856507
8656,0.0015153214285714256
8657,0.0018415714285714457
8658,0.0018767142857143426
8659,0.001642821428571395
8660,0.0012781071428572132
8661,0.0012077142857142421
8662,0.0014466428571428278
8663,0.0018098571428571424
8664,0.0019752857142856938
8665,0.0018166071428571534
8666,0.0014556428571427915
8667,0.001219071428571488
8668,0.0013537500000000233
8669,0.0016833214285714604
8670,0.0019498928571428462
8671,0.0019030714285714775
8672,0.00161003571428578
8673,0.0012533571428571223
8674,0.0012536785714285007
8675,0.0015209999999999725
8676,0.0018448928571428626
8677,0.0018918214285714085
8678,0.0016677857142856872
8679,0.0013040357142856404
8680,0.0011327142857143408
8681,0.0012868928571428233
8682,0.0016180714285714563
8683,0.001829035714285711
8684,0.001681928571428618
8685,0.0013282499999999991
8686,0.001057285714285732
8687,0.0011318571428570782
8688,0.0013877142857142795
8689,0.0016682142857142423
8690,0.0016570714285715025
8691,0.0013846071428572162
8692,0.001023857142857208
8693,0.0009598928571428697
8694,0.0011712857142856794
8695,0.0014880000000000036
8696,0.0016308214285713925
8697,0.0014709642857142111
8698,0.0011337857142856528
8699,0.0009102857142856635
8700,0.0010145357142857137
8701,0.001341214285714289
8702,0.001628892857142818
8703,0.0015672857142857615
8704,0.001253571428571476
8705,0.0009167142857142961
8706,0.000934071428571467
8707,0.0012055714285714662
8708,0.0015377142857142343
8709,0.0016076785714284978
8710,0.0013830000000000198
8711,0.0010371428571428762
8712,0.000902249999999987
8713,0.0010777499999999663
8714,0.001423071428571378
8715,0.001626107142857133
8716,0.0015070714285713954
8717,0.001170000000000014
8718,0.0008797500000000014
8719,0.0009642857142857508
8720,0.0013001785714286435
8721,0.0016098214285714262
8722,0.0015868928571428852
8723,0.0013293214285714633
8724,0.0009731785714285377
8725,0.0009069642857142465
8726,0.001138071428571357
8727,0.0014811428571428159
8728,0.0016242857142857352
8729,0.0014567142857142557
8730,0.0011241428571429322
8731,0.0009202500000000668
8732,0.0010296428571429316
8733,0.0013346785714286316
8734,0.0015973928571428684
8735,0.001553999999999941
8736,0.001253571428571476
8737,0.0009288214285714754
8738,0.000942857142857077
8739,0.001217249999999938
8740,0.0015739285714285955
8741,0.0016324285714285887
8742,0.0014059285714285608
8743,0.0010520357142857404
8744,0.0009094285714285531
8745,0.0011063571428572062
8746,0.001470000000000076
8747,0.0016748571428570765
8748,0.0015437142857143117
8749,0.0011957142857142397
8750,0.0008938928571429321
8751,0.0009858214285714492
8752,0.0013279285714286207
8753,0.0016711071428571042
8754,0.0016732500000000326
8755,0.0014060357142857377
8756,0.001052785714285674
8757,0.000992035714285728
8758,0.0011941071428571957
8759,0.0015209999999999725
8760,0.0016570714285715025
8761,0.001477821428571399
8762,0.0011308928571427909
8763,0.000929035714285677
8764,0.0010697142857142897
8765,0.0013909285714285196
8766,0.0016281428571428844
8767,0.001527321428571428
8768,0.0012138214285714963
8769,0.0009094285714285531
8770,0.0009421071428571435
8771,0.0012054642857142893
8772,0.0015369642857143008
8773,0.001580357142857076
8774,0.001347214285714214
8775,0.0009912857142856423
8776,0.0008601428571428776
8777,0.0010390714285714506
8778,0.0014165357142857209
8779,0.0016821428571428194
8780,0.0016353214285714504
8781,0.0014251071428571294
8782,0.001335428571428565
8783,0.0016073571428571196
8784,0.00206549999999999
8785,0.002465785714285776
8786,0.002503178571428626
8787,0.00216975000000004
8788,0.0015460714285714416
8789,0.0011177142857142996
8790,0.0011005714285714824
8791,0.0013666071428571362
8792,0.0014384999999999743
8793,0.0011853214285714334
8794,0.0007928571428571222
8795,0.0006241071428571538
8796,0.0008486785714286072
8797,0.0012571071428570946
8798,0.0015695357142857145
8799,0.0015208928571427956
8800,0.0012474642857142218
8801,0.0009375000000000609
8802,0.0009678214285713694
8803,0.001266964285714321
8804,0.0016212857142856966
8805,0.0016538571428571102
8806,0.0014056071428571824
8807,0.001036607142857144
8808,0.0009488571428571545
8809,0.0011869285714286295
8810,0.0015297857142857348
8811,0.0016923214285714241
8812,0.0015624642857143252
8813,0.0012388928571428132
8814,0.0010024285714285344
8815,0.0011214642857142719
8816,0.0014277857142857898
8817,0.0017332500000000449
8818,0.0017015357142857418
8819,0.0013999285714286357
8820,0.0010629642857142789
8821,0.0010742142857143478
8822,0.0013599642857143022
8823,0.0017134285714285674
8824,0.001812964285714358
8825,0.001606607142857186
8826,0.0012696428571428292
8827,0.0011038928571428994
8828,0.001253035714285744
8829,0.0016031785714285922
8830,0.0018540000000000032
8831,0.0017658214285714584
8832,0.0014651785714286396
8833,0.0011612142857142516
8834,0.0012005357142856761
8835,0.0014932499999999952
8836,0.0018583928571428844
8837,0.001893214285714251
8838,0.0016594285714286324
8839,0.00129760714285716
8840,0.0011882142857142953
8841,0.001400892857142923
8842,0.0017606785714286437
8843,0.0019268571428571286
8844,0.0017836071428571846
8845,0.0014540357142857475
8846,0.00120396428571427
8847,0.0013055357142856597
8848,0.0016042500000000562
8849,0.0018728571428571936
8850,0.0018339642857143244
8851,0.0015499285714285905
8852,0.0011915357142857123
8853,0.0011362499999999593
8854,0.0013799999999999813
8855,0.0017461071428571577
8856,0.00181167857142854
8857,0.0016046785714286115
8858,0.0012627857142856413
8859,0.0010689642857143562
8860,0.0012034285714285378
8861,0.0015175714285713786
8862,0.0017373214285713954
8863,0.001623214285714271
8864,0.0012997499999999362
8865,0.0009778928571427972
8866,0.001001999999999979
8867,0.0012716785714285805
8868,0.0015994285714286199
8869,0.0016033928571427935
8870,0.0013381071428570732
8871,0.0009861428571428276
8872,0.0008914285714286255
8873,0.0011111785714286425
8874,0.001457678571428543
8875,0.0016128214285714647
8876,0.001462178571428601
8877,0.0011220000000000039
8878,0.0008754642857142971
8879,0.000988071428571402
8880,0.0012935357142856573
8881,0.0015757499999999932
8882,0.0015308571428571988
8883,0.001258499999999937
8884,0.0009456428571429143
8885,0.0009387857142857265
8886,0.001181678571428638
8887,0.001516071428571359
8888,0.0016141071428571305
8889,0.0014116071428571075
8890,0.0010513928571428315
8891,0.0008871428571429213
8892,0.0010688571428571793
8893,0.00141299999999995
8894,0.0016518214285713587
8895,0.001544571428571422
8896,0.0012276428571428965
8897,0.0009387857142857265
8898,0.000970821428571408
8899,0.0012302142857142278
8900,0.0015583928571428222
8901,0.0015783214285714766
8902,0.0013313571428572146
8903,0.0009924642857142832
8904,0.0009133928571428791
8905,0.0011212500000000703
8906,0.0014657142857142196
8907,0.001631035714285746
8908,0.001476214285714355
8909,0.0011346428571429154
8910,0.0008853214285713713
8911,0.0009895714285714215
8912,0.0013118571428571155
8913,0.0016055357142857219
8914,0.001564178571428546
8915,0.0012614999999999757
8916,0.0009163928571429178
8917,0.0009171428571428513
8918,0.001204607142857179
8919,0.0015653571428571869
8920,0.001642821428571395
8921,0.0014261785714285934
8922,0.0010646785714284997
8923,0.0009061071428571361
8924,0.0010665000000000496
8925,0.0014192142857142288
8926,0.0016520357142857124
8927,0.0015304285714286437
8928,0.001210607142857104
8929,0.0009185357142856938
8930,0.0009890357142856893
8931,0.0013088571428570767
8932,0.0016343571428571633
8933,0.0016434642857143039
8934,0.0014034642857142542
8935,0.0010721785714285963
8936,0.0009836785714285208
8937,0.0011739642857143398
8938,0.0015297857142857348
8939,0.00167742857142856
8940,0.00149839285714281
8941,0.0011341071428571834
8942,0.0008777142857142499
8943,0.0009866785714285596
8944,0.0013212857142857867
8945,0.0016136785714285751
8946,0.001558178571428621
8947,0.001265249999999948
8948,0.0009352499999999558
8949,0.0009311785714286052
8950,0.0012020357142856954
8951,0.0015510000000000547
8952,0.0016328571428571438
8953,0.0014142857142857678
8954,0.00104057142857147
8955,0.0008567142857142837
8956,0.0010265357142857162
8957,0.0014059285714285608
8958,0.0016937142857142667
8959,0.0016523571428570909
8960,0.0014154642857142567
8961,0.0012617142857143295
8962,0.001482857142857189
8963,0.0019238571428570898
8964,0.0023450357142856654
8965,0.0024322500000000754
8966,0.0021576428571428606
8967,0.0015549642857142284
8968,0.0011228571428571143
8969,0.0010855714285714414
8970,0.0013404642857143554
8971,0.0014497500000000432
8972,0.0012129642857142337
8973,0.0008357142857143174
8974,0.0006513214285713989
8975,0.0008240357142856933
8976,0.001193249999999933
8977,0.0015208928571427956
8978,0.0015104999999999893
8979,0.0012620357142857077
8980,0.0009837857142856977
8981,0.0009927857142856616
8982,0.0012537857142856776
8983,0.0015939642857142745
8984,0.0016569642857143256
8985,0.0014512500000000625
8986,0.001108071428571427
8987,0.0009749999999999354
8988,0.0011631428571428262
8989,0.00151403571428576
8990,0.0017244642857142825
8991,0.0016126071428571112
8992,0.0012959999999999638
8993,0.0010158214285713792
8994,0.0010921071428570985
8995,0.0013880357142856579
8996,0.0017109642857142608
8997,0.0017193214285714678
8998,0.001479535714285772
8999,0.0011451428571428986
9000,0.0010743214285713724
9001,0.0013041428571428173
9002,0.001660071428571389
9003,0.0017918571428572148
9004,0.0016318928571428565
9005,0.0013002857142856681
9006,0.0010827857142857564
9007,0.0012116785714285682
9008,0.0015337500000000607
9009,0.0018101785714285208
9010,0.0017706428571428949
9011,0.001510071428571434
9012,0.0012215357142856423
9013,0.001241249999999943
9014,0.0015083571428572131
9015,0.0018479999999999259
9016,0.0019114285714285323
9017,0.0016884642857142751
9018,0.0013313571428572146
9019,0.0011835000000000357
9020,0.0013669285714285146
9021,0.0017240357142857274
9022,0.0019367142857143551
9023,0.0017982857142856952
9024,0.0014793214285714182
9025,0.0012093214285714383
9026,0.0012847500000000471
9027,0.0015755357142856394
9028,0.0018718928571429063
9029,0.0018431785714286418
9030,0.0015807857142857834
9031,0.0012331071428570897
9032,0.0011456785714286306
9033,0.0013632857142857192
9034,0.0017128928571428354
9035,0.0018205714285714793
9036,0.0016216071428570749
9037,0.001262999999999995
9038,0.0010504285714285442
9039,0.0011796428571428867
9040,0.001483392857142921
9041,0.001709678571428595
9042,0.0016149642857142409
9043,0.001339500000000068
9044,0.0010183928571428627
9045,0.0009913928571428192
9046,0.0012349285714286396
9047,0.0015744642857143277
9048,0.001656749999999972
9049,0.0014239285714286406
9050,0.0010410000000000252
9051,0.0008989285714285699
9052,0.0010948928571427835
9053,0.0014330357142857814
9054,0.0016183928571428348
9055,0.0014737500000000482
9056,0.0011346428571429154
9057,0.0008874642857142996
9058,0.0009606428571428032
9059,0.001259250000000023
9060,0.0015718928571428442
9061,0.00155142857142861
9062,0.0012850714285714256
9063,0.0009427500000000525
9064,0.0008939999999999568
9065,0.0011377499999999786
9066,0.0014712857142857416
9067,0.0015892500000000151
9068,0.0014150357142857014
9069,0.0010672499999999831
9070,0.0008572500000000158
9071,0.0009931071428571922
9072,0.0013450714285714379
9073,0.001625464285714224
9074,0.0015344999999999942
9075,0.0012130714285714106
9076,0.0008985000000000147
9077,0.000918964285714249
9078,0.001195071428571483
9079,0.0015382499999999665
9080,0.0016018928571429265
9081,0.0013775357142856747
9082,0.0009965357142857861
9083,0.0008683928571429078
9084,0.001082999999999958
9085,0.0014311071428572068
9086,0.0016189285714285667
9087,0.0014739642857142497
9088,0.0011439642857142575
9089,0.0008799642857143551
9090,0.000960857142857157
9091,0.0012795000000000555
9092,0.0015968571428571364
9093,0.001564821428571455
9094,0.0012939642857142124
9095,0.0009581785714284966
9096,0.0009184285714285169
9097,0.0011440714285714344
9098,0.0014986071428571637
9099,0.00163264285714279
9100,0.001440857142857104
9101,0.001084714285714331
9102,0.0008873571428571227
9103,0.001056107142857091
9104,0.0014171785714286297
9105,0.001671214285714281
9106,0.001575964285714347
9107,0.001259142857142846
9108,0.0009424285714285218
9109,0.0009682499999999246
9110,0.0012378214285715015
9111,0.0015703928571428247
9112,0.0016006071428571087
9113,0.0013529999999999376
9114,0.0009891428571428662
9115,0.0008502857142856511
9116,0.0010235357142856774
9117,0.0013756071428571001
9118,0.0015735000000000404
9119,0.001454892857142858
9120,0.0011266071428570866
9121,0.0008529642857143115
9122,0.0009481071428570686
9123,0.001253571428571476
9124,0.0015526071428570987
9125,0.0015309642857142234
9126,0.0012506785714286144
9127,0.0009054642857142272
9128,0.0008920714285713822
9129,0.001184357142857146
9130,0.0016256785714285778
9131,0.0018538928571428263
9132,0.001802357142857198
9133,0.0015799285714285206
9134,0.0014899285714285782
9135,0.001758214285714337
9136,0.0021475714285714327
9137,0.002220535714285735
9138,0.001794428571428546
9139,0.0011898214285714914
9140,0.000739928571428499
9141,0.0007233214285714139
9142,0.0009716785714285185
9143,0.0012662142857142354
9144,0.0012900000000000387
9145,0.0011016428571427944
9146,0.000801857142857086
9147,0.0007419642857142504
9148,0.000988821428571488
9149,0.0013658571428572027
9150,0.0015763928571429023
9151,0.0014525357142857282
9152,0.0011327142857143408
9153,0.0008989285714285699
9154,0.0010071428571427937
9155,0.0013300714285713968
9156,0.0016216071428570749
9157,0.0015849642857143108
9158,0.001272428571428514
9159,0.0009320357142857156
9160,0.0009560357142857206
9161,0.001218428571428579
9162,0.0015681428571428719
9163,0.001707535714285667
9164,0.001531392857142931
9165,0.0011770714285714032
9166,0.0009992142857142942
9167,0.0011507142857142684
9168,0.001475464285714269
9169,0.001715892857142874
9170,0.001625571428571401
9171,0.00132942857142864
9172,0.001040678571428647
9173,0.0010963928571428028
9174,0.0013834285714285752
9175,0.0017151428571427882
9176,0.0017521071428570829
9177,0.0015232499999999253
9178,0.0011830714285714806
9179,0.0010748571428571044
9180,0.0012785357142857683
9181,0.0016444285714285912
9182,0.0018499285714285005
9183,0.0017173928571428932
9184,0.0013776428571428516
9185,0.001133250000000073
9186,0.0012536785714285007
9187,0.0015980357142857775
9188,0.0018973928571429305
9189,0.0018578571428571524
9190,0.0015635357142857894
9191,0.0012286071428571838
9192,0.001211892857142922
9193,0.001465500000000018
9194,0.0018002142857142698
9195,0.0018823928571428893
9196,0.0016856785714285901
9197,0.0013430357142856866
9198,0.0011513571428571775
9199,0.0012888214285713977
9200,0.00162942857142855
9201,0.0018528214285713624
9202,0.0017349642857142657
9203,0.0013939285714285583
9204,0.0010886785714285046
9205,0.001125321428571421
9206,0.0013865357142856384
9207,0.0017021785714284984
9208,0.0017132142857142136
9209,0.001460464285714228
9210,0.0010938214285714715
9211,0.0009916071428571727
9212,0.0011739642857143398
9213,0.0014915357142857744
9214,0.001639499999999978
9215,0.001474928571428537
9216,0.0011282142857142827
9217,0.0008708571428572144
9218,0.0010003928571427829
9219,0.0013240714285714717
9220,0.001587642857142819
9221,0.001517357142857177
9222,0.0012294642857142942
9223,0.0008920714285713822
9224,0.000864321428571405
9225,0.0011302500000000342
9226,0.0015008571428571165
9227,0.0015722142857142224
9228,0.001355142857142866
9229,0.0010166785714286418
9230,0.0008392499999999359
9231,0.0009878571428572006
9232,0.0013253571428571372
9233,0.0015761785714285485
9234,0.001481035714285639
9235,0.0011586428571429203
9236,0.0008517857142856704
9237,0.0009171428571428513
9238,0.0012109285714286347
9239,0.0015323571428572183
9240,0.001551964285714342
9241,0.0013107857142856513
9242,0.0009384642857143482
9243,0.0008282142857142207
9244,0.001059535714285685
9245,0.0014318571428571403
9246,0.0016063928571428323
9247,0.0014519999999999963
9248,0.0011106428571429105
9249,0.0008651785714285154
9250,0.0009713571428571401
9251,0.001288178571428641
9252,0.001579178571428587
9253,0.001530750000000022
9254,0.0012523928571428352
9255,0.000925607142857083
9256,0.0008987142857142163
9257,0.0011446071428571664
9258,0.0014836071428571225
9259,0.0015694285714285376
9260,0.001365642857142849
9261,0.0010259999999999842
9262,0.0008662499999999796
9263,0.001033285714285727
9264,0.0013687500000000646
9265,0.0015973928571428684
9266,0.0014962500000000338
9267,0.0011673214285713536
9268,0.0008665714285713579
9269,0.0009465000000000247
9270,0.0012654642857143016
9271,0.0015761785714285485
9272,0.0015963214285714042
9273,0.0013482857142856782
9274,0.0009945000000000346
9275,0.0009289285714285001
9276,0.0011583214285713897
9277,0.0015158571428571578
9278,0.0016730357142856788
9279,0.0015079285714285058
9280,0.0011524285714286414
9281,0.0009002142857142356
9282,0.0009967499999999874
9283,0.0013114285714285602
9284,0.001594821428571385
9285,0.0015463928571428198
9286,0.0012537857142856776
9287,0.00092014285714289
9288,0.0009023571428571638
9289,0.0011522142857142879
9290,0.0014842500000000313
9291,0.001553035714285654
9292,0.0013664999999999593
9293,0.001019249999999973
9294,0.0008526428571429332
9295,0.0010273928571428266
9296,0.0013781785714285836
9297,0.0015929999999999872
9298,0.0014736428571428715
9299,0.0011311071428571446
9300,0.0008116071428571355
9301,0.0009440357142857181
9302,0.0013654285714286476
9303,0.0017847857142856732
9304,0.0019021071428571902
9305,0.0017848928571428501
9306,0.0015938571428570976
9307,0.001633928571428608
9308,0.001924499999999999
9309,0.0023145000000000036
9310,0.0023396785714284974
9311,0.0018548571428571136
9312,0.0011553214285715033
9313,0.0007641428571428577
9314,0.0008484642857142534
9315,0.0010984285714285542
9316,0.0013057500000000135
9317,0.0012488571428572166
9318,0.0010231071428571223
9319,0.0007803214285713876
9320,0.0008417142857142425
9321,0.0011444999999999895
9322,0.0015258214285714087
9323,0.0015955714285714707
9324,0.0013792500000000478
9325,0.001033285714285727
9326,0.0008902499999999845
9327,0.001082999999999958
9328,0.001445464285714339
9329,0.001667892857142864
9330,0.0015338571428570853
9331,0.0012064285714285766
9332,0.0009511071428571073
9333,0.0010403571428571163
9334,0.001358357142857106
9335,0.001671321428571458
9336,0.0016692857142857065
9337,0.0014060357142857377
9338,0.0010528928571428508
9339,0.001002107142857156
9340,0.001238571428571435
9341,0.0015678214285714937
9342,0.0017142857142856778
9343,0.0015840000000000235
9344,0.001232892857142888
9345,0.0010137857142857802
9346,0.0011461071428571859
9347,0.0014740714285714266
9348,0.0017802857142857676
9349,0.0017323928571427822
9350,0.001423499999999933
9351,0.001105714285714297
9352,0.0011203928571428077
9353,0.0013812857142856468
9354,0.001729821428571451
9355,0.0018313928571428407
9356,0.0016268571428572187
9357,0.0012682499999999866
9358,0.0011184642857142333
9359,0.0012954642857142319
9360,0.0016823571428571731
9361,0.0019330714285714075
9362,0.0018043928571427972
9363,0.0014561785714285237
9364,0.001186607142857099
9365,0.0012690000000000724
9366,0.00157585714285717
9367,0.001877571428571453
9368,0.001857535714285774
9369,0.0015923571428570784
9370,0.0012409285714285647
9371,0.0011625000000000695
9372,0.0014022857142857654
9373,0.0017494285714285747
9374,0.0018767142857143426
9375,0.00167742857142856
9376,0.0012889285714285745
9377,0.0010708928571429308
9378,0.0012087857142857063
9379,0.001534071428571439
9380,0.0017718214285713835
9381,0.0016764642857142727
9382,0.0013736785714285255
9383,0.0010475357142856825
9384,0.0010296428571429316
9385,0.001286464285714268
9386,0.001610464285714335
9387,0.0016282500000000613
9388,0.0013933928571428261
9389,0.0010398214285713843
9390,0.0009006428571427908
9391,0.0010872857142856622
9392,0.0014299285714285657
9393,0.00161325000000002
9394,0.001469357142857167
9395,0.00113474999999994
9396,0.0008590714285714135
9397,0.0009473571428571351
9398,0.0012555000000000506
9399,0.001568035714285695
9400,0.001526892857142873
9401,0.001241249999999943
9402,0.0009259285714286136
9403,0.0008990357142857468
9404,0.0011187857142857637
9405,0.0014577857142857198
9406,0.0015895714285713933
9407,0.001410214285714265
9408,0.0010391785714286275
9409,0.0008274642857142872
9410,0.0010034999999999985
9411,0.0013420714285713993
9412,0.0015872142857142636
9413,0.001494964285714216
9414,0.0011809285714285522
9415,0.000881571428571399
9416,0.0009105000000000173
9417,0.0011544642857142407
9418,0.0014901428571429318
9419,0.001572107142857198
9420,0.0013627499999999872
9421,0.0010033928571428216
9422,0.000876107142857206
9423,0.0010610357142857043
9424,0.0014205000000000467
9425,0.0016123928571429096
9426,0.0014527499999999298
9427,0.0011053928571429189
9428,0.0008640000000000266
9429,0.0009724285714286042
9430,0.0012683571428571635
9431,0.0015538928571429166
9432,0.0015348214285713726
9433,0.0012815357142856548
9434,0.000947464285714312
9435,0.0008834999999999736
9436,0.0011183571428572086
9437,0.0014755714285714459
9438,0.0015872142857142636
9439,0.0013942499999999366
9440,0.0010548214285714254
9441,0.0008622857142856536
9442,0.0010026428571428881
9443,0.001352357142857181
9444,0.0016156071428571497
9445,0.0015086785714285916
9446,0.00120396428571427
9447,0.0008983928571428379
9448,0.000933428571428558
9449,0.0012248571428572117
9450,0.0015559285714285157
9451,0.001598142857142802
9452,0.0013722857142856831
9453,0.001029428571428578
9454,0.0009280714285713897
9455,0.0011368928571428682
9456,0.0014997857142856523
9457,0.0016813928571428858
9458,0.0015282857142857153
9459,0.0011828571428571268
9460,0.0009248571428571495
9461,0.001032857142857172
9462,0.0013193571428572121
9463,0.0015858214285714213
9464,0.0015560357142856925
9465,0.0012849642857142487
9466,0.0009448928571428285
9467,0.0008972142857143491
9468,0.0011304642857142358
9469,0.0014742857142857804
9470,0.0015693214285713607
9471,0.0013719642857143047
9472,0.0010349999999999479
9473,0.0008641071428572035
9474,0.0010259999999999842
9475,0.0013516071428570952
9476,0.0015766071428571036
9477,0.001458214285714275
9478,0.0011368928571428682
9479,0.0008420357142857731
9480,0.0009455357142857374
9481,0.0013309285714285073
9482,0.0017584285714285386
9483,0.0019174285714286096
9484,0.0018678214285714034
9485,0.001683535714285662
9486,0.0016714285714286349
9487,0.0019341428571428717
9488,0.002320071428571373
9489,0.002376857142857146
9490,0.0018919285714285852
9491,0.001207821428571419
9492,0.0007825714285714928
9493,0.000816321428571395
9494,0.0010622142857143453
9495,0.0012908571428571491
9496,0.0012911785714285276
9497,0.0011095714285714463
9498,0.0008271428571429088
9499,0.0008391428571429113
9500,0.0011003571428571288
9501,0.0014748214285713601
9502,0.0016009285714286392
9503,0.0013898571428572078
9504,0.0010495714285714338
9505,0.0009083571428570889
9506,0.0010827857142857564
9507,0.001427571428571436
9508,0.0016752857142857838
9509,0.0015736071428572172
9510,0.0012511071428571695
9511,0.0009427500000000525
9512,0.0009997500000000262
9513,0.0013017857142856874
9514,0.0016391785714285996
9515,0.001674107142857143
9516,0.0014264999999999718
9517,0.0010650000000000301
9518,0.0009857142857142723
9519,0.0012243214285714795
9520,0.0015656785714285653
9521,0.0017492142857142212
9522,0.0016174285714285475
9523,0.001275857142857108
9524,0.0010163571428571114
9525,0.0011269285714286172
9526,0.0014686071428570812
9527,0.0017724642857142926
9528,0.0017275714285714982
9529,0.0014380714285714192
9530,0.0011217857142856503
9531,0.0011137499999999737
9532,0.001355142857142866
9533,0.001712571428571457
9534,0.0018438214285713985
9535,0.001661785714285762
9536,0.0013141071428570683
9537,0.0011551071428571496
9538,0.0013158214285714414
9539,0.0016646785714286238
9540,0.0018973928571429305
9541,0.0017881071428570905
9542,0.0014785714285714846
9543,0.0011803928571428202
9544,0.0012233571428571922
9545,0.0015190714285713979
9546,0.001849178571428567
9547,0.001878107142857185
9548,0.0016312499999999476
9549,0.0012722142857143127
9550,0.0011569285714285473
9551,0.0013533214285714682
9552,0.001707964285714222
9553,0.001859035714285641
9554,0.0016892142857143609
9555,0.0013407857142857336
9556,0.001082999999999958
9557,0.001182214285714218
9558,0.0014920714285713542
9559,0.0017730000000000246
9560,0.0017128928571428354
9561,0.0014240357142856653
9562,0.0010675714285713614
9563,0.00102492857142852
9564,0.0012429642857143162
9565,0.0015691071428571592
9566,0.0016497857142857596
9567,0.001420178571428516
9568,0.0010596428571428619
9569,0.0008817857142857528
9570,0.0010331785714285501
9571,0.001371214285714219
9572,0.0015845357142857555
9573,0.001456071428571499
9574,0.001141499999999951
9575,0.0008543571428571539
9576,0.0009032142857142742
9577,0.0011873571428571848
9578,0.0015154285714286024
9579,0.001541250000000005
9580,0.0012912857142857045
9581,0.0009391071428571048
9582,0.0008292857142856848
9583,0.0010537499999999612
9584,0.0014165357142857209
9585,0.001578642857142855
9586,0.001399714285714282
9587,0.0010584642857142208
9588,0.0008407499999999552
9589,0.0009742500000000019
9590,0.001283678571428583
9591,0.001562571428571502
9592,0.0015101785714286109
9593,0.0012102857142857256
9594,0.0008957142857143298
9595,0.0009002142857142356
9596,0.0011572499999999257
9597,0.0014946428571428376
9598,0.0015528214285714524
9599,0.0013418571428571978
9600,0.000985928571428626
9601,0.0008198571428571658
9602,0.0010069285714285924
9603,0.0013445357142857059
9604,0.001546928571428552
9605,0.001445464285714339
9606,0.001141499999999951
9607,0.0008632499999999409
9608,0.0009259285714286136
9609,0.0012028928571428058
9610,0.0015041785714285335
9611,0.0015045000000000642
9612,0.00127082142857147
9613,0.0009370714285713535
9614,0.0008554285714286181
9615,0.00106178571428579
9616,0.001413642857142859
9617,0.0015761785714285485
9618,0.0014078571428571354
9619,0.0010654285714285854
9620,0.00082971428571424
9621,0.0009235714285714838
9622,0.0012549642857143186
9623,0.0015476785714286377
9624,0.001488857142857114
9625,0.001212321428571477
9626,0.0008936785714285784
9627,0.000874928571428565
9628,0.0011288571428571918
9629,0.0014788928571428629
9630,0.0015635357142857894
9631,0.0013533214285714682
9632,0.0010050000000000178
9633,0.0008652857142856923
9634,0.0010587857142857514
9635,0.0014004642857142154
9636,0.0015977142857142468
9637,0.0014636785714286203
9638,0.0011580000000000115
9639,0.0008992499999999483
9640,0.0009587142857142287
9641,0.0012623571428570862
9642,0.0015961071428572029
9643,0.001585392857142866
9644,0.0013183928571429248
9645,0.0009748928571429109
9646,0.0008845714285714378
9647,0.0010876071428571926
9648,0.0014285357142857233
9649,0.0015640714285713691
9650,0.0013672500000000453
9651,0.0010224642857142134
9652,0.0008327142857142788
9653,0.0009495000000000634
9654,0.0012698571428571828
9655,0.0015484285714285713
9656,0.0014756785714286228
9657,0.001181678571428638
9658,0.0008647499999999602
9659,0.0008521071428572011
9660,0.0011056071428571202
9661,0.0014657142857142196
9662,0.0015176785714285555
9663,0.0013186071428571264
9664,0.0010318928571428846
9665,0.0009805714285714576
9666,0.001289249999999953
9667,0.0017854285714285823
9668,0.0021620357142857418
9669,0.0021890357142857857
9670,0.00196124999999994
9671,0.0017485714285714643
9672,0.0017899285714286404
9673,0.0017979642857143168
9674,0.0017278928571428764
9675,0.0014736428571428715
9676,0.0011273571428571723
9677,0.0007274999999999413
9678,0.0005843571428571741
9679,0.0007839642857143352
9680,0.0011662500000000416
9681,0.0013763571428571859
9682,0.0012808928571428982
9683,0.0009825000000000322
9684,0.0007962857142857161
9685,0.0009631071428571099
9686,0.0013033928571428838
9687,0.0015683571428570734
9688,0.0014892857142856692
9689,0.0011953928571428614
9690,0.0009024642857143407
9691,0.0009263571428571689
9692,0.0011988214285714553
9693,0.001548642857142925
9694,0.001605964285714277
9695,0.0013760357142856552
9696,0.0010272857142856497
9697,0.0008972142857143491
9698,0.0010967142857143334
9699,0.001440857142857104
9700,0.001630500000000014
9701,0.0014647499999999323
9702,0.0011631428571428262
9703,0.000978642857142883
9704,0.0010787142857142536
9705,0.0013546071428571338
9706,0.0016583571428571682
9707,0.0016436785714285054
9708,0.0013984285714286164
9709,0.0010696071428571128
9710,0.0010118571428572056
9711,0.0012503571428570837
9712,0.0016056428571428988
9713,0.0017379642857143045
9714,0.0015488571428571264
9715,0.001213499999999966
9716,0.0010390714285714506
9717,0.001190464285714248
9718,0.0015190714285713979
9719,0.0017953928571428333
9720,0.0017288571428571637
9721,0.0014296071428571875
9722,0.00112596428571433
9723,0.0011508214285714453
9724,0.001417500000000008
9725,0.0017496428571429285
9726,0.0018036428571428637
9727,0.0015865714285713548
9728,0.0012158571428570956
9729,0.0010675714285713614
9730,0.0012778928571428594
9731,0.0016543928571428421
9732,0.0018677142857142265
9733,0.0017183571428571805
9734,0.0013676785714286004
9735,0.0010922142857142754
9736,0.0011758928571429144
9737,0.0014618571428570704
9738,0.0017496428571429285
9739,0.0017240357142857274
9740,0.0014451428571428083
9741,0.0010820357142856706
9742,0.0010118571428572056
9743,0.0012354642857142193
9744,0.00157585714285717
9745,0.001680749999999977
9746,0.0014836071428571225
9747,0.001132499999999987
9748,0.0009212142857143541
9749,0.0010528928571428508
9750,0.0013447500000000597
9751,0.0015590357142857313
9752,0.0014467500000000047
9753,0.0011267142857142635
9754,0.0008254285714285357
9755,0.000858750000000035
9756,0.00109917857142864
9757,0.0014413928571428362
9758,0.0014993571428570972
9759,0.0012582857142857356
9760,0.0009083571428570889
9761,0.0007781785714286116
9762,0.000960214285714248
9763,0.001313142857142781
9764,0.0015108214285713675
9765,0.0013706785714286392
9766,0.0010369285714285225
9767,0.0007605000000000623
9768,0.0008394642857142896
9769,0.0011532857142857518
9770,0.001479428571428595
9771,0.0014508214285713552
9772,0.0011603571428571411
9773,0.0008373214285713614
9774,0.0008143928571428205
9775,0.00105996428571424
9776,0.001385678571428528
9777,0.001468285714285703
9778,0.001309821428571364
9779,0.000992035714285728
9780,0.0007871785714285754
9781,0.0008997857142856804
9782,0.0012288214285713854
9783,0.0014883214285713819
9784,0.0014003571428571908
9785,0.001098642857142908
9786,0.0008020714285714396
9787,0.000809035714285652
9788,0.001080642857142828
9789,0.0014266071428571487
9790,0.0014711785714285647
9791,0.00125517857142852
9792,0.0009227142857142212
9793,0.000768964285714294
9794,0.0009387857142857265
9795,0.0013248214285714053
9796,0.0015419999999999386
9797,0.001470000000000076
9798,0.0012347142857142858
9799,0.0009671785714286126
9800,0.0009241071428572159
9801,0.001145892857142832
9802,0.0014569285714286094
9803,0.0014757857142856474
9804,0.001256357142857161
9805,0.0009430714285714308
9806,0.0009393214285714586
9807,0.0010990714285714631
9808,0.0013130357142857564
9809,0.0013798928571428044
9810,0.0011789999999999776
9811,0.0008412857142856873
9812,0.0006712500000000533
9813,0.0008510357142857369
9814,0.001225714285714322
9815,0.0015190714285713979
9816,0.0014433214285714108
9817,0.001121357142857095
9818,0.000795107142857075
9819,0.0008153571428571078
9820,0.0011073214285714935
9821,0.0014691428571428134
9822,0.001537928571428588
9823,0.0013221428571428971
9824,0.0009407142857143011
9825,0.0008058214285714119
9826,0.0009934285714285705
9827,0.0013714285714285727
9828,0.0016091785714285173
9829,0.0014768571428571116
9830,0.001127999999999929
9831,0.0008339999999999443
9832,0.0009004285714285893
9833,0.00122839285714283
9834,0.0015766071428571036
9835,0.0015696428571428912
9836,0.001289678571428508
9837,0.0009012857142856997
9838,0.0007988571428571995
9839,0.0010080000000000564
9840,0.0014004642857142154
9841,0.0015945000000000067
9842,0.0014232857142857317
9843,0.0010277142857143572
9844,0.0007555714285714491
9845,0.0008634642857142945
9846,0.0012417857142856751
9847,0.0015630000000000572
9848,0.0015270000000000498
9849,0.001203321428571361
9850,0.0008225357142856739
9851,0.000753857142857076
9852,0.0009967499999999874
9853,0.0014213571428571571
9854,0.0016044642857142577
9855,0.0014180357142857401
9856,0.001033928571428636
9857,0.0009235714285714838
9858,0.0012372857142857693
9859,0.0018925714285714943
9860,0.0023949642857142503
9861,0.0024381428571428236
9862,0.002056071428571471
9863,0.0015472499999999302
9864,0.0012471428571428436
9865,0.0012716785714285805
9866,0.001502892857142868
9867,0.0014728928571427855
9868,0.0011379642857143324
9869,0.0006397499999999517
9870,0.00045364285714281243
9871,0.0007470000000000405
9872,0.0012393214285713685
9873,0.0014644285714285538
9874,0.0013399285714286232
9875,0.0009879642857142253
9876,0.0007113214285714113
9877,0.0008114999999999587
9878,0.0012149999999999852
9879,0.0015705000000000016
9880,0.0015146785714285167
9881,0.0010792499999999856
9882,0.0006963214285713702
9883,0.0007057500000000415
9884,0.0010191428571427962
9885,0.0015616071428572148
9886,0.0016055357142857219
9887,0.0011362499999999593
9888,0.0007102499999999473
9889,0.0006102857142857536
9890,0.0009167142857142961
9891,0.001347321428571391
9892,0.001630607142857191
9893,0.0015007499999999396
9894,0.000960857142857157
9895,0.000380892857142864
9896,0.00030760714285718344
9897,0.000541499999999979
9898,0.0007493571428571703
9899,0.000714964285714359
9900,0.0004535357142857878
9901,0.00015696428571431958
9902,-7.607142857144161e-05
9903,-8.325000000000773e-05
9904,6.503571428565027e-05
9905,-2.9999999999625566e-06
9906,-0.00030010714285716287
9907,-0.0006656785714286073
9908,-0.000868821428571463
9909,-0.0007567500000000139
9910,-0.00033578571428571587
9911,1.607142857135305e-05
9912,7.0714285713892525e-06
9913,-0.0003008571428571725
9914,-0.0006419999999999807
9915,-0.000611142857142864
9916,-0.0002200714285713953
9917,0.0002102142857143211
9918,0.00033685714285718
9919,0.00019853571428569695
9920,-0.0001735714285714047
9921,-0.0003457499999999669
9922,-0.00012407142857145153
9923,0.0002873571428571507
9924,0.00045728571428576
9925,0.00025949999999999666
9926,-0.00022735714285713828
9927,-0.0006297857142857006
9928,-0.0006026785714285562
9929,-0.0003303214285714467
9930,-6.310714285715185e-05
9931,-0.00020399999999996612
9932,-0.0006821785714285917
9933,-0.0012244285714285803
9934,-0.0013983214285714395
9935,-0.0011765357142857471
9936,-0.0007882499999999634
9937,-0.0006995357142856865
9938,-0.0010490357142857018
9939,-0.0016118571428571777
9940,-0.0018098571428571424
9941,-0.0015742499999999739
9942,-0.00116817857142854
9943,-0.0009024642857142646
9944,-0.0010354285714285793
9945,-0.0014021785714285885
9946,-0.0017248928571428378
9947,-0.0016719642857142907
9948,-0.001360607142857135
9949,-0.0009943928571428578
9950,-0.0009053571428571264
9951,-0.001167107142857152
9952,-0.001628892857142894
9953,-0.001682464285714274
9954,-0.001336071428571398
9955,-0.0008439642857142715
9956,-0.0006787499999999978
9957,-0.0009504642857142745
9958,-0.0013505357142857071
9959,-0.0015154285714286024
9960,-0.0012298928571428495
9961,-0.0008148214285714518
9962,-0.00046885714285713117
9963,-0.0004498928571428402
9964,-0.0008776071428571493
9965,-0.0013857857142857049
9966,-0.0014592857142857391
9967,-0.0010352142857143016
9968,-0.0004260000000000121
9969,-0.0002654999999999979
9970,-0.0004751785714285869
9971,-0.0009091071428571748
9972,-0.0011178214285714003
9973,-0.000881571428571399
9974,-0.000452785714285702
9975,-0.0002229642857142571
9976,-0.00028242857142853745
9977,-0.000577714285714264
9978,-0.000905571428571404
9979,-0.0008204999999999986
9980,-0.0004272857142856777
9981,4.1357142857175895e-05
9982,0.00014271428571421195
9983,-0.00017078571428571975
9984,-0.0005934642857143148
9985,-0.0006715714285714317
9986,-0.0004473214285714328
9987,-4.435714285713845e-05
9988,0.00022971428571426803
9989,5.314285714282465e-05
9990,-0.00040307142857139513
9991,-0.0007141071428571724
9992,-0.0005752500000000335
9993,-0.00012771428571432304
9994,0.0003009642857143494
9995,0.00031457142857139585
9996,-3.192857142858076e-05
9997,-0.0004768928571428838
9998,-0.0005228571428571424
9999,-0.00020410714285714297
10000,0.0002545714285713834
10001,0.00035796428571432314
10002,3.6535714285739526e-05
10003,-0.0004324285714285685
10004,-0.0006294642857143223
10005,-0.0003752142857143172
10006,0.00013189285714285047
10007,0.0004912500000000161
10008,0.0004313571428571805
10009,7.082142857137391e-05
10010,-0.00031274999999999814
10011,-0.0002905714285713909
10012,5.0464285714316555e-05
10013,0.0004805357142856792
10014,0.0005518928571427851
10015,0.0002690357142856925
10016,-0.00011721428571426376
10017,-0.00021235714285717323
10018,5.785714285723641e-06
10019,0.0004220357142856861
10020,0.0006400714285714823
10021,0.00043982142857141226
10022,6.964285714212387e-06
10023,-0.00029807142857141145
10024,-0.00019039285714284355
10025,0.00017303571428567264
10026,0.0004596428571428898
10027,0.0004166785714285177
10028,0.00010489285714280682
10029,-0.00026850000000003656
10030,-0.0003061071428571641
10031,-4.0928571428544557e-05
10032,0.00030278571428574705
10033,0.00036964285714279505
10034,0.0001095000000000417
10035,-0.00033857142857140083
10036,-0.0005647499999999742
10037,-0.0004372500000000049
10038,-0.00011357142857139227
10039,0.00010264285714285392
10040,3.471428571434184e-05
10041,-0.00023196428571429703
10042,-0.000387535714285698
10043,-0.00015107142857141907
10044,0.00030364285714285747
10045,0.0006837857142857879
10046,0.0007078928571428174
10047,0.00046371428571424035
10048,-8.539285714285987e-05
10049,-0.0004913571428571169
10050,-0.000536999999999997
10051,-0.0003064285714285424
10052,-0.00023078571428573216
10053,-0.0004331785714285782
10054,-0.0007622142857142832
10055,-0.0009303214285714187
10056,-0.0007440000000000018
10057,-0.00036535714285716687
10058,-3.6535714285739526e-05
10059,-5.7321428571428206e-05
10060,-0.0003009642857142733
10061,-0.0005532857142857038
10062,-0.0005001428571428791
10063,-0.00022424999999999886
10064,0.00010157142857138978
10065,0.00013500000000006603
10066,-7.264285714284772e-05
10067,-0.00038400000000000337
10068,-0.000502392857142832
10069,-0.00029989285714288527
10070,3.932142857142448e-05
10071,0.00022103571428568256
10072,0.00010060714285710251
10073,-0.00021321428571428365
10074,-0.00045525000000000865
10075,-0.0003613928571428409
10076,-9.675000000002955e-05
10077,0.0001906071428571973
10078,0.00016842857142859
10079,-8.689285714287921e-05
10080,-0.00040350000000002645
10081,-0.0004419642857142644
10082,-0.0002382857142856766
10083,4.789285714283307e-05
10084,0.00012857142857143345
10085,-1.585714285715158e-05
10086,-0.00028853571428571556
10087,-0.0004714285714285385
10088,-0.00034724999999998624
10089,-4.457142857141605e-05
10090,0.00019467857142854784
10091,0.0001254642857142179
10092,-0.00014710714285716924
10093,-0.00044839285714282084
10094,-0.00042407142857143755
10095,-0.0001423928571428336
10096,0.00021921428571428488
10097,0.00026378571428570095
10098,2.3035714285717697e-05
10099,-0.00032453571428572305
10100,-0.00044367857142856135
10101,-0.00023507142857143648
10102,0.00014099999999999112
10103,0.00033192857142856673
10104,0.00020389285714286537
10105,-0.00011389285714284674
10106,-0.00034767857142854145
10107,-0.00024300000000001225
10108,4.617857142861226e-05
10109,0.00032496428571435437
10110,0.0002958214285713824
10111,3.353571428570084e-05
10112,-0.0002898214285714573
10113,-0.000307285714285729
10114,-5.914285714282589e-05
10115,0.00026625000000000753
10116,0.00036900000000003835
10117,0.000170571428571366
10118,-0.00015942857142855007
10119,-0.0003020357142857374
10120,-0.00014057142857143594
10121,0.00019403571428563892
10122,0.00043778571428566084
10123,0.0003652500000000661
10124,8.40000000000174e-05
10125,-0.0002377500000000207
10126,-0.00021664285714287753
10127,2.903571428564281e-05
10128,0.00030985714285713636
10129,0.0003751071428571403
10130,0.00023228571428575152
10131,-0.00011699999999998616
10132,-0.00027760714285717723
10133,-0.00010328571428568673
10134,0.0002467500000000606
10135,0.0004397142857142354
10136,0.0003040714285714127
10137,-4.178571428603561e-06
10138,-0.00027342857142857366
10139,-0.0002212500000000363
10140,7.949999999995936e-05
10141,0.00044796428571426564
10142,0.00047014285714287295
10143,0.00019146428571430768
10144,-0.00017185714285710777
10145,-0.00023539285714289094
10146,1.2321428571380823e-05
10147,0.00038346428571434744
10148,0.0005072142857143445
10149,0.00032335714285715815
10150,-3.1178571428571086e-05
10151,-0.00022050000000002664
10152,-7.049999999999556e-05
10153,0.0002562857142857565
10154,0.0005088214285713885
10155,0.00042310714285715025
10156,0.00013789285714292784
10157,-0.0001383214285714069
10158,-0.0001142142857143012
10159,0.00013971428571432553
10160,0.00046360714285721574
10161,0.0005272500000000236
10162,0.0003450000000000334
10163,-3.749999999972228e-06
10164,-0.0001408928571428904
10165,2.0999999999966284e-05
10166,0.0003422142857143484
10167,0.0005783571428570967
10168,0.0004817142857143202
10169,0.00014710714285709312
10170,-0.00012117857142858972
10171,-3.3642857142877706e-05
10172,0.00027867857142856525
10173,0.0005978571428571959
10174,0.0006042857142856763
10175,0.00034232142857137303
10176,-1.928571428574547e-06
10177,-5.2821428571446304e-05
10178,0.00018300000000007595
10179,0.0005443928571428407
10180,0.0006654642857143297
10181,0.00048503571428573725
10182,0.00016210714285713428
10183,5.571428571369909e-06
10184,0.00016221428571431114
10185,0.0004872857142856901
10186,0.0007151785714285605
10187,0.0006337500000000265
10188,0.0003418928571428178
10189,5.2607142857092576e-05
10190,0.0001027500000000308
10191,0.0003815357142857729
10192,0.0007291071428571375
10193,0.0007920000000000118
10194,0.0005697857142856882
10195,0.0002149285714285806
10196,9.610714285719674e-05
10197,0.00028392857142855684
10198,0.0006037499999999442
10199,0.000765642857142877
10200,0.0006099642857142231
10201,0.0002816785714286039
10202,4.253571428566464e-05
10203,0.0001628571428570678
10204,0.00046457142857150304
10205,0.000752357142857209
10206,0.0007192500000000633
10207,0.00045814285714287044
10208,0.0001480714285713804
10209,0.00012203571428577626
10210,0.00035292857142853304
10211,0.0006988928571428537
10212,0.0007977857142857353
10213,0.0006222857142857562
10214,0.00033235714285712194
10215,0.00020474999999997578
10216,0.0004076785714285539
10217,0.0008360357142856958
10218,0.0012116785714285682
10219,0.001274785714285644
10220,0.001111821428571399
10221,0.0009077142857143323
10222,0.0010091785714285452
10223,0.0011887500000000272
10224,0.0012103928571429025
10225,0.0009305357142856963
10226,0.000506892857142814
10227,7.50000000000536e-05
10228,-5.12142857142501e-05
10229,0.00013917857142859346
10230,0.0004886785714285326
10231,0.0006575357142856778
10232,0.000558749999999973
10233,0.0002952857142856504
10234,0.00011207142857137293
10235,0.00026667857142856274
10236,0.0006002142857143257
10237,0.0009092142857143517
10238,0.0009016071428570781
10239,0.0006515357142857527
10240,0.0003334285714285861
10241,0.00032517857142855586
10242,0.0005930357142857596
10243,0.000960214285714248
10244,0.0010650000000000301
10245,0.0008846785714286146
10246,0.0005511428571428516
10247,0.00038914285714289424
10248,0.0005555357142857328
10249,0.0008934642857142247
10250,0.00113978571428573
10251,0.001049464285714257
10252,0.000751071428571391
10253,0.0004883571428571543
10254,0.0005462142857142385
10255,0.0008318571428571683
10256,0.00116657142857142
10257,0.0011787857142857763
10258,0.0009293571428572075
10259,0.0006359999999999795
10260,0.0005934642857143148
10261,0.0008071071428570776
10262,0.0011444999999999895
10263,0.0013113214285713833
10264,0.0011578928571428346
10265,0.0008306785714285273
10266,0.000611785714285773
10267,0.0007429285714285376
10268,0.0010652142857142317
10269,0.0013615714285714984
10270,0.0013459285714285483
10271,0.0010623214285713698
10272,0.0007273928571429166
10273,0.000738321428571455
10274,0.001000928571428515
10275,0.0013424999999999544
10276,0.0014506071428571536
10277,0.001251321428571371
10278,0.000895607142857153
10279,0.0007485000000000599
10280,0.0009666428571428806
10281,0.001292999999999925
10282,0.001490571428571487
10283,0.0013716428571429265
10284,0.001053857142857138
10285,0.0007754999999999513
10286,0.0008211428571428314
10287,0.0010861071428571734
10288,0.0013987499999999946
10289,0.0013956428571429314
10290,0.001111821428571399
10291,0.0007687499999999403
10292,0.0007056428571428646
10293,0.0009004285714285893
10294,0.0012081428571427974
10295,0.0013260000000000461
10296,0.0011616428571428069
10297,0.0008158928571428398
10298,0.0005814642857143123
10299,0.0006970714285714561
10300,0.001008107142857081
10301,0.0012613928571427989
10302,0.0011780357142856905
10303,0.0008787857142857141
10304,0.000549857142857186
10305,0.0005447142857142191
10306,0.0007776428571428795
10307,0.0011022857142857032
10308,0.0011944285714285741
10309,0.0009928928571428385
10310,0.0006393214285713965
10311,0.0004707857142857819
10312,0.0006177857142856981
10313,0.0009637500000000187
10314,0.0011881071428571184
10315,0.0010853571428570876
10316,0.000785678571428556
10317,0.000507964285714278
10318,0.0005601428571428154
10319,0.0008493214285713638
10320,0.0011611071428570747
10321,0.0011807142857143509
10322,0.0009421071428571435
10323,0.0005873571428572129
10324,0.0005012142857142672
10325,0.0007281428571428503
10326,0.001096821428571358
10327,0.0012421071428572058
10328,0.0010700357142856682
10329,0.000737678571428546
10330,0.0005104285714285847
10331,0.0006303214285714327
10332,0.0009543214285714997
10333,0.0012347142857142858
10334,0.0011800714285714418
10335,0.0008979642857142828
10336,0.000565392857142807
10337,0.0005643214285714951
10338,0.0008385000000000023
10339,0.001177285714285757
10340,0.0012540000000000313
10341,0.001031571428571354
10342,0.000675857142857136
10343,0.0005185714285714381
10344,0.0006812142857143044
10345,0.0010239642857142327
10346,0.0012677142857142546
10347,0.0011764285714286466
10348,0.0008689285714286399
10349,0.0005900357142857209
10350,0.0006552857142857249
10351,0.0009299999999999642
10352,0.001222392857142905
10353,0.001218535714285756
10354,0.0010004999999999598
10355,0.0006815357142856827
10356,0.0006138214285713721
10357,0.0008296071428572154
10358,0.0011756785714285606
10359,0.0013189285714285046
10360,0.0011615357142857822
10361,0.0008283214285713976
10362,0.0006175714285714967
10363,0.0007501071428571038
10364,0.0010665000000000496
10365,0.0013312500000000377
10366,0.001290964285714326
10367,0.0010153928571428241
10368,0.0006890357142857795
10369,0.0006948214285715031
10370,0.0009460714285714695
10371,0.0012599999999999565
10372,0.0013179642857142175
10373,0.0011031428571428136
10374,0.0007351071428572149
10375,0.0005764285714285223
10376,0.000769607142857203
10377,0.0011201785714286064
10378,0.0013203214285714994
10379,0.0011837142857142372
10380,0.0008543571428571539
10381,0.0005944285714286021
10382,0.0006815357142856827
10383,0.000992035714285728
10384,0.0013195714285714137
10385,0.001280357142857166
10386,0.0010000714285714047
10387,0.0006655714285713543
10388,0.0005911071428571851
10389,0.0008367857142857815
10390,0.0012540000000000313
10391,0.0014896071428571998
10392,0.0014300357142857426
10393,0.0012230357142856616
10394,0.0011546785714285945
10395,0.0014065714285714697
10396,0.0018154285714285124
10397,0.0021484285714285433
10398,0.0020759999999999733
10399,0.0015860357142857748
10400,0.0009136071428570805
10401,0.0006441428571428328
10402,0.000816321428571395
10403,0.0011105357142857336
10404,0.0010836428571428668
10405,0.0008244642857142485
10406,0.0005118214285714271
10407,0.0004403571428571443
10408,0.000706499999999975
10409,0.0010956428571428692
10410,0.0013183928571429248
10411,0.0012383571428570812
10412,0.0009482142857142455
10413,0.0006766071428570696
10414,0.0007516071428571231
10415,0.0010519285714285637
10416,0.0013610357142857664
10417,0.0013597499999999485
10418,0.001130357142857211
10419,0.0007897500000000589
10420,0.0007308214285713583
10421,0.0009688928571428334
10422,0.001328357142857176
10423,0.0014603571428572033
10424,0.0012782142857142378
10425,0.0009282857142857433
10426,0.0007386428571428333
10427,0.0009106071428571941
10428,0.0012425357142857609
10429,0.0014930357142856415
10430,0.0014138571428572127
10431,0.001119321428571496
10432,0.0008073214285714312
10433,0.0008426785714285297
10434,0.001138607142857089
10435,0.0014702142857142774
10436,0.001516821428571445
10437,0.0012951428571428534
10438,0.0009677142857143447
10439,0.0008377500000000688
10440,0.0010248214285714953
10441,0.001406249999999939
10442,0.0016076785714284978
10443,0.0014746071428571586
10444,0.001174500000000072
10445,0.0009309642857142515
10446,0.0010336071428571055
10447,0.001342821428571485
10448,0.0016313571428571245
10449,0.0016101428571428044
10450,0.0013617857142857
10451,0.0010102500000000094
10452,0.0009448928571428285
10453,0.001190464285714248
10454,0.0015617142857142394
10455,0.0016881428571428967
10456,0.0015253928571428536
10457,0.0011886428571428504
10458,0.0009813214285713911
10459,0.0011048571428571867
10460,0.0014122500000000166
10461,0.0016435714285714807
10462,0.0015482142857142175
10463,0.0012437142857142497
10464,0.000929571428571409
10465,0.0009621428571428226
10466,0.0012070714285714855
10467,0.0015122142857142101
10468,0.001558071428571444
10469,0.0013197857142857674
10470,0.0009331071428571797
10471,0.0007825714285714928
10472,0.000951428571428638
10473,0.001298250000000069
10474,0.001516071428571359
10475,0.0013732499999999704
10476,0.0010085357142857886
10477,0.0007369285714286125
10478,0.0008151428571429063
10479,0.0011077500000000486
10480,0.0013816071428571775
10481,0.0013280357142856454
10482,0.001053964285714315
10483,0.0007112142857142345
10484,0.0006788571428571747
10485,0.0009444642857142733
10486,0.0012922499999999915
10487,0.001384071428571484
10488,0.0011861785714285438
10489,0.0008343214285714749
10490,0.0006430714285713687
10491,0.0007983214285714674
10492,0.001121357142857095
10493,0.0013644642857143603
10494,0.0012727500000000447
10495,0.0009796071428571703
10496,0.0006829285714285252
10497,0.000706499999999975
10498,0.0009650357142856844
10499,0.0013142142857142452
10500,0.0013866428571428153
10501,0.001145892857142832
10502,0.000776250000000037
10503,0.0006689999999999482
10504,0.0008691428571428413
10505,0.0012038571428570931
10506,0.0013871785714285475
10507,0.0012295714285714711
10508,0.000912857142857147
10509,0.0006792857142857299
10510,0.0007705714285714903
10511,0.00106735714285716
10512,0.0013831071428571967
10513,0.0013624285714286088
10514,0.0010832142857143115
10515,0.0007465714285714853
10516,0.0007153928571429142
10517,0.0009380357142856408
10518,0.001267071428571498
10519,0.001386964285714346
10520,0.0011934642857142868
10521,0.0008468571428572095
10522,0.0006622499999999373
10523,0.0008013214285713539
10524,0.0011321785714286088
10525,0.0013782857142857605
10526,0.0012953571428572072
10527,0.0010055357142857498
10528,0.0007112142857142345
10529,0.0007557857142856505
10530,0.001009821428571454
10531,0.0013187142857143033
10532,0.001360607142857211
10533,0.0011519999999999341
10534,0.0008111785714285803
10535,0.0006917142857142876
10536,0.0009038571428571832
10537,0.001227857142857098
10538,0.0014017500000000334
10539,0.001290428571428594
10540,0.0009436071428571629
10541,0.0007002857142856962
10542,0.0007933928571428543
10543,0.0010727142857143285
10544,0.0013547142857143106
10545,0.0013129285714285797
10546,0.0010157142857143548
10547,0.0006584999999999651
10548,0.0006325714285713856
10549,0.0008703214285714824
10550,0.0011853214285714334
10551,0.0012622500000000615
10552,0.0010569642857143537
10553,0.0006920357142856659
10554,0.0004960714285714525
10555,0.0006307499999999879
10556,0.0009605357142857786
10557,0.0012236785714285707
10558,0.0011357142857142274
10559,0.0008156785714286384
10560,0.0005031428571428417
10561,0.0005212499999999461
10562,0.0007938214285714095
10563,0.0011167500000000125
10564,0.0011446071428571664
10565,0.0009343928571428453
10566,0.0006189642857143391
10567,0.0005781428571428953
10568,0.0008725714285714352
10569,0.0013368214285714077
10570,0.0016613571428572068
10571,0.001685250000000035
10572,0.001510714285714343
10573,0.0013267499999999796
10574,0.0014525357142857282
10575,0.0016837500000000155
10576,0.001668428571428596
10577,0.0012679285714286084
10578,0.0007546071428571618
10579,0.0003632142857143147
10580,0.0003367500000000031
10581,0.0005285357142856892
10582,0.0008724642857142583
10583,0.0009923571428571063
10584,0.0008626071428571841
10585,0.0005921785714284969
10586,0.000443357142857183
10587,0.0005900357142857209
10588,0.0009526071428571267
10589,0.0011927142857143533
10590,0.0011351785714286474
10591,0.0008877857142856779
10592,0.0005962499999999998
10593,0.0006173571428571429
10594,0.0008896071428570756
10595,0.0011602499999999643
10596,0.0011471785714284976
10597,0.0009399642857142153
10598,0.000573857142857191
10599,0.00041592857142858417
10600,0.0006842142857143431
10601,0.0011066785714285844
10602,0.0012690000000000724
10603,0.0011199642857142526
10604,0.0007738928571429073
10605,0.0005212499999999461
10606,0.000644035714285656
10607,0.0009562500000000743
10608,0.0012372857142857693
10609,0.0011980714285713694
10610,0.0009495000000000634
10611,0.0005701071428572188
10612,0.00044785714285708875
10613,0.0006630000000000231
10614,0.0010930714285713858
10615,0.0012503571428570837
10616,0.0011042142857142778
10617,0.000753857142857076
10618,0.0004627499999999531
10619,0.0005238214285714297
10620,0.0009632142857142866
10621,0.0014266071428571487
10622,0.001561500000000038
10623,0.0012304285714285815
10624,0.0005873571428572129
10625,0.00030342857142850375
10626,0.0006235714285714218
10627,0.0013153928571428863
10628,0.001684499999999949
10629,0.0015224999999999917
10630,0.0009124285714285918
10631,0.0003715714285713696
10632,0.00037982142857139985
10633,0.0009506785714285521
10634,0.0015689999999999823
10635,0.0017188928571429127
10636,0.001195071428571483
10637,0.0005044285714285073
10638,0.0002656071428570986
10639,0.0006219642857142255
10640,0.0013097142857143394
10641,0.0017015357142857418
10642,0.0014093571428571547
10643,0.0006508928571428437
10644,0.00020260714285719978
10645,0.0003815357142857729
10646,0.0010269642857142713
10647,0.0015371785714285023
10648,0.0015456428571428862
10649,0.0009267857142857241
10650,0.00028371428571435535
10651,0.00014635714285715957
10652,0.000657964285714233
10653,0.0012382500000000566
10654,0.0013566428571428852
10655,0.0010167857142856665
10656,0.000367500000000019
10657,9.321428571494397e-06
10658,0.0002388214285714087
10659,0.0008180357142857682
10660,0.0012038571428570931
10661,0.001119750000000051
10662,0.0004816071428571433
10663,3.353571428570084e-05
10664,7.253571428574697e-05
10665,0.0006199285714286264
10666,0.0011302500000000342
10667,0.0011595000000000307
10668,0.000771214285714247
10669,0.00016607142857146025
10670,-3.857142857141481e-05
10671,0.00028821428571426113
10672,0.0009215357142857325
10673,0.0012429642857143162
10674,0.000978642857142883
10675,0.00029860714285706737
10676,-0.0001307142857142856
10677,-2.903571428571894e-05
10678,0.0005835000000000638
10679,0.0011341071428571834
10680,0.0011924999999999995
10681,0.0005690357142857546
10682,-3.32142857143225e-05
10683,-5.817857142853861e-05
10684,0.0003598928571428977
10685,0.0009375000000000609
10686,0.0011377499999999786
10687,0.0007310357142857121
10688,3.5357142857707554e-06
10689,-0.00029807142857141145
10690,5.6785714285772266e-05
10691,0.0007317857142856456
10692,0.0010987499999999325
10693,0.0009565714285714527
10694,0.00029903571428577485
10695,-0.0002451428571428644
10696,-0.00022103571428568256
10697,0.0003816428571427975
10698,0.001009821428571454
10699,0.001115892857142902
10700,0.0006589285714285203
10701,-1.7464285714271656e-05
10702,-0.0002035714285714109
10703,0.000148392857142911
10704,0.0007645714285714129
10705,0.001127999999999929
10706,0.0007744285714286394
10707,0.00011217857142854979
10708,-0.0001961785714285672
10709,-7.189285714283804e-05
10710,0.0005006785714285351
10711,0.0010272857142856497
10712,0.0009766071428571317
10713,0.00044978571428566335
10714,-9.482142857145501e-05
10715,-0.00014196428571427842
10716,0.00037971428571422297
10717,0.0009526071428571267
10718,0.0011171785714285676
10719,0.0007051071428571325
10720,0.00011078571428570731
10721,-0.0001831071428571767
10722,5.539285714292979e-05
10723,0.0006811071428571275
10724,0.001098642857142908
10725,0.000938999999999928
10726,0.0003066428571428962
10727,-0.0001803214285714156
10728,-0.0002149285714285806
10729,0.0002593928571428198
10730,0.0007358571428571484
10731,0.0007843928571428904
10732,0.0003811071428572177
10733,-0.00011967857142857038
10734,-0.0002458928571428741
10735,7.457142857149839e-05
10736,0.0006444642857142112
10737,0.0009051428571428488
10738,0.0006817500000000365
10739,3.6000000000007455e-05
10740,-0.00038914285714289424
10741,-0.0002543571428571058
10742,0.00039546428571434996
10743,0.0007517142857143
10744,0.0006386785714286398
10745,0.00014089285714281426
10746,-0.00027032142857143427
10747,-0.0001961785714285672
10748,0.0004216071428571309
10749,0.0012180000000000238
10750,0.0014763214285713794
10751,0.0011368928571428682
10752,0.0006369642857142668
10753,0.000456750000000028
10754,0.000608464285714356
10755,0.0009251785714285278
10756,0.0009096428571429069
10757,0.000537535714285653
10758,-0.00015717857142859718
10759,-0.0007509642857142903
10760,-0.0007330714285714634
10761,-6.792857142858821e-05
10762,0.0005370000000000731
10763,0.0006130714285714386
10764,0.00019189285714286288
10765,-0.00037960714285712225
10766,-0.0005037857142857506
10767,-6.514285714282713e-05
10768,0.0006327857142857392
10769,0.0009931071428571922
10770,0.0007326428571429082
10771,5.1107142857073234e-05
10772,-0.0003558214285713949
10773,-0.00012932142857144312
10774,0.0005464285714285921
10775,0.0010585714285713977
10776,0.0010197857142857053
10777,0.00044282142857145093
10778,-5.5821428571408864e-05
10779,-5.0571428571417295e-05
10780,0.00045514285714283177
10781,0.000873749999999924
10782,0.0008310000000000579
10783,0.0005410714285714237
10784,0.00021685714285715513
10785,0.00018782142857136006
10786,0.0005381785714285619
10787,0.0009523928571429253
10788,0.0009972857142857196
10789,0.0007459285714285763
10790,0.000374785714285762
10791,0.00025853571428570936
10792,0.00047303571428573474
10793,0.0009084642857142658
10794,0.00113474999999994
10795,0.001018714285714241
10796,0.0006717857142857854
10797,0.0004114285714285261
10798,0.0005205000000000126
10799,0.0008597142857143223
10800,0.0011639999999999366
10801,0.0011049642857142114
10802,0.0007894285714285283
10803,0.00043960714285721077
10804,0.00041410714285718646
10805,0.0006567857142857443
10806,0.001012714285714316
10807,0.0011281071428571059
10808,0.0009369642857143288
10809,0.0005447142857142191
10810,0.00039396428571433057
10811,0.000589928571428544
10812,0.0009583928571428504
10813,0.0011887500000000272
10814,0.0010639285714285661
10815,0.0007327499999999329
10816,0.00043253571428566925
10817,0.00038314285714281685
10818,0.0006520714285714848
10819,0.0009904285714285319
10820,0.001023857142857208
10821,0.0008146071428571743
10822,0.00043939285714285705
10823,0.0003223928571428709
10824,0.0004915714285713944
10825,0.0008636785714284961
10826,0.0010966071428571565
10827,0.0009158571428571857
10828,0.0005066785714286124
10829,0.0001909285714285756
10830,0.0002659285714286292
10831,0.0006364285714285347
10832,0.0009612857142857122
10833,0.0009068571428570697
10834,0.0005990357142856847
10835,0.00026410714285707927
10836,0.00024278571428573465
10837,0.0005336785714285039
10838,0.0009111428571429262
10839,0.0009048214285714705
10840,0.0006674999999999289
10841,0.00030321428571430226
10842,0.00013928571428577032
10843,0.00028253571428571433
10844,0.0006381428571429077
10845,0.0009124285714285918
10846,0.0008276785714286408
10847,0.0005131071428570928
10848,0.00019649999999994552
10849,0.0002616428571429249
10850,0.0005294999999999764
10851,0.0008138571428570884
10852,0.0008712857142857696
10853,0.0006590357142856972
10854,0.0002896071428571036
10855,0.0001892142857143548
10856,0.0004269642857142994
10857,0.0008184642857143234
10858,0.0009709285714285849
10859,0.0008036785714286359
10860,0.0004311428571428268
10861,0.00017689285714282173
10862,0.00025832142857135565
10863,0.0006184285714286071
10864,0.0009551785714286102
10865,0.0008990357142857468
10866,0.0006041785714284994
10867,0.0002602499999999302
10868,0.00024921428571421497
10869,0.0005014285714286208
10870,0.0008306785714285273
10871,0.0009006428571427908
10872,0.0006822857142857686
10873,0.00027739285714289963
10874,0.00012953571428572073
10875,0.00039492857142861787
10876,0.0007895357142857051
10877,0.0009549642857142565
10878,0.0008237142857143149
10879,0.0005110714285714936
10880,0.0002114999999999867
10881,0.00023689285714283413
10882,0.0005472857142857025
10883,0.0008939999999999568
10884,0.000933428571428558
10885,0.0006876428571427847
10886,0.00028285714285709266
10887,0.0001910357142857525
10888,0.0004817142857143202
10889,0.0009002142857142356
10890,0.0010442142857142653
10891,0.0008508214285713832
10892,0.00045771428571431523
10893,0.00021460714285720226
10894,0.0003347142857142517
10895,0.0007315714285714442
10896,0.001101321428571416
10897,0.0010901785714285239
10898,0.0007870714285713985
10899,0.00036921428571423984
10900,0.00028853571428563945
10901,0.0005667857142856495
10902,0.0009746785714285571
10903,0.0010887857142856815
10904,0.0008353928571427868
10905,0.00043296428571422445
10906,0.00023207142857139778
10907,0.0003214285714285836
10908,0.0006657857142857081
10909,0.0009360000000000416
10910,0.0008483571428570765
10911,0.0005287500000000429
10912,0.00021417857142864706
10913,0.00019521428571427993
10914,0.0005139642857143555
10915,0.0009204642857142683
10916,0.000984214285714253
10917,0.0007178571428570685
10918,0.00031403571428566376
10919,0.0001607142857142918
10920,0.0003214285714285836
10921,0.0006695357142856803
10922,0.0008546785714285323
10923,0.0007388571428571871
10924,0.0004372499999999288
10925,0.0003806785714285102
10926,0.0006356785714286011
10927,0.0011568214285713704
10928,0.0016568571428571487
10929,0.001729821428571451
10930,0.0014674285714285926
10931,0.001159928571428586
10932,0.0010928571428571842
10933,0.0011034642857143443
10934,0.0010807500000000049
10935,0.0008953928571427992
10936,0.0005539285714285366
10937,-6.85714285711165e-06
10938,-0.00030439285714286716
10939,-0.00018267857142854535
10940,0.0002740714285714826
10941,0.0007157142857142925
10942,0.0006488571428570923
10943,0.0002331428571428619
10944,-4.971428571430689e-05
10945,0.0001329642857143146
10946,0.0005908928571428313
10947,0.0009648214285714829
10948,0.0010044642857142856
10949,0.0006982499999999448
10950,0.000205178571428531
10951,4.939285714285242e-05
10952,0.00021964285714284009
10953,0.0006142499999999274
10954,0.000853714285714245
10955,0.0006933214285714837
10956,0.00024749999999999414
10957,-5.132142857142696e-05
10958,6.13928571428549e-05
10959,0.00044271428571427405
10960,0.0008404285714285769
10961,0.0008245714285714253
10962,0.00044914285714290665
10963,3.5035714285720184e-05
10964,-2.7964285714254798e-05
10965,0.00031810714285716656
10966,0.0008841428571428826
10967,0.001110749999999935
10968,0.0008802857142857334
10969,0.00036000000000007456
10970,9.846428571432649e-05
10971,0.0003410357142857074
10972,0.0008834999999999736
10973,0.0012403928571428325
10974,0.0011275714285713739
10975,0.000655178571428548
10976,0.0002311071428571105
10977,0.0002694642857142477
10978,0.0007194642857142648
10979,0.0012316071428570704
10980,0.0013029642857143285
10981,0.0010331785714285501
10982,0.0006197142857142727
10983,0.0005101071428572063
10984,0.0007256785714285436
10985,0.0011103214285713798
10986,0.0012620357142857077
10987,0.0011110714285714656
10988,0.000716464285714226
10989,0.0004878214285714222
10990,0.0005718214285714395
10991,0.0009260357142856382
10992,0.0013574999999999956
10993,0.0013382142857142501
10994,0.0009058928571427824
10995,0.0004936071428571458
10996,0.00041367857142863125
10997,0.0007036071428571132
10998,0.0010817142857142922
10999,0.0011890714285714057
11000,0.0009461785714286464
11001,0.0005386071428571171
11002,0.00031799999999998973
11003,0.00036900000000003835
11004,0.0007718571428571558
11005,0.0010311428571427989
11006,0.0008585357142856814
11007,0.00047464285714293096
11008,8.764285714281275e-05
11009,-3.8357142857137204e-05
11010,0.00025339285714289465
11011,0.0010024285714285344
11012,0.001658464285714345
11013,0.0015937500000000732
11014,0.0006975000000000113
11015,-0.0002231785714285347
11016,-0.0003665357142857317
11017,0.00034264285714290363
11018,0.0010733571428570851
11019,0.0012573214285714483
11020,0.0006883928571428706
11021,-0.00018117857142860216
11022,-0.0006293571428571454
11023,-0.00022199999999996983
11024,0.0006587142857143188
11025,0.00113474999999994
11026,0.0009343928571428453
11027,0.00012449999999993063
11028,-0.0005266071428571146
11029,-0.0005008928571428889
11030,0.00018878571428564733
11031,0.0008991428571429237
11032,0.0009499285714286186
11033,0.000296142857142913
11034,-0.0004414285714286085
11035,-0.0005939999999999707
11036,-1.950000000002307e-05
11037,0.0007391785714285654
11038,0.0010272857142856497
11039,0.0005227499999999655
11040,-0.0002502857142856791
11041,-0.0006546428571428921
11042,-0.00035914285714288804
11043,0.00040221428571436083
11044,0.0009319285714285388
11045,0.0008198571428571658
11046,6.160714285720863e-05
11047,-0.0005919642857142955
11048,-0.0005914285714285634
11049,8.314285714290698e-05
11050,0.0007858928571429098
11051,0.0009431785714286077
11052,0.0003859285714285018
11053,-0.00038699999999996593
11054,-0.0007369285714285364
11055,-0.0003669642857142869
11056,0.0004331785714285782
11057,0.0009030000000000728
11058,0.0006282857142856813
11059,-0.00012910714285716552
11060,-0.0005814642857143123
11061,-0.0004403571428571443
11062,0.00023217857142857464
11063,0.0009028928571428959
11064,0.0008890714285714957
11065,7.682142857145128e-05
11066,-0.0005919642857142955
11067,-0.0005837142857142652
11068,8.239285714282119e-05
11069,0.0007221428571429252
11070,0.000970285714285676
11071,0.0005298214285713547
11072,-0.0002523214285714305
11073,-0.0006017142857142689
11074,-0.00033085714285717877
11075,0.0004745357142857541
11076,0.00102675000000007
11077,0.0008180357142857682
11078,-1.1142857142892077e-05
11079,-0.000581035714285681
11080,-0.0005638928571428638
11081,-3.225000000003523e-05
11082,0.0005447142857142191
11083,0.0006193928571428943
11084,5.078571428569489e-05
11085,-0.0006670714285714498
11086,-0.000882214285714308
11087,-0.00035378571428571956
11088,0.00030792857142856176
11089,0.00043800000000001455
11090,2.1750000000052086e-05
11091,-0.0006271071428571163
11092,-0.0009995357142857486
11093,-0.0008142857142857198
11094,-0.00023764285714284383
11095,0.00014260714285718734
11096,-2.2285714285708025e-05
11097,-0.0006205714285714592
11098,-0.0010602857142856946
11099,-0.001046678571428572
11100,-0.0005300357142857085
11101,7.242857142857012e-05
11102,0.00024160714285709366
11103,-0.00011442857142857881
11104,-0.0005499642857142868
11105,-0.0006110357142856872
11106,-0.00015139285714287353
11107,0.0005421428571428878
11108,0.0008289642857143064
11109,0.0004630714285714837
11110,-0.0004452857142856814
11111,-0.0012370714285714155
11112,-0.0013488214285714102
11113,-0.000842035714285697
11114,-0.0004313571428571805
11115,-0.0005494285714285547
11116,-0.0011707500000000236
11117,-0.001647321428571453
11118,-0.0015851785714285883
11119,-0.001086321428571451
11120,-0.0004805357142856792
11121,-0.00024021428571425118
11122,-0.0006101785714285768
11123,-0.0012496071428571502
11124,-0.0014422500000000227
11125,-0.0010987500000000086
11126,-0.0004222499999999637
11127,-0.00012921428571426624
11128,-0.0003169285714286017
11129,-0.0009553928571428878
11130,-0.0013632857142857192
11131,-0.0011829642857143037
11132,-0.0005972142857142871
11133,-0.00019939285714288348
11134,-0.0002426785714285578
11135,-0.0006321428571428304
11136,-0.0010055357142857498
11137,-0.0009198214285714355
11138,-0.0005008928571428889
11139,-6.417857142853986e-05
11140,-2.710714285714439e-05
11141,-0.00037382142857139857
11142,-0.0007008214285714283
11143,-0.0006132857142857162
11144,-0.0003428571428571051
11145,-0.00012396428571427468
11146,-2.6785714285689924e-05
11147,-0.00021053571428569944
11148,-0.0005932500000000372
11149,-0.0007361785714286029
11150,-0.0005043214285714066
11151,-0.00011228571428572666
11152,0.00016564285714290504
11153,0.00020474999999997578
11154,-4.1785714285731095e-05
11155,-0.0003159642857143144
11156,-0.0002445000000000316
11157,6.042857142856763e-05
11158,0.0003448928571428565
11159,0.0003961071428571066
11160,0.00016446428571426403
11161,-0.00018321428571427744
11162,-0.0002636785714286002
11163,-2.528571428574671e-05
11164,0.00033953571428568807
11165,0.0004783928571429032
11166,0.00040875000000001804
11167,0.00010585714285709409
11168,-0.00019114285714285322
11169,-8.882142857145377e-05
11170,0.00024160714285709366
11171,0.0005337857142856807
11172,0.000505821428571502
11173,0.00021878571428572967
11174,-0.00015707142857142032
11175,-0.00015171428571425188
11176,0.0001731428571428495
11177,0.0005038928571429275
11178,0.0006087857142857343
11179,0.0003826071428570848
11180,-2.1964285714253558e-05
11181,-0.00016349999999997676
11182,1.3392857142844962e-05
11183,0.00033964285714286496
11184,0.0006047142857142315
11185,0.0004929642857142369
11186,0.0001428214285713888
11187,-0.0001727142857142943
11188,-8.496428571430467e-05
11189,0.00024203571428564884
11190,0.0005201785714286343
11191,0.00048450000000000516
11192,0.0002353928571428148
11193,-6.535714285718086e-05
11194,-0.00013917857142859346
11195,8.153571428571078e-05
11196,0.00044057142857149807
11197,0.0005856428571428397
11198,0.00039878571428576695
11199,6.65357142856696e-05
11200,-7.714285714282961e-05
11201,7.62857142857192e-05
11202,0.0003096428571427826
11203,0.0006482142857143357
11204,0.0006266785714286374
11205,0.0002946428571428937
11206,-3.8892857142869275e-05
11207,-6.814285714286581e-05
11208,0.00018739285714280488
11209,0.0006054642857143173
11210,0.0007136785714285411
11211,0.0004407857142856995
11212,3.225000000003523e-05
11213,-0.00012857142857143345
11214,0.00011442857142850268
11215,0.0004927500000000355
11216,0.0006725357142857189
11217,0.000596035714285646
11218,0.00031853571428572177
11219,8.464285714231729e-06
11220,-6.000000000001243e-06
11221,0.00022939285714288968
11222,0.0005822142857142458
11223,0.000610607142857132
11224,0.00036396428571424825
11225,-1.5642857142873978e-05
11226,-9.857142857142724e-05
11227,0.00013082142857138632
11228,0.00047432142857140036
11229,0.0006116785714285961
11230,0.00043939285714285705
11231,0.0001283571428570797
11232,-6.257142857141978e-05
11233,7.414285714279093e-05
11234,0.0004220357142856861
11235,0.0006744642857142935
11236,0.000614571428571458
11237,0.00031392857142863915
11238,-4.982142857140762e-05
11239,-2.5392857142847446e-05
11240,0.00035282142857135615
11241,0.0006860357142857408
11242,0.0007355357142857701
11243,0.0005224285714285872
11244,0.00015932142857144933
11245,3.685714285711786e-05
11246,0.00027385714285712887
11247,0.0006735000000000062
11248,0.000951428571428638
11249,0.0008216785714285635
11250,0.00042889285714287393
11251,0.00016489285714281924
11252,0.0002545714285713834
11253,0.0005378571428571835
11254,0.00086710714285709
11255,0.0008467500000000326
11256,0.0005626071428571221
11257,0.0002203928571429259
11258,0.00016660714285719232
11259,0.000366321428571378
11260,0.0007237499999999691
11261,0.0008133214285713563
11262,0.0006107142857143088
11263,0.0003167142857143241
11264,0.00017100000000007346
11265,0.0003073928571428297
11266,0.0005619642857142131
11267,0.0007752857142857498
11268,0.0007089642857142816
11269,0.0003812142857142423
11270,2.9999999999930083e-05
11271,9.107142857140664e-05
11272,0.000491357142857193
11273,0.0008361428571428726
11274,0.000980249999999927
11275,0.0009346071428571991
11276,0.0007511785714285679
11277,0.0007156071428571157
11278,0.0009376071428570856
11279,0.0013225714285714522
11280,0.001463785714285645
11281,0.0010700357142856682
11282,0.0003805714285714856
11283,-0.00014689285714289163
11284,-4.607142857143539e-05
11285,0.0002652857142857203
11286,0.0004655357142857903
11287,0.0004260000000000121
11288,0.00023785714285712143
11289,-5.410714285711192e-05
11290,-8.078571428570111e-05
11291,0.000205178571428531
11292,0.0006354642857142474
11293,0.0008542499999999771
11294,0.0006796071428571082
11295,0.0003155357142856831
11296,0.00010671428571435675
11297,0.00023185714285719631
11298,0.0005589642857143267
11299,0.000868178571428554
11300,0.0008234999999999612
11301,0.0005315357142857279
11302,0.00021010714285714423
11303,0.0002209285714285057
11304,0.0004901785714285519
11305,0.0008218928571429173
11306,0.0008808214285714655
11307,0.0006774642857143322
11308,0.00036771428571422045
11309,0.00025350000000007154
11310,0.00044399999999993967
11311,0.0007622142857142832
11312,0.0009511071428571073
11313,0.0008244642857142485
11314,0.0005081785714286318
11315,0.0003049285714285231
11316,0.0003763928571428059
11317,0.0006692142857143019
11318,0.0010261071428571608
11319,0.0010162499999999345
11320,0.0007378928571428998
11321,0.000387535714285698
11322,0.00032871428571432657
11323,0.0005858571428571935
11324,0.0009618214285714442
11325,0.0011202857142857832
11326,0.000902785714285719
11327,0.0005657142857143376
11328,0.0004780714285713726
11329,0.0006565714285713905
11330,0.0009592499999999608
11331,0.0011715000000000332
11332,0.0010583571428571961
11333,0.0007557857142856505
11334,0.0004939285714285242
11335,0.0005288571428570675
11336,0.0007807499999999428
11337,0.001082999999999958
11338,0.001101214285714239
11339,0.000892821428571468
11340,0.0005403214285714901
11341,0.0004301785714285395
11342,0.0006427499999999903
11343,0.0009790714285714383
11344,0.0011500714285713595
11345,0.00100317857142862
11346,0.0006828214285715007
11347,0.0004237500000000592
11348,0.00048717857142851323
11349,0.0008283214285713976
11350,0.0010970357142857116
11351,0.000986999999999938
11352,0.0007052142857143094
11353,0.0003512142857143122
11354,0.00032217857142851714
11355,0.000563250000000031
11356,0.0008748214285713881
11357,0.000974785714285734
11358,0.0007897500000000589
11359,0.00043982142857141226
11360,0.00024171428571427052
11361,0.0003671785714286407
11362,0.0006802500000000171
11363,0.0009046071428571167
11364,0.0008005714285714204
11365,0.0004927500000000355
11366,0.0001774285714285538
11367,0.00018857142857144586
11368,0.0004702500000000498
11369,0.000819749999999989
11370,0.0008856428571429019
11371,0.0006867857142856743
11372,0.00037296428571421204
11373,0.00022392857142854438
11374,0.00040885714285719487
11375,0.0007567499999999378
11376,0.0009036428571428294
11377,0.0007751785714285729
11378,0.00047014285714287295
11379,0.00021010714285714423
11380,0.0003112499999999788
11381,0.0006103928571429305
11382,0.0008806071428571118
11383,0.0008672142857142669
11384,0.0005904642857142761
11385,0.00022928571428571282
11386,0.00021096428571425462
11387,0.0004518214285714147
11388,0.0008405357142857538
11389,0.0009939642857143027
11390,0.000783000000000048
11391,0.00038485714285718995
11392,0.00015492857142856818
11393,0.0002924999999999654
11394,0.0006605357142857165
11395,0.0009489642857143314
11396,0.0008262857142856461
11397,0.000460071428571445
11398,0.00022060714285712736
11399,0.00029764285714293235
11400,0.0005717142857142628
11401,0.0009109285714285725
11402,0.0009228214285713981
11403,0.0006867857142856743
11404,0.0003460714285714975
11405,0.0002742857142856841
11406,0.00046885714285720733
11407,0.0008048571428571246
11408,0.0009644999999999523
11409,0.0008164285714285719
11410,0.0005277857142857556
11411,0.000305571428571432
11412,0.0004166785714285177
11413,0.0007020000000000692
11414,0.0009868928571429134
11415,0.0009715714285714938
11416,0.0006961071428571688
11417,0.0004194642857143549
11418,0.0003722142857142785
11419,0.0005956071428570908
11420,0.0009866785714285596
11421,0.0010876071428571926
11422,0.0008847857142856392
11423,0.0004999285714286016
11424,0.0003011785714285509
11425,0.00037960714285719836
11426,0.0007045714285714005
11427,0.0009475714285714889
11428,0.0007820357142857607
11429,0.000432750000000023
11430,0.00017325000000002636
11431,0.0002528571428571626
11432,0.0005552142857143545
11433,0.0008663571428571564
11434,0.0008758928571428523
11435,0.0006759642857143128
11436,0.0003338571428571413
11437,0.0002182499999999976
11438,0.0004364999999999952
11439,0.0007895357142857051
11440,0.0009565714285714527
11441,0.0008139642857142653
11442,0.00048428571428565145
11443,0.00026324999999996886
11444,0.0005093571428571206
11445,0.0009739285714286236
11446,0.001389750000000031
11447,0.0014384999999999743
11448,0.0014077499999999585
11449,0.001230107142857203
11450,0.0011757857142857375
11451,0.001245642857142824
11452,0.0012849642857142487
11453,0.0010340357142856606
11454,0.0005603571428571692
11455,0.00011442857142850268
11456,-3.4285714285938897e-06
11457,0.00010060714285710251
11458,0.00038849999999998527
11459,0.0006640714285714872
11460,0.0006849642857142767
11461,0.0004612499999999337
11462,0.00014228571428565674
11463,0.00016264285714286635
11464,0.000514714285714289
11465,0.0008680714285713773
11466,0.0009966428571428106
11467,0.0007468928571428636
11468,0.00034339285714283716
11469,0.00019178571428568603
11470,0.00041249999999999024
11471,0.0008562857142857285
11472,0.0010648928571428534
11473,0.0009023571428571638
11474,0.0005332499999999487
11475,0.00032464285714282377
11476,0.00045857142857142565
11477,0.0007955357142857825
11478,0.001073999999999994
11479,0.0009893571428570677
11480,0.0007406785714285848
11481,0.0004378928571428377
11482,0.0004108928571427941
11483,0.0006209999999999382
11484,0.0009531428571428588
11485,0.001012714285714316
11486,0.0008389285714285575
11487,0.0005202857142856589
11488,0.0002979642857143107
11489,0.00045889285714280397
11490,0.000800250000000042
11491,0.0009542142857143229
11492,0.0008531785714285129
11493,0.0006144642857142811
11494,0.00035817857142852463
11495,0.0003860357142856787
11496,0.000621857142857201
11497,0.0010144285714285368
11498,0.0010510714285714533
11499,0.0008710714285714159
11500,0.0005598214285714371
11501,0.00037457142857140826
11502,0.0005704285714285971
11503,0.0009154285714286305
11504,0.0011260714285713546
11505,0.0010669285714286047
11506,0.0007328571428571098
